<?xml version="1.0" encoding="UTF-8" standalone="no"?>
<Entities build="b2319" majorVersion="8" minorVersion="4"
	modelPersistenceProviderPackage="MssqlPersistenceProviderPackage"
	revision="4" schemaVersion="1041" universal="">
	<Things>
		<Thing aspect.isSystemObject="false"
			description="Value Stream for KBRailDivisionThing"
			documentationContent="" effectiveThingPackage="ValueStreamThing"
			enabled="true" homeMashup="" identifier=""
			lastModifiedDate="2020-06-22T07:48:13.755+02:00"
			name="KBRailDivisionValueStream" projectName="KBsmartKPI"
			published="false"
			tags="KBThingWorxAdministrationVocabulary:Administrated"
			thingTemplate="ValueStream" valueStream="">
			<Owner name="adm-flassakm" type="User" />
			<avatar />
			<DesignTimePermissions>
				<Create />
				<Read />
				<Update />
				<Delete />
				<Metadata />
			</DesignTimePermissions>
			<RunTimePermissions />
			<VisibilityPermissions>
				<Visibility />
			</VisibilityPermissions>
			<ConfigurationTableDefinitions />
			<ConfigurationTables>
				<ConfigurationTable
					description="Data Thing Configuration" isMultiRow="false"
					name="DataThingSettings" ordinal="0">
					<DataShape>
						<FieldDefinitions>
							<FieldDefinition baseType="STRING"
								description="Persistence Provider Name"
								name="persistenceProvider" ordinal="0" />
						</FieldDefinitions>
					</DataShape>
					<Rows>
						<Row>
							<persistenceProvider><![CDATA[ThingworxPersistenceProvider]]></persistenceProvider>
						</Row>
					</Rows>
				</ConfigurationTable>
				<ConfigurationTable
					description="Configurable options to tune Value Stream performance"
					isMultiRow="false" name="PersistenceProviderCustomSettings"
					ordinal="2">
					<DataShape>
						<FieldDefinitions>
							<FieldDefinition
								aspect.friendlyName="Persistence Provider Custom Settings Table"
								baseType="INFOTABLE"
								description="Persistence Provider Custom Config Table"
								name="customConfigTable" ordinal="0" />
						</FieldDefinitions>
					</DataShape>
					<Rows>
						<Row>
							<customConfigTable>
								<infoTable>
									<DataShape>
										<FieldDefinitions />
									</DataShape>
									<Rows />
								</infoTable>
							</customConfigTable>
						</Row>
					</Rows>
				</ConfigurationTable>
			</ConfigurationTables>
			<ThingShape>
				<PropertyDefinitions />
				<ServiceDefinitions />
				<EventDefinitions />
				<ServiceMappings />
				<ServiceImplementations />
				<Subscriptions />
			</ThingShape>
			<PropertyBindings />
			<RemotePropertyBindings />
			<RemoteServiceBindings />
			<RemoteEventBindings />
			<AlertConfigurations />
			<ImplementedShapes />
			<ThingProperties />
			<ConfigurationChanges>
			</ConfigurationChanges>
		</Thing>
	</Things>
</Entities>