<?xml version="1.0" encoding="UTF-8" standalone="no"?>
<Entities build="b243" majorVersion="9" minorVersion="0"
	modelPersistenceProviderPackage="MssqlPersistenceProviderPackage"
	revision="3" schemaVersion="1102" universal="">
	<Things>
		<Thing aspect.isSystemObject="false"
			description="Value Stream for KBKBBEuRegionRegionThing"
			documentationContent="" effectiveThingPackage="ValueStreamThing"
			enabled="true" homeMashup="" identifier=""
			lastModifiedDate="2021-03-30T10:58:00.841+02:00"
			name="KBApRegionValueStream" projectName="KBsmartKPI"
			published="false"
			tags="KBThingWorxAdministrationVocabulary:Administrated"
			thingTemplate="ValueStream" valueStream="">
			<Owner name="adm-flassakm" type="User" />
			<avatar />
			<DesignTimePermissions>
				<Create />
				<Read />
				<Update />
				<Delete />
				<Metadata />
			</DesignTimePermissions>
			<RunTimePermissions />
			<VisibilityPermissions>
				<Visibility />
			</VisibilityPermissions>
			<ConfigurationTableDefinitions />
			<ConfigurationTables>
				<ConfigurationTable
					description="Data Thing Configuration" isMultiRow="false"
					name="DataThingSettings" ordinal="0">
					<DataShape>
						<FieldDefinitions>
							<FieldDefinition baseType="STRING"
								description="Persistence Provider Name"
								name="persistenceProvider" ordinal="0" />
						</FieldDefinitions>
					</DataShape>
					<Rows>
						<Row>
							<persistenceProvider><![CDATA[ThingworxPersistenceProvider]]></persistenceProvider>
						</Row>
					</Rows>
				</ConfigurationTable>
				<ConfigurationTable
					description="Configurable options to tune Value Stream performance"
					isMultiRow="false" name="PersistenceProviderCustomSettings"
					ordinal="2">
					<DataShape>
						<FieldDefinitions>
							<FieldDefinition
								aspect.friendlyName="Persistence Provider Custom Settings Table"
								baseType="INFOTABLE"
								description="Persistence Provider Custom Config Table"
								name="customConfigTable" ordinal="0" />
						</FieldDefinitions>
					</DataShape>
					<Rows>
						<Row>
							<customConfigTable>
								<infoTable>
									<DataShape>
										<FieldDefinitions />
									</DataShape>
									<Rows />
								</infoTable>
							</customConfigTable>
						</Row>
					</Rows>
				</ConfigurationTable>
			</ConfigurationTables>
			<ThingShape>
				<PropertyDefinitions />
				<ServiceDefinitions />
				<EventDefinitions />
				<ServiceMappings />
				<ServiceImplementations />
				<Subscriptions />
			</ThingShape>
			<PropertyBindings />
			<RemotePropertyBindings />
			<RemoteServiceBindings />
			<RemoteEventBindings />
			<AlertConfigurations />
			<ImplementedShapes />
			<ThingProperties />
			<ConfigurationChanges>
				<ConfigurationChange changeAction="CREATE"
					changeReason="Thing KBKBBEuRegionRegionValueStream created programatically"
					timestamp="2021-03-30T10:57:58.699+02:00" user="adm-flassakm" />
				<ConfigurationChange changeAction="MODIFY"
					changeReason="SetTags : [KBThingWorxAdministrationVocabulary:Administrated]"
					timestamp="2021-03-30T10:57:59.623+02:00" user="adm-flassakm" />
				<ConfigurationChange changeAction="MODIFY"
					changeReason="EnableThing"
					timestamp="2021-03-30T10:57:59.685+02:00" user="adm-flassakm" />
				<ConfigurationChange changeAction="MODIFY"
					changeReason="SetProjectName : [KBsmartKPI]"
					timestamp="2021-03-30T10:58:00.841+02:00" user="adm-flassakm" />
			</ConfigurationChanges>
		</Thing>
	</Things>
</Entities>