<?xml version="1.0" encoding="UTF-8" standalone="no"?>
<Entities build="b2319" majorVersion="8" minorVersion="4"
	modelPersistenceProviderPackage="MssqlPersistenceProviderPackage"
	revision="4" schemaVersion="1041" universal="">
	<Things>
		<Thing aspect.isSystemObject="false"
			description="Auto-Created Region" documentationContent=""
			effectiveThingPackage="RemoteThing" enabled="true" homeMashup=""
			identifier="" lastModifiedDate="2021-03-30T10:58:00.920+02:00"
			name="KBUsRegionThing" projectName="KBsmartKPI" published="false"
			tags="KBThingWorxAdministrationVocabulary:Administrated"
			thingTemplate="KBLocalRegionThingTemplate"
			valueStream="KBUsRegionValueStream">
			<Owner name="adm-flassakm" type="User" />
			<avatar />
			<DesignTimePermissions>
				<Create />
				<Read>
					<Principal isPermitted="true" name="KBMesKitHelperUser"
						type="User" />
				</Read>
				<Update />
				<Delete />
				<Metadata />
			</DesignTimePermissions>
			<RunTimePermissions>
				<Permissions resourceName="*">
					<PropertyRead>
						<Principal isPermitted="true" name="KBMesKitHelperUser"
							type="User" />
						<Principal isPermitted="true" name="KBUserGroup"
							type="Group" />
					</PropertyRead>
					<PropertyWrite />
					<ServiceInvoke />
					<EventInvoke />
					<EventSubscribe />
				</Permissions>
			</RunTimePermissions>
			<VisibilityPermissions>
				<Visibility>
					<Principal isPermitted="true" name="KBBackGroundWorker"
						type="Organization" />
					<Principal isPermitted="true" name="KBDevelopment"
						type="Organization" />
					<Principal isPermitted="true" name="KBOrganization"
						type="Organization" />
				</Visibility>
			</VisibilityPermissions>
			<ConfigurationTableDefinitions />
			<ConfigurationTables>
				<ConfigurationTable
					description="Reporting Settings" isMultiRow="false"
					name="ReportingConfiguration" ordinal="0">
					<DataShape>
						<FieldDefinitions>
							<FieldDefinition
								aspect.defaultValue="NotReporting" aspect.isPrimaryKey="true"
								aspect.isReadOnly="false"
								aspect.thingTemplate="ReportingStrategy" baseType="THINGNAME"
								description="Strategy to determine health"
								name="reportingStrategy" ordinal="1" />
						</FieldDefinitions>
					</DataShape>
					<Rows>
						<Row>
							<reportingStrategy><![CDATA[AlwaysOnReporting]]></reportingStrategy>
						</Row>
					</Rows>
				</ConfigurationTable>
			</ConfigurationTables>
			<ThingShape>
				<PropertyDefinitions />
				<ServiceDefinitions />
				<EventDefinitions />
				<ServiceMappings />
				<ServiceImplementations />
				<Subscriptions />
			</ThingShape>
			<PropertyBindings />
			<RemotePropertyBindings />
			<RemoteServiceBindings />
			<RemoteEventBindings />
			<AlertConfigurations />
			<ImplementedShapes>
				<ImplementedShape name="KBLocalRegionSmartKPIShape"
					type="ThingShape" />
			</ImplementedShapes>
			<ThingProperties>
				<FullName>
					<Value><![CDATA[United States Region]]></Value>
					<Timestamp>1970-01-01T01:00:00.000+01:00</Timestamp>
					<Quality>GOOD</Quality>
				</FullName>
				<DisplayName>
					<Value><![CDATA[US]]></Value>
					<Timestamp>2020-01-30T00:00:00.000+02:00</Timestamp>
					<Quality>GOOD</Quality>
				</DisplayName>
			</ThingProperties>
		</Thing>
	</Things>
</Entities>