<?xml version="1.0" encoding="UTF-8"?>
<Entities
 build="b628"
 majorVersion="9"
 minorVersion="0"
 modelPersistenceProviderPackage="MssqlPersistenceProviderPackage"
 revision="10"
 schemaVersion="1109"
 universal="password">
    <Mashups>
        <Mashup
         aspect.isResponsive="false"
         aspect.mashupType="mashup"
         columns="0.0"
         description=""
         documentationContent=""
         homeMashup=""
         lastModifiedDate="2022-01-11T09:18:15.099Z"
         name="KBManualPartDataAdministrationRewritePartNumberConfirmationMashup"
         projectName="KBsmartKPI"
         rows="0.0"
         tags="">
            <avatar></avatar>
            <DesignTimePermissions>
                <Create></Create>
                <Read></Read>
                <Update></Update>
                <Delete></Delete>
                <Metadata></Metadata>
            </DesignTimePermissions>
            <RunTimePermissions>
                <Permissions
                 resourceName="*">
                    <PropertyRead>
                        <Principal
                         isPermitted="true"
                         name="KBManualPartDataAdminUserGroup"
                         type="Group"></Principal>
                        <Principal
                         isPermitted="true"
                         name="KBManualPartDataAdminUserGroup_V1"
                         type="Group"></Principal>
                    </PropertyRead>
                    <PropertyWrite>
                        <Principal
                         isPermitted="true"
                         name="KBManualPartDataAdminUserGroup"
                         type="Group"></Principal>
                        <Principal
                         isPermitted="true"
                         name="KBManualPartDataAdminUserGroup_V1"
                         type="Group"></Principal>
                    </PropertyWrite>
                    <ServiceInvoke>
                        <Principal
                         isPermitted="true"
                         name="KBManualPartDataAdminUserGroup"
                         type="Group"></Principal>
                        <Principal
                         isPermitted="true"
                         name="KBManualPartDataAdminUserGroup_V1"
                         type="Group"></Principal>
                    </ServiceInvoke>
                    <EventInvoke>
                        <Principal
                         isPermitted="true"
                         name="KBManualPartDataAdminUserGroup"
                         type="Group"></Principal>
                        <Principal
                         isPermitted="true"
                         name="KBManualPartDataAdminUserGroup_V1"
                         type="Group"></Principal>
                    </EventInvoke>
                    <EventSubscribe>
                        <Principal
                         isPermitted="true"
                         name="KBManualPartDataAdminUserGroup"
                         type="Group"></Principal>
                        <Principal
                         isPermitted="true"
                         name="KBManualPartDataAdminUserGroup_V1"
                         type="Group"></Principal>
                    </EventSubscribe>
                </Permissions>
            </RunTimePermissions>
            <VisibilityPermissions>
                <Visibility>
                    <Principal
                     isPermitted="true"
                     name="KBOrganization"
                     type="Organization"></Principal>
                </Visibility>
            </VisibilityPermissions>
            <ConfigurationTableDefinitions></ConfigurationTableDefinitions>
            <ConfigurationTables>
                <ConfigurationTable
                 dataShapeName=""
                 description="Mashup Mobile Settings"
                 isHidden="true"
                 isMultiRow="false"
                 name="MobileSettings"
                 ordinal="0">
                    <DataShape>
                        <FieldDefinitions>
                            <FieldDefinition
                             aspect.defaultValue="false"
                             baseType="BOOLEAN"
                             description=""
                             name="disableZoom"
                             ordinal="0"></FieldDefinition>
                            <FieldDefinition
                             aspect.defaultValue="true"
                             baseType="BOOLEAN"
                             description=""
                             name="fullScreenMode"
                             ordinal="0"></FieldDefinition>
                            <FieldDefinition
                             baseType="STRING"
                             description=""
                             name="height"
                             ordinal="0"></FieldDefinition>
                            <FieldDefinition
                             aspect.defaultValue="device-height"
                             baseType="STRING"
                             description=""
                             name="heightType"
                             ordinal="0"></FieldDefinition>
                            <FieldDefinition
                             aspect.defaultValue="1.0"
                             baseType="NUMBER"
                             description=""
                             name="initialScale"
                             ordinal="0"></FieldDefinition>
                            <FieldDefinition
                             baseType="STRING"
                             description=""
                             name="iosShortcutIconTitle"
                             ordinal="0"></FieldDefinition>
                            <FieldDefinition
                             aspect.defaultValue="black-translucent"
                             baseType="STRING"
                             description=""
                             name="iosStatusBarAppearance"
                             ordinal="0"></FieldDefinition>
                            <FieldDefinition
                             aspect.defaultValue="10.0"
                             baseType="NUMBER"
                             description=""
                             name="maximumScale"
                             ordinal="0"></FieldDefinition>
                            <FieldDefinition
                             aspect.defaultValue="0.1"
                             baseType="NUMBER"
                             description=""
                             name="minimumScale"
                             ordinal="0"></FieldDefinition>
                            <FieldDefinition
                             baseType="STRING"
                             description=""
                             name="width"
                             ordinal="0"></FieldDefinition>
                            <FieldDefinition
                             aspect.defaultValue="device-width"
                             baseType="STRING"
                             description=""
                             name="widthType"
                             ordinal="0"></FieldDefinition>
                        </FieldDefinitions>
                    </DataShape>
                    <Rows>
                        <Row>
                            <disableZoom>false</disableZoom>
                            <fullScreenMode>true</fullScreenMode>
                            <height></height>
                            <heightType>
                            <![CDATA[
                            device-height
                            ]]>
                            </heightType>
                            <initialScale>1.0</initialScale>
                            <iosShortcutIconTitle></iosShortcutIconTitle>
                            <iosStatusBarAppearance>
                            <![CDATA[
                            black-translucent
                            ]]>
                            </iosStatusBarAppearance>
                            <maximumScale>10.0</maximumScale>
                            <minimumScale>0.1</minimumScale>
                            <width></width>
                            <widthType>
                            <![CDATA[
                            device-width
                            ]]>
                            </widthType>
                        </Row>
                    </Rows>
                </ConfigurationTable>
            </ConfigurationTables>
            <ParameterDefinitions>
                <FieldDefinition
                 aspect.bindingDirection="BOTH"
                 aspect.isMandatory="false"
                 baseType="STRING"
                 description=""
                 name="PartNumber"
                 ordinal="0"></FieldDefinition>
                <FieldDefinition
                 aspect.bindingDirection="BOTH"
                 aspect.isMandatory="false"
                 baseType="STRING"
                 description=""
                 name="System"
                 ordinal="0"></FieldDefinition>
            </ParameterDefinitions>
            <Things></Things>
            <ThingShapes></ThingShapes>
            <ThingTemplates></ThingTemplates>
            <mashupContent>
            <![CDATA[
            {
              "CustomMashupCss" : "",
              "Data" : {
                "Session" : {
                  "DataName" : "Session",
                  "EntityName" : "",
                  "EntityType" : "Session",
                  "Id" : "session",
                  "Services" : [ {
                    "APIMethod" : "post",
                    "Characteristic" : "Services",
                    "Id" : "SessionInterface",
                    "Name" : "GetGlobalSessionValues",
                    "Parameters" : { },
                    "RefreshInterval" : 0,
                    "Target" : "GetGlobalSessionValues"
                  } ]
                },
                "Things_KBManualPartDataAdministrationHelperThing" : {
                  "DataName" : "Things_KBManualPartDataAdministrationHelperThing",
                  "EntityName" : "KBManualPartDataAdministrationHelperThing",
                  "EntityType" : "Things",
                  "Id" : "acccc6e6-7e96-4889-a8ae-7c634ba935e8",
                  "Services" : [ {
                    "APIMethod" : "post",
                    "Characteristic" : "Services",
                    "Id" : "3f0d3dda-62e6-4449-9a4b-ea525b5429e5",
                    "Name" : "insertOrUpdateOrder",
                    "Parameters" : { },
                    "RefreshInterval" : 0,
                    "Target" : "insertOrUpdateOrder"
                  } ]
                },
                "UserExtensions" : {
                  "DataName" : "UserExtensions",
                  "EntityName" : "",
                  "EntityType" : "UserExtensions",
                  "Id" : "UserExtensions",
                  "Services" : [ {
                    "APIMethod" : "post",
                    "Characteristic" : "Services",
                    "Id" : "UserExtensionInterface",
                    "Name" : "GetCurrentUserExtensionProperties",
                    "Parameters" : { },
                    "RefreshInterval" : 0,
                    "Target" : "GetCurrentUserExtensionProperties"
                  } ]
                }
              },
              "DataBindings" : [ {
                "Id" : "73be0404-354b-4146-8ab5-60d86126f96a",
                "PropertyMaps" : [ {
                  "SourceProperty" : "PartNumber",
                  "SourcePropertyBaseType" : "STRING",
                  "TargetProperty" : "PartNumber",
                  "TargetPropertyBaseType" : "STRING",
                  "TargetPropertyType" : "Parameter"
                } ],
                "SourceArea" : "Mashup",
                "SourceId" : "mashup-root",
                "SourceSection" : "",
                "TargetArea" : "Data",
                "TargetId" : "insertOrUpdateOrder",
                "TargetSection" : "Things_KBManualPartDataAdministrationHelperThing"
              }, {
                "Id" : "6ef65bc6-b0f3-481f-b9d7-920ec26977c7",
                "PropertyMaps" : [ {
                  "SourceProperty" : "PartNumber",
                  "SourcePropertyBaseType" : "STRING",
                  "SourcePropertyType" : "Property",
                  "TargetProperty" : "Text",
                  "TargetPropertyBaseType" : "STRING",
                  "TargetPropertyType" : "property"
                } ],
                "SourceArea" : "Mashup",
                "SourceId" : "mashup-root",
                "SourceSection" : "",
                "TargetArea" : "UI",
                "TargetId" : "label-6",
                "TargetSection" : ""
              } ],
              "DesignTimePermissions" : {
                "Create" : [ ],
                "Delete" : [ ],
                "Metadata" : [ ],
                "Read" : [ ],
                "Update" : [ ]
              },
              "Events" : [ {
                "EventHandlerArea" : "Data",
                "EventHandlerId" : "Things_KBManualPartDataAdministrationHelperThing",
                "EventHandlerService" : "insertOrUpdateOrder",
                "EventTriggerArea" : "UI",
                "EventTriggerEvent" : "Clicked",
                "EventTriggerId" : "button-3",
                "EventTriggerSection" : "",
                "Id" : "4186331f-1b9d-4b0f-8cde-373fc43cb88a"
              }, {
                "EventHandlerArea" : "Mashup",
                "EventHandlerId" : "mashup-root",
                "EventHandlerService" : "CloseIfPopup",
                "EventTriggerArea" : "UI",
                "EventTriggerEvent" : "Clicked",
                "EventTriggerId" : "button-4",
                "EventTriggerSection" : "",
                "Id" : "f0af09c2-8325-4770-8706-d51c1dce305c"
              }, {
                "EventHandlerArea" : "Mashup",
                "EventHandlerId" : "mashup-root",
                "EventHandlerService" : "CloseIfPopup",
                "EventTriggerArea" : "Data",
                "EventTriggerEvent" : "ServiceInvokeCompleted",
                "EventTriggerId" : "insertOrUpdateOrder",
                "EventTriggerSection" : "Things_KBManualPartDataAdministrationHelperThing",
                "Id" : "ca1d4e71-cb52-4b4e-914b-8a536b882069"
              } ],
              "RunTimePermissions" : {
                "permissions" : [ ]
              },
              "UI" : {
                "Properties" : {
                  "AddToDashboardButton" : "SimplePlus",
                  "AddToDashboardButtonStyle" : "DefaultAddToDashboardButtonStyle",
                  "Area" : "Mashup",
                  "BGImage" : "",
                  "BGImageRepeat" : "no-repeat",
                  "BGImageSize" : "auto",
                  "Columns" : 0,
                  "ConfigureGadgetButton" : "SimpleGear",
                  "ConfigureGadgetButtonStyle" : "DefaultConfigureGadgetButtonStyle",
                  "DisplayName" : "Mashup",
                  "EnableParameterEditing" : false,
                  "Height" : 160,
                  "Id" : "mashup-root",
                  "IgnoreWarningsInViewMashup" : false,
                  "IsPrintLayout" : false,
                  "Left" : 0,
                  "MashupToEditGadget" : "DefaultMashupToEditGadget",
                  "MinHeight" : 0,
                  "MinWidth" : 0,
                  "ResponsiveLayout" : false,
                  "Rows" : 0,
                  "ShowDataLoading" : true,
                  "Style" : "DefaultMashupStyle",
                  "StyleTheme" : "Base Theme",
                  "Title" : "",
                  "TitleBar" : false,
                  "TitleBarStyle" : "DefaultTitleBarStyle",
                  "TitleBarText" : "Gadget Title Here",
                  "Top" : 0,
                  "Type" : "mashup",
                  "UseMasterTheme" : false,
                  "UseTheme" : false,
                  "UseThemeForHybrids" : false,
                  "Visible" : true,
                  "Width" : 500,
                  "Z-index" : 10,
                  "__TypeDisplayName" : "Mashup",
                  "_currentParameterDefs" : [ {
                    "Aspects" : {
                      "bindingDirection" : "BOTH",
                      "isMandatory" : false
                    },
                    "BaseType" : "STRING",
                    "Description" : "",
                    "ParameterName" : "PartNumber"
                  }, {
                    "Aspects" : {
                      "bindingDirection" : "BOTH",
                      "isMandatory" : false
                    },
                    "BaseType" : "STRING",
                    "Description" : "",
                    "ParameterName" : "System"
                  } ],
                  "id_index" : 6,
                  "supportsAutoResize" : true
                },
                "Widgets" : [ {
                  "Properties" : {
                    "Alignment" : "left",
                    "AllowEllipsis" : false,
                    "Area" : "UI",
                    "DisplayName" : "label-2",
                    "Height" : 22,
                    "Id" : "label-2",
                    "LastContainer" : false,
                    "Left" : 45,
                    "ResponsiveLayout" : false,
                    "ShowDataLoading" : true,
                    "Style" : "DefaultLabelStyle",
                    "Text" : "[[KBManualPartDataAdministrationMainMashup.partNumber]]",
                    "ToolTipField" : "",
                    "ToolTipStyle" : "DefaultTooltipStyle",
                    "Top" : 45,
                    "Type" : "label",
                    "Visible" : true,
                    "Width" : 70,
                    "Z-index" : 10,
                    "__TypeDisplayName" : "Label",
                    "__supportsTooltip" : true
                  },
                  "Widgets" : [ ]
                }, {
                  "Properties" : {
                    "ActiveStyle" : "DefaultButtonActiveStyle",
                    "Area" : "UI",
                    "CancelConfirmationButton" : "button2",
                    "ConfirmationButton1Label" : "Yes",
                    "ConfirmationButton2Label" : "No",
                    "ConfirmationPrompt" : "Do Action?",
                    "ConfirmationRequired" : false,
                    "ConfirmationTitle" : "Confirm Action",
                    "ContextId" : "",
                    "DefaultConfirmationButton" : "button1",
                    "Disabled" : false,
                    "DisabledStyle" : "DefaultButtonDisabledStyle",
                    "DisplayName" : "button-3",
                    "FocusStyle" : "DefaultButtonFocusStyle",
                    "Height" : 30,
                    "HoverStyle" : "DefaultButtonHoverStyle",
                    "IconAlignment" : "left",
                    "Id" : "button-3",
                    "Label" : "[[KBManualPartDataAdministrationMainMashup.yes]]",
                    "LastContainer" : false,
                    "Left" : 141,
                    "ResponsiveLayout" : false,
                    "RoundedCorners" : true,
                    "ShowDataLoading" : true,
                    "SingleClickSelectOnTablets" : true,
                    "Style" : "DefaultButtonStyle",
                    "TabSequence" : 0,
                    "ToolTipField" : "",
                    "ToolTipStyle" : "DefaultTooltipStyle",
                    "Top" : 95,
                    "Type" : "button",
                    "Visible" : true,
                    "Width" : 75,
                    "Z-index" : 10,
                    "__TypeDisplayName" : "Button",
                    "__supportsTooltip" : true
                  },
                  "Widgets" : [ ]
                }, {
                  "Properties" : {
                    "ActiveStyle" : "DefaultButtonActiveStyle",
                    "Area" : "UI",
                    "CancelConfirmationButton" : "button2",
                    "ConfirmationButton1Label" : "Yes",
                    "ConfirmationButton2Label" : "No",
                    "ConfirmationPrompt" : "Do Action?",
                    "ConfirmationRequired" : false,
                    "ConfirmationTitle" : "Confirm Action",
                    "ContextId" : "",
                    "DefaultConfirmationButton" : "button1",
                    "Disabled" : false,
                    "DisabledStyle" : "DefaultButtonDisabledStyle",
                    "DisplayName" : "button-4",
                    "FocusStyle" : "DefaultButtonFocusStyle",
                    "Height" : 30,
                    "HoverStyle" : "DefaultButtonHoverStyle",
                    "IconAlignment" : "left",
                    "Id" : "button-4",
                    "Label" : "[[KBManualPartDataAdministrationMainMashup.no]]",
                    "LastContainer" : false,
                    "Left" : 251,
                    "ResponsiveLayout" : false,
                    "RoundedCorners" : true,
                    "ShowDataLoading" : true,
                    "SingleClickSelectOnTablets" : true,
                    "Style" : "DefaultButtonStyle",
                    "TabSequence" : 0,
                    "ToolTipField" : "",
                    "ToolTipStyle" : "DefaultTooltipStyle",
                    "Top" : 95,
                    "Type" : "button",
                    "Visible" : true,
                    "Width" : 75,
                    "Z-index" : 10,
                    "__TypeDisplayName" : "Button",
                    "__supportsTooltip" : true
                  },
                  "Widgets" : [ ]
                }, {
                  "Properties" : {
                    "Alignment" : "left",
                    "AllowEllipsis" : false,
                    "Area" : "UI",
                    "DisplayName" : "label-5",
                    "Height" : 22,
                    "Id" : "label-5",
                    "LastContainer" : false,
                    "Left" : 255,
                    "ResponsiveLayout" : false,
                    "ShowDataLoading" : true,
                    "Style" : "DefaultLabelStyle",
                    "Text" : "[[KBManualPartDataAdministrationMainMashup.alreadyexistDoyouwanttorewrite?]]",
                    "ToolTipField" : "",
                    "ToolTipStyle" : "DefaultTooltipStyle",
                    "Top" : 45,
                    "Type" : "label",
                    "Visible" : true,
                    "Width" : 205,
                    "Z-index" : 10,
                    "__TypeDisplayName" : "Label",
                    "__supportsTooltip" : true
                  },
                  "Widgets" : [ ]
                }, {
                  "Properties" : {
                    "Alignment" : "left",
                    "AllowEllipsis" : false,
                    "Area" : "UI",
                    "DisplayName" : "label-6",
                    "Height" : 22,
                    "Id" : "label-6",
                    "LastContainer" : false,
                    "Left" : 118,
                    "ResponsiveLayout" : false,
                    "ShowDataLoading" : true,
                    "Style" : {
                      "backgroundColor" : "",
                      "displayString" : "",
                      "fontEmphasisBold" : true,
                      "fontEmphasisItalic" : false,
                      "fontEmphasisUnderline" : false,
                      "foregroundColor" : "rgba(0,0,0,1)",
                      "image" : "",
                      "lineColor" : "",
                      "lineStyle" : "solid",
                      "lineThickness" : "1",
                      "secondaryBackgroundColor" : "",
                      "textSize" : "normal"
                    },
                    "Text" : "",
                    "ToolTipField" : "",
                    "ToolTipStyle" : "DefaultTooltipStyle",
                    "Top" : 45,
                    "Type" : "label",
                    "Visible" : true,
                    "Width" : 130,
                    "Z-index" : 10,
                    "__TypeDisplayName" : "Label",
                    "__supportsTooltip" : true
                  },
                  "Widgets" : [ ]
                } ]
              },
              "mashupType" : "mashup"
            }
            ]]>
            </mashupContent>
            <preview></preview>
        </Mashup>
    </Mashups>
</Entities>
