<?xml version="1.0" encoding="UTF-8" standalone="no"?>
<Entities build="b97" majorVersion="8" minorVersion="4"
	modelPersistenceProviderPackage="MssqlPersistenceProviderPackage"
	revision="11" schemaVersion="1044" universal="">
	<ApplicationKeys>
		<ApplicationKey clientName="" description=""
			documentationContent="" expirationDate="2121-01-01T00:00:00.000Z"
			homeMashup="" ipWhitelist=""
			keyId="8e76551d-2e16-406c-9313-9c89051a6c6c"
			lastModifiedDate="2021-06-18T14:20:23.459+02:00" name="AtossAppKey"
			projectName="KBsmartKPI" tags="" userNameReference="AtossUploadUser">
			<Owner name="adm-flassakm" type="User" />
			<avatar />
			<DesignTimePermissions>
				<Create />
				<Read />
				<Update />
				<Delete />
				<Metadata />
			</DesignTimePermissions>
			<RunTimePermissions />
			<VisibilityPermissions>
				<Visibility />
			</VisibilityPermissions>
			<ConfigurationTableDefinitions />
			<ConfigurationTables />
		</ApplicationKey>
	</ApplicationKeys>
</Entities>