<?xml version="1.0" encoding="UTF-8" standalone="no"?>
<Entities build="b97" majorVersion="8" minorVersion="4"
	modelPersistenceProviderPackage="MssqlPersistenceProviderPackage"
	revision="11" schemaVersion="1044" universal="">
	<DataShapes>
		<DataShape baseDataShape="" description=""
			documentationContent="" homeMashup=""
			lastModifiedDate="2021-02-01T12:40:13.051+01:00"
			name="KBAtossWorkerPlanningDataShape" projectName="KBsmartKPI" tags="">
			<Owner name="adm-flassakm" type="User" />
			<avatar />
			<DesignTimePermissions>
				<Create />
				<Read />
				<Update />
				<Delete />
				<Metadata />
			</DesignTimePermissions>
			<RunTimePermissions />
			<VisibilityPermissions>
				<Visibility />
			</VisibilityPermissions>
			<ConfigurationTableDefinitions />
			<ConfigurationTables />
			<FieldDefinitions>
				<FieldDefinition aspect.isPrimaryKey="false"
					baseType="STRING" description="" name="Area" ordinal="3" />
				<FieldDefinition aspect.isPrimaryKey="false"
					baseType="STRING" description="" name="Date" ordinal="2" />
				<FieldDefinition aspect.isPrimaryKey="false"
					baseType="STRING" description="" name="EndShift" ordinal="8" />
				<FieldDefinition aspect.isPrimaryKey="false"
					baseType="DATETIME" description="" name="EndShiftAsDate"
					ordinal="12" />
				<FieldDefinition aspect.isPrimaryKey="false"
					baseType="STRING" description="" name="FullLine" ordinal="1" />
				<FieldDefinition aspect.isPrimaryKey="false"
					baseType="STRING" description="" name="NumberOfWorkers" ordinal="6" />
				<FieldDefinition aspect.isPrimaryKey="false"
					baseType="STRING" description="" name="PerformanceIndicator"
					ordinal="10" />
				<FieldDefinition aspect.isPrimaryKey="false"
					baseType="STRING" description="" name="ShiftFactor" ordinal="9" />
				<FieldDefinition aspect.isPrimaryKey="false"
					baseType="STRING" description="" name="ShiftName" ordinal="5" />
				<FieldDefinition aspect.isPrimaryKey="false"
					baseType="STRING" description="" name="StartShift" ordinal="7" />
				<FieldDefinition aspect.isPrimaryKey="false"
					baseType="DATETIME" description="" name="StartShiftAsDate"
					ordinal="11" />
				<FieldDefinition aspect.isPrimaryKey="false"
					baseType="STRING" description="" name="Workplace" ordinal="4" />
			</FieldDefinitions>
		</DataShape>
	</DataShapes>
</Entities>