<?xml version="1.0" encoding="UTF-8" standalone="no"?>
<Entities build="b2319" majorVersion="8" minorVersion="4"
	modelPersistenceProviderPackage="MssqlPersistenceProviderPackage"
	revision="4" schemaVersion="1041" universal="">
	<DataShapes>
		<DataShape baseDataShape="" description=""
			documentationContent="" homeMashup=""
			lastModifiedDate="2020-08-20T06:56:29.144+02:00"
			name="KBDailyManagementSystemHourlyOutputDataShape"
			projectName="KBsmartKPI" tags="">
			<Owner name="adm-flassakm" type="User" />
			<avatar />
			<DesignTimePermissions>
				<Create />
				<Read />
				<Update />
				<Delete />
				<Metadata />
			</DesignTimePermissions>
			<RunTimePermissions>
				<Permissions resourceName="*">
					<PropertyRead>
						<Principal isPermitted="true" name="KBUserGroup"
							type="Group" />
					</PropertyRead>
					<PropertyWrite />
					<ServiceInvoke>
						<Principal isPermitted="true" name="KBUserGroup"
							type="Group" />
					</ServiceInvoke>
					<EventInvoke />
					<EventSubscribe />
				</Permissions>
			</RunTimePermissions>
			<VisibilityPermissions>
				<Visibility>
					<Principal isPermitted="true" name="KBOrganization"
						type="Organization" />
				</Visibility>
			</VisibilityPermissions>
			<ConfigurationTableDefinitions />
			<ConfigurationTables />
			<FieldDefinitions>
				<FieldDefinition baseType="DATETIME"
					description="ProductionTimeStart" name="ProductionTimeStart"
					ordinal="0" />
				<FieldDefinition baseType="DATETIME"
					description="ProductionTimeEnd" name="ProductionTimeEnd"
					ordinal="1" />
				<FieldDefinition baseType="INTEGER"
					description="NumberPartsOK" name="NumberPartsOK" ordinal="2" />
				<FieldDefinition baseType="INTEGER"
					description="NumberPartsNOK" name="NumberPartsNOK" ordinal="3" />
				<FieldDefinition baseType="INTEGER"
					description="Target" name="Target" ordinal="4" />
				<FieldDefinition baseType="STRING"
					description="Label" name="Label" ordinal="4" />
			</FieldDefinitions>
			<ConfigurationChanges>
				<ConfigurationChange changeAction="CREATE"
					changeReason="header : name : updated&#10;"
					timestamp="2020-08-20T06:56:29.144+02:00" user="adm-flassakm" />
			</ConfigurationChanges>
		</DataShape>
	</DataShapes>
</Entities>