<?xml version="1.0" encoding="UTF-8"?>
<Entities
 build="b527"
 majorVersion="9"
 minorVersion="0"
 modelPersistenceProviderPackage="MssqlPersistenceProviderPackage"
 revision="8"
 schemaVersion="1107"
 universal="password">
    <DataShapes>
        <DataShape
         aspect.isEditableExtensionObject="false"
         aspect.isExtension="true"
         baseDataShape=""
         description="DataShape to present the server list with connection information of a remote connection type. {PTC.SCA.SCO.RemoteConnectionServerListDataShapeKB}"
         documentationContent=""
         homeMashup=""
         lastModifiedDate="2021-09-01T09:59:09.690Z"
         name="PTC.SCA.SCO.RemoteConnectionServerListDataShapeKB"
         projectName="KBsmartKPI"
         tags="">
            <avatar></avatar>
            <DesignTimePermissions>
                <Create></Create>
                <Read></Read>
                <Update></Update>
                <Delete></Delete>
                <Metadata></Metadata>
            </DesignTimePermissions>
            <RunTimePermissions>
                <Permissions
                 resourceName="*">
                    <PropertyRead></PropertyRead>
                    <PropertyWrite></PropertyWrite>
                    <ServiceInvoke>
                        <Principal
                         isPermitted="true"
                         name="CAL.DWI.UserGroup"
                         type="Group"></Principal>
                    </ServiceInvoke>
                    <EventInvoke></EventInvoke>
                    <EventSubscribe></EventSubscribe>
                </Permissions>
            </RunTimePermissions>
            <VisibilityPermissions>
                <Visibility>
                    <Principal
                     isPermitted="true"
                     name="CAL.DWI.Organization"
                     type="Organization"></Principal>
                    <Principal
                     isPermitted="true"
                     name="PTC.Factory.MachineVisibility"
                     type="Organization"></Principal>
                </Visibility>
            </VisibilityPermissions>
            <ConfigurationTableDefinitions></ConfigurationTableDefinitions>
            <ConfigurationTables></ConfigurationTables>
            <FieldDefinitions>
                <FieldDefinition
                 baseType="THINGNAME"
                 description="Name of the KEPServerEX aggregator"
                 name="aggregateThing"
                 ordinal="2"></FieldDefinition>
                <FieldDefinition
                 baseType="STRING"
                 description="Icon for Alert"
                 name="AlertIcon"
                 ordinal="3"></FieldDefinition>
                <FieldDefinition
                 baseType="INTEGER"
                 description="Number of clients connected to the KEPServerEX server"
                 name="ClientCount"
                 ordinal="4"></FieldDefinition>
                <FieldDefinition
                 baseType="STRING"
                 description="Type of the connection"
                 name="connectionType"
                 ordinal="11"></FieldDefinition>
                <FieldDefinition
                 baseType="STRING"
                 description="Current time on the connection"
                 name="CurrentServerTime"
                 ordinal="5"></FieldDefinition>
                <FieldDefinition
                 baseType="STRING"
                 description="Description of the connection"
                 name="Description"
                 ordinal="6"></FieldDefinition>
                <FieldDefinition
                 baseType="STRING"
                 description="HTML link for the details page"
                 name="DetailsPageLink"
                 ordinal="7"></FieldDefinition>
                <FieldDefinition
                 baseType="INTEGER"
                 description="Integer which represents the device status"
                 name="devicesStatus"
                 ordinal="18"></FieldDefinition>
                <FieldDefinition
                 baseType="STRING"
                 description="HTML String for the status of the server's devices"
                 name="displayDevicesStatus"
                 ordinal="8"></FieldDefinition>
                <FieldDefinition
                 baseType="BOOLEAN"
                 description="Indicates if there is an alert on the connection"
                 name="hasAlert"
                 ordinal="16"></FieldDefinition>
                <FieldDefinition
                 baseType="BOOLEAN"
                 description="Boolean property representing if it is a custom Remote OPC server"
                 name="isCustomRemoteOPCServer"
                 ordinal="10"></FieldDefinition>
                <FieldDefinition
                 baseType="BOOLEAN"
                 description="Boolean property representing if it is a remote server from the aggregate"
                 name="isRemoteServer"
                 ordinal="12"></FieldDefinition>
                <FieldDefinition
                 aspect.isPrimaryKey="true"
                 baseType="STRING"
                 description="(Primary key) The name of the server"
                 name="Name"
                 ordinal="1"></FieldDefinition>
                <FieldDefinition
                 baseType="INTEGER"
                 description="Integer representing the number of devices"
                 name="NumberOfDevices"
                 ordinal="13"></FieldDefinition>
                <FieldDefinition
                 baseType="INTEGER"
                 description="An integer indicating the status of the connection"
                 name="serverStatus"
                 ordinal="17"></FieldDefinition>
                <FieldDefinition
                 baseType="STRING"
                 description="HTML String for the server status"
                 name="serverStatusHTMLString"
                 ordinal="14"></FieldDefinition>
                <FieldDefinition
                 baseType="INTEGER"
                 description="Number of tags on the KEPServerEX server"
                 name="TagCount"
                 ordinal="15"></FieldDefinition>
            </FieldDefinitions>
        </DataShape>
    </DataShapes>
</Entities>
