<?xml version="1.0" encoding="UTF-8"?>
<Entities build="b2319" majorVersion="8" minorVersion="4"
	modelPersistenceProviderPackage="MssqlPersistenceProviderPackage"
	revision="4" schemaVersion="1041" universal="password">
	<DataShapes>
		<DataShape aspect.isExtension="true" baseDataShape=""
			description="" documentationContent="" homeMashup=""
			lastModifiedDate="2020-07-29T07:18:49.215+02:00"
			name="KBLocalSplitOrderInfoDataShape" projectName="KBLocalOrderInfo"
			tags="">
			<avatar></avatar>
			<DesignTimePermissions>
				<Create></Create>
				<Read></Read>
				<Update></Update>
				<Delete></Delete>
				<Metadata></Metadata>
			</DesignTimePermissions>
			<RunTimePermissions>
				<Permissions resourceName="*">
					<PropertyRead>
						<Principal isPermitted="true" name="KBUserGroup"
							type="Group"></Principal>
					</PropertyRead>
					<PropertyWrite>
						<Principal isPermitted="true" name="KBUserGroup"
							type="Group"></Principal>
					</PropertyWrite>
					<ServiceInvoke>
						<Principal isPermitted="true" name="KBUserGroup"
							type="Group"></Principal>
					</ServiceInvoke>
					<EventInvoke></EventInvoke>
					<EventSubscribe></EventSubscribe>
				</Permissions>
			</RunTimePermissions>
			<VisibilityPermissions>
				<Visibility>
					<Principal isPermitted="true" name="KBBackGroundWorker"
						type="Organization"></Principal>
					<Principal isPermitted="true" name="KBOrganization"
						type="Organization"></Principal>
				</Visibility>
			</VisibilityPermissions>
			<ConfigurationTableDefinitions></ConfigurationTableDefinitions>
			<ConfigurationTables></ConfigurationTables>
			<FieldDefinitions>
				<FieldDefinition
					aspect.dataShape="KBLocalOrderInfoDataShape"
					aspect.isPrimaryKey="false" baseType="INFOTABLE" description=""
					name="Dataset1" ordinal="1"></FieldDefinition>
				<FieldDefinition
					aspect.dataShape="KBLocalOrderInfoDataShape"
					aspect.isPrimaryKey="false" baseType="INFOTABLE" description=""
					name="Dataset2" ordinal="2"></FieldDefinition>
				<FieldDefinition aspect.isPrimaryKey="false"
					baseType="INTEGER" description="Dataset2 Counter" name="Dataset2C"
					ordinal="3"></FieldDefinition>
				<FieldDefinition aspect.isPrimaryKey="false"
					baseType="DATETIME" description="" name="T1" ordinal="4"></FieldDefinition>
				<FieldDefinition aspect.isPrimaryKey="false"
					baseType="DATETIME" description="" name="T2" ordinal="5"></FieldDefinition>
			</FieldDefinitions>
		</DataShape>
	</DataShapes>
</Entities>
