<?xml version="1.0" encoding="UTF-8"?>
<Entities
 build="b706"
 majorVersion="9"
 minorVersion="0"
 modelPersistenceProviderPackage="MssqlPersistenceProviderPackage"
 revision="12"
 schemaVersion="1109"
 universal="password">
    <DataShapes>
        <DataShape
         baseDataShape=""
         description=""
         documentationContent=""
         homeMashup=""
         lastModifiedDate="2022-05-12T13:40:31.033Z"
         name="KBOrderMESDatashape"
         projectName=""
         tags="">
            <avatar></avatar>
            <DesignTimePermissions>
                <Create></Create>
                <Read></Read>
                <Update></Update>
                <Delete></Delete>
                <Metadata></Metadata>
            </DesignTimePermissions>
            <RunTimePermissions></RunTimePermissions>
            <VisibilityPermissions>
                <Visibility></Visibility>
            </VisibilityPermissions>
            <ConfigurationTableDefinitions></ConfigurationTableDefinitions>
            <ConfigurationTables></ConfigurationTables>
            <FieldDefinitions>
                <FieldDefinition
                 baseType="NUMBER"
                 description="OKPartsConfirmed"
                 name="OKPartsConfirmed"
                 ordinal="7"></FieldDefinition>
                <FieldDefinition
                 baseType="STRING"
                 description="OrderNumber"
                 name="OrderNumber"
                 ordinal="3"></FieldDefinition>
                <FieldDefinition
                 baseType="STRING"
                 description="PlantId"
                 name="PlantId"
                 ordinal="5"></FieldDefinition>
                <FieldDefinition
                 baseType="STRING"
                 description="PropertyKey"
                 name="PropertyKey"
                 ordinal="0"></FieldDefinition>
                <FieldDefinition
                 baseType="DATETIME"
                 description="ScheduledStartDate"
                 name="ScheduledStartDate"
                 ordinal="9"></FieldDefinition>
                <FieldDefinition
                 baseType="STRING"
                 description="System"
                 name="System"
                 ordinal="2"></FieldDefinition>
                <FieldDefinition
                 baseType="STRING"
                 description="TextValue"
                 name="TextValue"
                 ordinal="1"></FieldDefinition>
                <FieldDefinition
                 baseType="NUMBER"
                 description="ToBeProduced"
                 name="ToBeProduced"
                 ordinal="8"></FieldDefinition>
                <FieldDefinition
                 baseType="NUMBER"
                 description="TotalOrderQuantity"
                 name="TotalOrderQuantity"
                 ordinal="6"></FieldDefinition>
                <FieldDefinition
                 baseType="DATETIME"
                 description="UpdateTime"
                 name="UpdateTime"
                 ordinal="4"></FieldDefinition>
            </FieldDefinitions>
        </DataShape>
    </DataShapes>
</Entities>
