<?xml version="1.0" encoding="UTF-8" standalone="no"?>
<Entities build="b52" majorVersion="8" minorVersion="0"
	modelPersistenceProviderPackage="MssqlPersistenceProviderPackage"
	revision="3" schemaVersion="1000">
	<DataShapes>
		<DataShape baseDataShape="" description=""
			documentationContent="" homeMashup=""
			lastModifiedDate="2017-12-11T09:17:02.426+01:00"
			name="KBOrderInfoDataShape" projectName="KBsmartKPI"
			tags="KBThingWorxInstallationVocabulary:ExtensionSmartKPI">
			<Owner name="adm-flassakm" type="User" />
			<avatar />
			<DesignTimePermissions>
				<Create />
				<Read />
				<Update />
				<Delete />
				<Metadata />
			</DesignTimePermissions>
			<RunTimePermissions>
				<Permissions resourceName="*">
					<PropertyRead>
						<Principal isPermitted="true" name="KBUserGroup"
							type="Group" />
					</PropertyRead>
					<PropertyWrite />
					<ServiceInvoke>
						<Principal isPermitted="true" name="KBUserGroup"
							type="Group" />
					</ServiceInvoke>
					<EventInvoke />
					<EventSubscribe />
				</Permissions>
			</RunTimePermissions>
			<VisibilityPermissions>
				<Visibility>
					<Principal isPermitted="true" name="KBOrganization"
						type="Organization" />
				</Visibility>
			</VisibilityPermissions>
			<ConfigurationTables />
			<FieldDefinitions>
				<FieldDefinition baseType="INTEGER"
					description="NumberPartNOk" name="NumberPartNOk" ordinal="3" />
				<FieldDefinition baseType="INTEGER"
					description="NumberPartOk" name="NumberPartOk" ordinal="2" />
				<FieldDefinition baseType="STRING"
					description="OrderNumber" name="OrderNumber" ordinal="4" />
				<FieldDefinition baseType="DATETIME"
					description="ProductionTimeEnd" name="ProductionTimeEnd"
					ordinal="1" />
				<FieldDefinition baseType="DATETIME"
					description="ProductionTimeStart" name="ProductionTimeStart"
					ordinal="0" />
				<FieldDefinition baseType="NUMBER"
					description="timePerPartSec" name="timePerPartSec" ordinal="5" />
			</FieldDefinitions>
			<ConfigurationChanges>
				<ConfigurationChange changeAction="CREATE"
					changeReason="header : name : updated&#10;visibility permissions : updated&#10;run time permissions : updated&#10;"
					timestamp="2017-12-11T09:17:02.426+01:00" user="adm-flassakm" />
			</ConfigurationChanges>
		</DataShape>
	</DataShapes>
</Entities>