<?xml version="1.0" encoding="UTF-8" standalone="no"?>
<Entities build="b167" majorVersion="8" minorVersion="2"
	modelPersistenceProviderPackage="MssqlPersistenceProviderPackage"
	revision="2" schemaVersion="1020" universal="">
	<DataShapes>
		<DataShape baseDataShape="" description=""
			documentationContent="" homeMashup=""
			lastModifiedDate="2019-07-22T10:34:21.270+02:00"
			name="KBEmployeeHeaderDataShape" projectName="" tags="">
			<Owner name="adm-flassakm" type="User" />
			<avatar />
			<DesignTimePermissions>
				<Create />
				<Read />
				<Update />
				<Delete />
				<Metadata />
			</DesignTimePermissions>
			<RunTimePermissions />
			<VisibilityPermissions>
				<Visibility />
			</VisibilityPermissions>
			<ConfigurationTables />
			<FieldDefinitions>
				<FieldDefinition baseType="DATETIME"
					description="CreationTime" name="CreationTime" ordinal="1" />
				<FieldDefinition baseType="LONG" description="Id"
					name="Id" ordinal="0" />
				<FieldDefinition baseType="STRING"
					description="EmployeeNumber" name="EmployeeNumber" ordinal="3" />
				<FieldDefinition baseType="STRING"
					description="System" name="System" ordinal="2" />
				<FieldDefinition baseType="DATETIME"
					description="UpdateTime" name="UpdateTime" ordinal="5" />
			</FieldDefinitions>
			<ConfigurationChanges>
				<ConfigurationChange changeAction="CREATE"
					changeReason="header : name : updated&#10;"
					timestamp="2019-07-22T10:34:21.270+02:00" user="adm-flassakm" />
			</ConfigurationChanges>
		</DataShape>
	</DataShapes>
</Entities>