<?xml version="1.0" encoding="UTF-8"?>
<Entities
 build="b97"
 majorVersion="8"
 minorVersion="4"
 modelPersistenceProviderPackage="MssqlPersistenceProviderPackage"
 revision="11"
 schemaVersion="1044"
 universal="password">
    <DataShapes>
        <DataShape
         baseDataShape=""
         description=""
         documentationContent=""
         homeMashup=""
         lastModifiedDate="2021-03-17T17:16:03.691+01:00"
         name="FloatDataNOKReasonSumDataShape"
         projectName=""
         tags="">
            <avatar></avatar>
            <DesignTimePermissions>
                <Create></Create>
                <Read></Read>
                <Update></Update>
                <Delete></Delete>
                <Metadata></Metadata>
            </DesignTimePermissions>
            <RunTimePermissions>
                <Permissions
                 resourceName="*">
                    <PropertyRead>
                        <Principal
                         isPermitted="true"
                         name="KBUserGroup"
                         type="Group"></Principal>
                    </PropertyRead>
                    <PropertyWrite></PropertyWrite>
                    <ServiceInvoke></ServiceInvoke>
                    <EventInvoke></EventInvoke>
                    <EventSubscribe></EventSubscribe>
                </Permissions>
            </RunTimePermissions>
            <VisibilityPermissions>
                <Visibility>
                    <Principal
                     isPermitted="true"
                     name="KBOrganization"
                     type="Organization"></Principal>
                </Visibility>
            </VisibilityPermissions>
            <ConfigurationTableDefinitions></ConfigurationTableDefinitions>
            <ConfigurationTables></ConfigurationTables>
            <FieldDefinitions>
                <FieldDefinition
                 baseType="NUMBER"
                 description="ProcesDataType"
                 name="COUNT_ProcesDataType"
                 ordinal="3"></FieldDefinition>
                <FieldDefinition
                 aspect.isPrimaryKey="false"
                 baseType="NUMBER"
                 description=""
                 name="CumulativePercent"
                 ordinal="17"></FieldDefinition>
                <FieldDefinition
                 aspect.isPrimaryKey="false"
                 baseType="NUMBER"
                 description=""
                 name="Percent"
                 ordinal="16"></FieldDefinition>
                <FieldDefinition
                 baseType="STRING"
                 description="ProcesDataType"
                 name="ProcesDataType"
                 ordinal="3"></FieldDefinition>
                <FieldDefinition
                 baseType="STRING"
                 description="ProcesDataType2"
                 name="ProcesDataType2"
                 ordinal="15"></FieldDefinition>
            </FieldDefinitions>
        </DataShape>
    </DataShapes>
</Entities>
