<?xml version="1.0" encoding="UTF-8"?>
<Entities
 build="b527"
 majorVersion="9"
 minorVersion="0"
 modelPersistenceProviderPackage="MssqlPersistenceProviderPackage"
 revision="8"
 schemaVersion="1107"
 universal="password">
    <DataShapes>
        <DataShape
         baseDataShape=""
         description=""
         documentationContent=""
         homeMashup=""
         lastModifiedDate="2021-09-13T09:39:12.357Z"
         name="KBPartInfoTraceabilityDS"
         projectName="KBsmartKPI"
         tags="">
            <avatar></avatar>
            <DesignTimePermissions>
                <Create></Create>
                <Read></Read>
                <Update></Update>
                <Delete></Delete>
                <Metadata></Metadata>
            </DesignTimePermissions>
            <RunTimePermissions></RunTimePermissions>
            <VisibilityPermissions>
                <Visibility></Visibility>
            </VisibilityPermissions>
            <ConfigurationTableDefinitions></ConfigurationTableDefinitions>
            <ConfigurationTables></ConfigurationTables>
            <FieldDefinitions>
                <FieldDefinition
                 baseType="STRING"
                 description="comment"
                 name="comment"
                 ordinal="14"></FieldDefinition>
                <FieldDefinition
                 baseType="STRING"
                 description="Further_Description"
                 name="Further_Description"
                 ordinal="7"></FieldDefinition>
                <FieldDefinition
                 baseType="STRING"
                 description="Machine"
                 name="Machine"
                 ordinal="0"></FieldDefinition>
                <FieldDefinition
                 baseType="STRING"
                 description="Measured_Item"
                 name="Measured_Item"
                 ordinal="5"></FieldDefinition>
                <FieldDefinition
                 baseType="STRING"
                 description="Measured_Item2"
                 name="Measured_Item2"
                 ordinal="6"></FieldDefinition>
                <FieldDefinition
                 baseType="STRING"
                 description="OrderNumber"
                 name="OrderNumber"
                 ordinal="3"></FieldDefinition>
                <FieldDefinition
                 baseType="STRING"
                 description="PartNumber"
                 name="PartNumber"
                 ordinal="1"></FieldDefinition>
                <FieldDefinition
                 baseType="NUMBER"
                 description="ProcessDataActual"
                 name="ProcessDataActual"
                 ordinal="9"></FieldDefinition>
                <FieldDefinition
                 baseType="NUMBER"
                 description="ProcessDataMAX"
                 name="ProcessDataMAX"
                 ordinal="10"></FieldDefinition>
                <FieldDefinition
                 baseType="NUMBER"
                 description="ProcessDataMIN"
                 name="ProcessDataMIN"
                 ordinal="8"></FieldDefinition>
                <FieldDefinition
                 baseType="STRING"
                 description="ProcessDataString"
                 name="ProcessDataString"
                 ordinal="12"></FieldDefinition>
                <FieldDefinition
                 baseType="DATETIME"
                 description="ProductionTime"
                 name="ProductionTime"
                 ordinal="11"></FieldDefinition>
                <FieldDefinition
                 baseType="STRING"
                 description="SerialNumber"
                 name="SerialNumber"
                 ordinal="2"></FieldDefinition>
                <FieldDefinition
                 baseType="DATETIME"
                 description="Time_of_measured_data"
                 name="Time_of_measured_data"
                 ordinal="13"></FieldDefinition>
                <FieldDefinition
                 baseType="STRING"
                 description="WorkCenterNumber"
                 name="WorkCenterNumber"
                 ordinal="4"></FieldDefinition>
            </FieldDefinitions>
        </DataShape>
    </DataShapes>
</Entities>
