<?xml version="1.0" encoding="UTF-8" standalone="no"?>
<Entities build="b167" majorVersion="8" minorVersion="2"
	modelPersistenceProviderPackage="MssqlPersistenceProviderPackage"
	revision="2" schemaVersion="1020" universal="">
	<DataShapes>
		<DataShape baseDataShape="" description=""
			documentationContent="" homeMashup=""
			lastModifiedDate="2018-07-04T09:39:38.695+02:00"
			name="KBEmployeeResultDataShape" projectName="KBsmartKPI"
			tags="KBThingWorxInstallationVocabulary:ExtensionSmartKPI">
			<Owner name="adm-flassakm" type="User" />
			<avatar />
			<DesignTimePermissions>
				<Create />
				<Read />
				<Update />
				<Delete />
				<Metadata />
			</DesignTimePermissions>
			<RunTimePermissions />
			<VisibilityPermissions>
				<Visibility />
			</VisibilityPermissions>
			<ConfigurationTables />
			<FieldDefinitions>
				<FieldDefinition baseType="DATETIME"
					description="DateTimeValue" name="DateTimeValue" ordinal="11" />
				<FieldDefinition baseType="NUMBER"
					description="FloatValue" name="FloatValue" ordinal="9" />
				<FieldDefinition baseType="BOOLEAN"
					description="isDateTimeValue" name="isDateTimeValue" ordinal="14" />
				<FieldDefinition baseType="BOOLEAN"
					description="isFloatValue" name="isFloatValue" ordinal="12" />
				<FieldDefinition baseType="BOOLEAN"
					description="isTextValue" name="isTextValue" ordinal="13" />
				<FieldDefinition baseType="DATETIME"
					description="KeyValueCreationTime" name="KeyValueCreationTime"
					ordinal="7" />
				<FieldDefinition baseType="LONG"
					description="KeyValueId" name="KeyValueId" ordinal="6" />
				<FieldDefinition baseType="DATETIME"
					description="KeyValueUpdateTime" name="KeyValueUpdateTime"
					ordinal="15" />
				<FieldDefinition baseType="DATETIME"
					description="EmployeeCreationTime" name="EmployeeCreationTime"
					ordinal="1" />
				<FieldDefinition baseType="LONG"
					description="EmployeeId" name="EmployeeId" ordinal="0" />
				<FieldDefinition baseType="STRING"
					description="EmployeeNumber" name="EmployeeNumber" ordinal="3" />
				<FieldDefinition baseType="DATETIME"
					description="EmployeeUpdateTime" name="EmployeeUpdateTime"
					ordinal="5" />
				<FieldDefinition baseType="STRING"
					description="PropertyKey" name="PropertyKey" ordinal="8" />
				<FieldDefinition baseType="STRING"
					description="System" name="System" ordinal="2" />
				<FieldDefinition baseType="STRING"
					description="TextValue" name="TextValue" ordinal="10" />
			</FieldDefinitions>
			<ConfigurationChanges>
				<ConfigurationChange changeAction="CREATE"
					changeReason="header : name : updated, projectName : updated, tags : updated&#10;"
					timestamp="2018-07-04T09:39:38.695+02:00" user="adm-flassakm" />
			</ConfigurationChanges>
		</DataShape>
	</DataShapes>
</Entities>