<?xml version="1.0" encoding="UTF-8" standalone="no"?>
<Entities build="b167" majorVersion="8" minorVersion="2"
	modelPersistenceProviderPackage="MssqlPersistenceProviderPackage"
	revision="2" schemaVersion="1020" universal="">
	<DataShapes>
		<DataShape baseDataShape="" description=""
			documentationContent="" homeMashup=""
			lastModifiedDate="2019-02-08T08:24:21.064+01:00"
			name="KBActualTargetDataShape" projectName="" tags="">
			<Owner name="adm-flassakm" type="User" />
			<avatar />
			<DesignTimePermissions>
				<Create />
				<Read />
				<Update />
				<Delete />
				<Metadata />
			</DesignTimePermissions>
			<RunTimePermissions />
			<VisibilityPermissions>
				<Visibility />
			</VisibilityPermissions>
			<ConfigurationTables />
			<FieldDefinitions>
				<FieldDefinition baseType="NUMBER" description=""
					name="Actual" ordinal="1" />
				<FieldDefinition baseType="NUMBER" description=""
					name="Target" ordinal="2" />
				<FieldDefinition baseType="NUMBER" description=""
					name="Percent" ordinal="3" />
				<FieldDefinition baseType="INTEGER" description=""
					name="ActualAsInt" ordinal="4" />
				<FieldDefinition baseType="INTEGER" description=""
					name="TargetAsInt" ordinal="5" />
				<FieldDefinition baseType="STRING" description=""
					name="Color" ordinal="6" />
			</FieldDefinitions>
			<ConfigurationChanges>
				<ConfigurationChange changeAction="CREATE"
					changeReason="header : name : updated&#10;fields : Actual : Added, Target : Added&#10;"
					timestamp="2019-02-08T08:24:21.064+01:00" user="adm-flassakm" />
			</ConfigurationChanges>
		</DataShape>
	</DataShapes>
</Entities>