<?xml version="1.0" encoding="UTF-8"?>
<Entities
 build="b706"
 majorVersion="9"
 minorVersion="0"
 modelPersistenceProviderPackage="MssqlPersistenceProviderPackage"
 revision="12"
 schemaVersion="1109"
 universal="password">
    <DataShapes>
        <DataShape
         baseDataShape=""
         description=""
         documentationContent=""
         homeMashup=""
         lastModifiedDate="2022-09-05T12:51:53.484Z"
         name="KBCVSDeviationDS"
         projectName=""
         tags="">
            <avatar></avatar>
            <DesignTimePermissions>
                <Create></Create>
                <Read></Read>
                <Update></Update>
                <Delete></Delete>
                <Metadata></Metadata>
            </DesignTimePermissions>
            <RunTimePermissions></RunTimePermissions>
            <VisibilityPermissions>
                <Visibility></Visibility>
            </VisibilityPermissions>
            <ConfigurationTableDefinitions></ConfigurationTableDefinitions>
            <ConfigurationTables></ConfigurationTables>
            <FieldDefinitions>
                <FieldDefinition
                 baseType="NUMBER"
                 description="AVG_REALPROCESSINGTIMEINSEC"
                 name="AVG_REALPROCESSINGTIMEINSEC"
                 ordinal="3"></FieldDefinition>
                <FieldDefinition
                 baseType="NUMBER"
                 description="CODEVIATIONPERCENTAGE"
                 name="CODEVIATIONPERCENTAGE"
                 ordinal="9"></FieldDefinition>
                <FieldDefinition
                 baseType="NUMBER"
                 description="MEDIAN_REALPROCESSINGTIME"
                 name="MEDIAN_REALPROCESSINGTIME"
                 ordinal="6"></FieldDefinition>
                <FieldDefinition
                 baseType="NUMBER"
                 description="MEDIANREALPROCESSINGTIME_MINUS_REALPROCESSINGTIME"
                 name="MEDIANREALPROCESSINGTIME_MINUS_REALPROCESSINGTIME"
                 ordinal="8"></FieldDefinition>
                <FieldDefinition
                 baseType="LONG"
                 description="NUMBEROFPRODUCEDPARTS"
                 name="NUMBEROFPRODUCEDPARTS"
                 ordinal="1"></FieldDefinition>
                <FieldDefinition
                 baseType="STRING"
                 description="PARTNUMBER"
                 name="PARTNUMBER"
                 ordinal="0"></FieldDefinition>
                <FieldDefinition
                 baseType="NUMBER"
                 description="PLANNEDNUMBEROFWORKERS"
                 name="PLANNEDNUMBEROFWORKERS"
                 ordinal="2"></FieldDefinition>
                <FieldDefinition
                 baseType="NUMBER"
                 description="PROCESSINGTIMEINSECCO"
                 name="PROCESSINGTIMEINSECCO"
                 ordinal="5"></FieldDefinition>
                <FieldDefinition
                 baseType="NUMBER"
                 description="PROCESSINGTIMEINSECCO_MINUS_REALPROCESSINGTIME"
                 name="PROCESSINGTIMEINSECCO_MINUS_REALPROCESSINGTIME"
                 ordinal="7"></FieldDefinition>
                <FieldDefinition
                 baseType="NUMBER"
                 description="TGMAXDEVIATIONPERCENTAGE"
                 name="TGMAXDEVIATIONPERCENTAGE"
                 ordinal="10"></FieldDefinition>
                <FieldDefinition
                 baseType="NUMBER"
                 description="TGMAXINSEC"
                 name="TGMAXINSEC"
                 ordinal="4"></FieldDefinition>
            </FieldDefinitions>
        </DataShape>
    </DataShapes>
</Entities>
