<?xml version="1.0" encoding="UTF-8" standalone="no"?>
<Entities build="b167" majorVersion="8" minorVersion="2"
	modelPersistenceProviderPackage="MssqlPersistenceProviderPackage"
	revision="2" schemaVersion="1020" universal="">
	<DataShapes>
		<DataShape baseDataShape="" description=""
			documentationContent="" homeMashup=""
			lastModifiedDate="2019-09-16T09:33:54.119+02:00"
			name="KBWeeklyDowntimeStatisicDataShape" projectName="" tags="">
			<Owner name="adm-flassakm" type="User" />
			<avatar />
			<DesignTimePermissions>
				<Create />
				<Read />
				<Update />
				<Delete />
				<Metadata />
			</DesignTimePermissions>
			<RunTimePermissions />
			<VisibilityPermissions>
				<Visibility />
			</VisibilityPermissions>
			<ConfigurationTables />
			<FieldDefinitions>
				<FieldDefinition baseType="INTEGER"
					description="ChangeoverTimeSumInSeconds"
					name="ChangeoverTimeSumInSeconds" ordinal="8" />
				<FieldDefinition baseType="STRING"
					description="DayName" name="DayName" ordinal="0" />
				<FieldDefinition baseType="NUMBER" description=""
					name="OEE2" ordinal="11" />
				<FieldDefinition baseType="INTEGER"
					description="OITimeSumInSeconds" name="OITimeSumInSeconds"
					ordinal="4" />
				<FieldDefinition baseType="INTEGER"
					description="PITimeSumInSeconds" name="PITimeSumInSeconds"
					ordinal="2" />
				<FieldDefinition baseType="INTEGER"
					description="PTimeSumInSeconds" name="PTimeSumInSeconds"
					ordinal="1" />
				<FieldDefinition baseType="INTEGER"
					description="QualityTimeSumInSeconds"
					name="QualityTimeSumInSeconds" ordinal="5" />
				<FieldDefinition baseType="NUMBER" description=""
					name="RQ" ordinal="12" />
				<FieldDefinition baseType="INTEGER"
					description="TITimeSumInSeconds" name="TITimeSumInSeconds"
					ordinal="3" />
				<FieldDefinition baseType="INTEGER"
					description="UnknownTimeSumInSeconds"
					name="UnknownTimeSumInSeconds" ordinal="6" />
				<FieldDefinition baseType="INTEGER"
					description="UnplannedTimeSumInSeconds"
					name="UnplannedTimeSumInSeconds" ordinal="7" />
				<FieldDefinition baseType="NUMBER" description=""
					name="Utilization" ordinal="11" />
			</FieldDefinitions>
			<ConfigurationChanges>
				<ConfigurationChange changeAction="CREATE"
					changeReason="header : name : updated&#10;"
					timestamp="2019-09-12T13:55:28.740+02:00" user="adm-flassakm" />
				<ConfigurationChange changeAction="MODIFY"
					changeReason="" timestamp="2019-09-16T09:33:54.119+02:00"
					user="adm-flassakm" />
			</ConfigurationChanges>
		</DataShape>
	</DataShapes>
</Entities>