<?xml version="1.0" encoding="UTF-8"?>
<Entities
 build="b706"
 majorVersion="9"
 minorVersion="0"
 modelPersistenceProviderPackage="MssqlPersistenceProviderPackage"
 revision="12"
 schemaVersion="1109"
 universal="password">
    <DataShapes>
        <DataShape
         baseDataShape=""
         description=""
         documentationContent=""
         homeMashup=""
         lastModifiedDate="2022-04-11T08:25:27.622Z"
         name="KBListOfProducedPartsDataShape"
         projectName=""
         tags="">
            <avatar></avatar>
            <DesignTimePermissions>
                <Create></Create>
                <Read></Read>
                <Update></Update>
                <Delete></Delete>
                <Metadata></Metadata>
            </DesignTimePermissions>
            <RunTimePermissions></RunTimePermissions>
            <VisibilityPermissions>
                <Visibility></Visibility>
            </VisibilityPermissions>
            <ConfigurationTableDefinitions></ConfigurationTableDefinitions>
            <ConfigurationTables></ConfigurationTables>
            <FieldDefinitions>
                <FieldDefinition
                 baseType="DATETIME"
                 description="CreationTime"
                 name="CreationTime"
                 ordinal="1"></FieldDefinition>
                <FieldDefinition
                 baseType="LONG"
                 description="Id"
                 name="Id"
                 ordinal="0"></FieldDefinition>
                <FieldDefinition
                 baseType="BOOLEAN"
                 description="isPartOK"
                 name="isPartOK"
                 ordinal="4"></FieldDefinition>
                <FieldDefinition
                 baseType="BOOLEAN"
                 description="isUpdated"
                 name="isUpdated"
                 ordinal="12"></FieldDefinition>
                <FieldDefinition
                 baseType="STRING"
                 description="Machine"
                 name="Machine"
                 ordinal="2"></FieldDefinition>
                <FieldDefinition
                 baseType="INTEGER"
                 description="numberOfParts"
                 name="numberOfParts"
                 ordinal="10"></FieldDefinition>
                <FieldDefinition
                 baseType="STRING"
                 description="OrderNumber"
                 name="OrderNumber"
                 ordinal="7"></FieldDefinition>
                <FieldDefinition
                 baseType="STRING"
                 description="PartNumber"
                 name="PartNumber"
                 ordinal="5"></FieldDefinition>
                <FieldDefinition
                 baseType="NUMBER"
                 description="ProcessingTimeInSec"
                 name="ProcessingTimeInSec"
                 ordinal="18"></FieldDefinition>
                <FieldDefinition
                 baseType="NUMBER"
                 description="ProcessingTimeInSecAPO"
                 name="ProcessingTimeInSecAPO"
                 ordinal="20"></FieldDefinition>
                <FieldDefinition
                 baseType="NUMBER"
                 description="ProcessingTimeInSecCO"
                 name="ProcessingTimeInSecCO"
                 ordinal="19"></FieldDefinition>
                <FieldDefinition
                 baseType="DATETIME"
                 description="ProductionTime"
                 name="ProductionTime"
                 ordinal="3"></FieldDefinition>
                <FieldDefinition
                 baseType="STRING"
                 description="ScrapReason"
                 name="ScrapReason"
                 ordinal="9"></FieldDefinition>
                <FieldDefinition
                 baseType="STRING"
                 description="SerialNumber"
                 name="SerialNumber"
                 ordinal="6"></FieldDefinition>
                <FieldDefinition
                 baseType="NUMBER"
                 description="SetupTimeInSec"
                 name="SetupTimeInSec"
                 ordinal="13"></FieldDefinition>
                <FieldDefinition
                 baseType="NUMBER"
                 description="SetupTimeInSecAPO"
                 name="SetupTimeInSecAPO"
                 ordinal="14"></FieldDefinition>
                <FieldDefinition
                 baseType="NUMBER"
                 description="SetupTimeInSecCO"
                 name="SetupTimeInSecCO"
                 ordinal="15"></FieldDefinition>
                <FieldDefinition
                 baseType="STRING"
                 description="Station"
                 name="Station"
                 ordinal="11"></FieldDefinition>
                <FieldDefinition
                 baseType="NUMBER"
                 description="TeardownTimeInSec"
                 name="TeardownTimeInSec"
                 ordinal="16"></FieldDefinition>
                <FieldDefinition
                 baseType="NUMBER"
                 description="tgMaxTimeInSec"
                 name="tgMaxTimeInSec"
                 ordinal="17"></FieldDefinition>
                <FieldDefinition
                 baseType="NUMBER"
                 description="timePerPartSec"
                 name="timePerPartSec"
                 ordinal="8"></FieldDefinition>
                <FieldDefinition
                 aspect.isPrimaryKey="false"
                 baseType="DATETIME"
                 description=""
                 name="UTCCreationTime"
                 ordinal="21"></FieldDefinition>
            </FieldDefinitions>
        </DataShape>
    </DataShapes>
</Entities>
