<?xml version="1.0" encoding="UTF-8"?>
<Entities
 build="b97"
 majorVersion="8"
 minorVersion="4"
 modelPersistenceProviderPackage="MssqlPersistenceProviderPackage"
 revision="11"
 schemaVersion="1044"
 universal="password">
    <DataShapes>
        <DataShape
         baseDataShape=""
         description=""
         documentationContent=""
         homeMashup=""
         lastModifiedDate="2021-05-04T16:19:43.921+02:00"
         name="KBStationThingDataPropertyShape"
         projectName=""
         tags="">
            <avatar></avatar>
            <DesignTimePermissions>
                <Create></Create>
                <Read></Read>
                <Update></Update>
                <Delete></Delete>
                <Metadata></Metadata>
            </DesignTimePermissions>
            <RunTimePermissions></RunTimePermissions>
            <VisibilityPermissions>
                <Visibility></Visibility>
            </VisibilityPermissions>
            <ConfigurationTableDefinitions></ConfigurationTableDefinitions>
            <ConfigurationTables></ConfigurationTables>
            <FieldDefinitions>
                <FieldDefinition
                 aspect.cacheTime="0.0"
                 aspect.dataChangeType="VALUE"
                 aspect.isPersistent="true"
                 baseType="STRING"
                 description=""
                 name="AndonText"
                 ordinal="18"></FieldDefinition>
                <FieldDefinition
                 aspect.cacheTime="0.0"
                 aspect.dataChangeType="VALUE"
                 aspect.defaultValue="false"
                 aspect.isLogged="false"
                 aspect.isPersistent="true"
                 baseType="BOOLEAN"
                 description=""
                 name="AutoDetectedPiecesbyCycle"
                 ordinal="12"></FieldDefinition>
                <FieldDefinition
                 aspect.cacheTime="0.0"
                 aspect.dataChangeType="VALUE"
                 aspect.defaultValue="false"
                 aspect.isLogged="false"
                 aspect.isPersistent="true"
                 aspect.isReadOnly="false"
                 baseType="BOOLEAN"
                 description=""
                 name="BypassGenericTestBenchDataBuffer"
                 ordinal="8"></FieldDefinition>
                <FieldDefinition
                 aspect.cacheTime="0.0"
                 aspect.dataChangeType="VALUE"
                 aspect.defaultValue="false"
                 aspect.isLogged="false"
                 aspect.isPersistent="true"
                 aspect.isReadOnly="false"
                 baseType="BOOLEAN"
                 description=""
                 name="BypassMachineDataBuffer"
                 ordinal="5"></FieldDefinition>
                <FieldDefinition
                 aspect.cacheTime="0.0"
                 aspect.dataChangeType="VALUE"
                 aspect.defaultValue="false"
                 aspect.isLogged="false"
                 aspect.isPersistent="true"
                 aspect.isReadOnly="false"
                 baseType="BOOLEAN"
                 description=""
                 name="BypassMessageDataBuffer"
                 ordinal="4"></FieldDefinition>
                <FieldDefinition
                 aspect.cacheTime="0.0"
                 aspect.dataChangeType="VALUE"
                 aspect.defaultValue="false"
                 aspect.isLogged="false"
                 aspect.isPersistent="true"
                 aspect.isReadOnly="false"
                 baseType="BOOLEAN"
                 description=""
                 name="BypassPartDataBuffer"
                 ordinal="6"></FieldDefinition>
                <FieldDefinition
                 aspect.cacheTime="0.0"
                 aspect.dataChangeType="VALUE"
                 aspect.defaultValue="false"
                 aspect.isLogged="false"
                 aspect.isPersistent="true"
                 aspect.isReadOnly="false"
                 baseType="BOOLEAN"
                 description=""
                 name="BypassStateDataBuffer"
                 ordinal="7"></FieldDefinition>
                <FieldDefinition
                 aspect.cacheTime="0.0"
                 aspect.dataChangeType="VALUE"
                 aspect.defaultValue="false"
                 aspect.isLogged="false"
                 aspect.isPersistent="true"
                 aspect.isReadOnly="false"
                 baseType="BOOLEAN"
                 description=""
                 name="CanPushRateOfQualityData"
                 ordinal="7"></FieldDefinition>
                <FieldDefinition
                 aspect.cacheTime="0.0"
                 aspect.dataChangeThreshold="0.0"
                 aspect.dataChangeType="VALUE"
                 aspect.defaultValue="0"
                 aspect.isLogged="true"
                 aspect.isPersistent="true"
                 aspect.isReadOnly="false"
                 aspect.units="pieces"
                 baseType="INTEGER"
                 description="Do not change, for Operator User Interface only!"
                 name="CurrentOEETargetShiftForManualInput"
                 ordinal="7"></FieldDefinition>
                <FieldDefinition
                 aspect.cacheTime="0.0"
                 aspect.dataChangeType="VALUE"
                 aspect.defaultValue="0"
                 aspect.isLogged="true"
                 aspect.isPersistent="true"
                 aspect.isReadOnly="false"
                 baseType="STRING"
                 description="Do not change, for Operator User Inerface only!"
                 name="CurrentOrderForManualInput"
                 ordinal="1"></FieldDefinition>
                <FieldDefinition
                 aspect.cacheTime="0.0"
                 aspect.dataChangeType="VALUE"
                 aspect.isLogged="true"
                 aspect.isPersistent="true"
                 aspect.isReadOnly="false"
                 baseType="STRING"
                 description="Current Order Number in Production (from last message)"
                 name="CurrentOrderNumber"
                 ordinal="23"></FieldDefinition>
                <FieldDefinition
                 aspect.cacheTime="0.0"
                 aspect.dataChangeType="VALUE"
                 aspect.defaultValue="0"
                 aspect.isLogged="true"
                 aspect.isPersistent="true"
                 aspect.isReadOnly="false"
                 baseType="STRING"
                 description="Do not change, for Operator User Inerface only!"
                 name="CurrentPartForManualInput"
                 ordinal="1"></FieldDefinition>
                <FieldDefinition
                 aspect.cacheTime="0.0"
                 aspect.dataChangeType="VALUE"
                 aspect.isLogged="true"
                 aspect.isPersistent="true"
                 aspect.isReadOnly="false"
                 baseType="STRING"
                 description="Current Part Number in Production (from last message)"
                 name="CurrentPartNumber"
                 ordinal="24"></FieldDefinition>
                <FieldDefinition
                 aspect.cacheTime="0.0"
                 aspect.dataChangeType="VALUE"
                 aspect.defaultValue="0"
                 aspect.isLogged="true"
                 aspect.isPersistent="true"
                 baseType="INTEGER"
                 description=""
                 name="CurrentRQTargetShiftForManualInput"
                 ordinal="11"></FieldDefinition>
                <FieldDefinition
                 aspect.cacheTime="0.0"
                 aspect.dataChangeThreshold="0.0"
                 aspect.dataChangeType="VALUE"
                 aspect.defaultValue="0"
                 aspect.isLogged="true"
                 aspect.isPersistent="true"
                 aspect.isReadOnly="false"
                 aspect.units="pieces"
                 baseType="INTEGER"
                 description="Do not change, for Operator User Interface only!"
                 name="CurrentTargetShiftForManualInput"
                 ordinal="6"></FieldDefinition>
                <FieldDefinition
                 aspect.isBuiltIn="true"
                 aspect.isPersistent="false"
                 aspect.isReadOnly="true"
                 baseType="STRING"
                 description="Thing description"
                 name="description"
                 ordinal="0"></FieldDefinition>
                <FieldDefinition
                 aspect.cacheTime="0.0"
                 aspect.dataChangeType="VALUE"
                 aspect.isLogged="false"
                 aspect.isPersistent="true"
                 aspect.isReadOnly="false"
                 baseType="STRING"
                 description="Name for Visualizations"
                 name="DisplayName"
                 ordinal="1"></FieldDefinition>
                <FieldDefinition
                 aspect.cacheTime="0.0"
                 aspect.dataChangeType="VALUE"
                 aspect.defaultValue="0"
                 aspect.isLogged="true"
                 aspect.isPersistent="true"
                 baseType="INTEGER"
                 description="Do not change, for Operator User Inerface only!"
                 name="EmptyFixtureCounterForManualInput"
                 ordinal="10"></FieldDefinition>
                <FieldDefinition
                 aspect.cacheTime="0.0"
                 aspect.dataChangeType="VALUE"
                 aspect.isLogged="false"
                 aspect.isPersistent="true"
                 aspect.isReadOnly="false"
                 baseType="STRING"
                 description="Full Division Name"
                 name="FullName"
                 ordinal="2"></FieldDefinition>
                <FieldDefinition
                 aspect.cacheTime="0.0"
                 aspect.dataChangeType="VALUE"
                 aspect.defaultValue="false"
                 aspect.isLogged="false"
                 aspect.isPersistent="true"
                 aspect.isReadOnly="false"
                 baseType="BOOLEAN"
                 description=""
                 name="HasOEE2Values"
                 ordinal="5"></FieldDefinition>
                <FieldDefinition
                 aspect.cacheTime="0.0"
                 aspect.dataChangeType="VALUE"
                 aspect.defaultValue="false"
                 aspect.isLogged="false"
                 aspect.isPersistent="true"
                 aspect.isReadOnly="false"
                 baseType="BOOLEAN"
                 description=""
                 name="HasRateOfQualityValues"
                 ordinal="4"></FieldDefinition>
                <FieldDefinition
                 aspect.cacheTime="0.0"
                 aspect.dataChangeType="VALUE"
                 aspect.defaultValue="false"
                 aspect.isLogged="false"
                 aspect.isPersistent="true"
                 aspect.isReadOnly="false"
                 baseType="BOOLEAN"
                 description=""
                 name="HasUtilizationValues"
                 ordinal="6"></FieldDefinition>
                <FieldDefinition
                 aspect.cacheTime="0.0"
                 aspect.dataChangeType="VALUE"
                 aspect.defaultValue="true"
                 aspect.isLogged="false"
                 aspect.isPersistent="true"
                 aspect.isReadOnly="false"
                 baseType="BOOLEAN"
                 description=""
                 name="isActive"
                 ordinal="3"></FieldDefinition>
                <FieldDefinition
                 aspect.defaultValue="false"
                 aspect.isPersistent="false"
                 aspect.isReadOnly="true"
                 baseType="BOOLEAN"
                 description="Flag indicating if connected or not"
                 name="isConnected"
                 ordinal="0"></FieldDefinition>
                <FieldDefinition
                 aspect.cacheTime="0.0"
                 aspect.dataChangeType="VALUE"
                 aspect.defaultValue="false"
                 aspect.isLogged="false"
                 aspect.isPersistent="true"
                 aspect.isReadOnly="false"
                 baseType="BOOLEAN"
                 description="Is Operator Input Screen Used For This Station?"
                 name="IsOperatorInputScreenUsedForThisStation"
                 ordinal="1"></FieldDefinition>
                <FieldDefinition
                 aspect.defaultValue="false"
                 aspect.isPersistent="false"
                 aspect.isReadOnly="true"
                 baseType="BOOLEAN"
                 description="Health of this device's connection"
                 name="isReporting"
                 ordinal="0"></FieldDefinition>
                <FieldDefinition
                 aspect.cacheTime="0.0"
                 aspect.dataChangeType="VALUE"
                 aspect.defaultValue="false"
                 aspect.isLogged="false"
                 aspect.isPersistent="true"
                 aspect.isReadOnly="false"
                 baseType="BOOLEAN"
                 description=""
                 name="IsSmartKpiAreaLevel"
                 ordinal="2"></FieldDefinition>
                <FieldDefinition
                 aspect.cacheTime="0.0"
                 aspect.dataChangeType="VALUE"
                 aspect.defaultValue="false"
                 aspect.isLogged="false"
                 aspect.isPersistent="true"
                 aspect.isReadOnly="false"
                 baseType="BOOLEAN"
                 description=""
                 name="IsSmartKpiMachineLevel"
                 ordinal="3"></FieldDefinition>
                <FieldDefinition
                 aspect.cacheTime="0.0"
                 aspect.dataChangeType="VALUE"
                 aspect.defaultValue="false"
                 aspect.isLogged="false"
                 aspect.isPersistent="true"
                 aspect.isReadOnly="false"
                 baseType="BOOLEAN"
                 description=""
                 name="IsSmartKpiPlantLevel"
                 ordinal="1"></FieldDefinition>
                <FieldDefinition
                 aspect.cacheTime="0.0"
                 aspect.dataChangeType="VALUE"
                 aspect.isLogged="false"
                 aspect.isPersistent="true"
                 aspect.isReadOnly="false"
                 aspect.thingTemplate="KBLocalMachineThingTemplate"
                 baseType="THINGNAME"
                 description=""
                 name="KBLocalLineThing"
                 ordinal="3"></FieldDefinition>
                <FieldDefinition
                 aspect.defaultValue="1970-01-01T01:00:00.000+01:00"
                 aspect.isPersistent="true"
                 aspect.isReadOnly="true"
                 baseType="DATETIME"
                 description="Last connection time"
                 name="lastConnection"
                 ordinal="0"></FieldDefinition>
                <FieldDefinition
                 aspect.cacheTime="0.0"
                 aspect.dataChangeType="VALUE"
                 aspect.isLogged="true"
                 aspect.isPersistent="true"
                 aspect.isReadOnly="false"
                 baseType="STRING"
                 description="Last Order Number in Production (last one from messages which is different to current one)"
                 name="LastOrderNumber"
                 ordinal="21"></FieldDefinition>
                <FieldDefinition
                 aspect.cacheTime="0.0"
                 aspect.dataChangeType="VALUE"
                 aspect.isLogged="true"
                 aspect.isPersistent="true"
                 aspect.isReadOnly="false"
                 baseType="STRING"
                 description="Last Part Number in Production (last one from messages which is different to current one)"
                 name="LastPartNumber"
                 ordinal="22"></FieldDefinition>
                <FieldDefinition
                 aspect.cacheTime="0.0"
                 aspect.dataChangeType="VALUE"
                 aspect.isLogged="true"
                 aspect.isPersistent="true"
                 aspect.isReadOnly="false"
                 baseType="STRING"
                 description="Line"
                 name="Line"
                 ordinal="1"></FieldDefinition>
                <FieldDefinition
                 aspect.cacheTime="0.0"
                 aspect.dataChangeType="VALUE"
                 aspect.dataShape="KBLocalStationDataReceiverMachineDataShape"
                 aspect.isLogged="false"
                 aspect.isPersistent="true"
                 aspect.isReadOnly="false"
                 baseType="INFOTABLE"
                 description=""
                 name="MachineData"
                 ordinal="16"></FieldDefinition>
                <FieldDefinition
                 aspect.cacheTime="0.0"
                 aspect.dataChangeType="VALUE"
                 aspect.dataShape="KBLocalStationDataReceiverStateDataShape"
                 aspect.isLogged="false"
                 aspect.isPersistent="true"
                 aspect.isReadOnly="false"
                 baseType="INFOTABLE"
                 description=""
                 name="MachineEvent"
                 ordinal="15"></FieldDefinition>
                <FieldDefinition
                 aspect.cacheTime="0.0"
                 aspect.dataChangeType="VALUE"
                 aspect.isLogged="true"
                 aspect.isPersistent="true"
                 aspect.isReadOnly="false"
                 baseType="STRING"
                 description="Machine State"
                 name="MachineState"
                 ordinal="10"></FieldDefinition>
                <FieldDefinition
                 aspect.cacheTime="0.0"
                 aspect.dataChangeType="VALUE"
                 aspect.isLogged="true"
                 aspect.isPersistent="true"
                 aspect.isReadOnly="false"
                 baseType="DATETIME"
                 description="Machine State Date"
                 name="MachineStateDate"
                 ordinal="11"></FieldDefinition>
                <FieldDefinition
                 aspect.cacheTime="0.0"
                 aspect.dataChangeType="VALUE"
                 aspect.isLogged="true"
                 aspect.isPersistent="true"
                 aspect.isReadOnly="false"
                 baseType="STRING"
                 description="Machine State Level2"
                 name="MachineStateLevel2"
                 ordinal="25"></FieldDefinition>
                <FieldDefinition
                 aspect.cacheTime="0.0"
                 aspect.dataChangeType="VALUE"
                 aspect.isPersistent="true"
                 baseType="BOOLEAN"
                 description=""
                 name="ManualPaletteChange"
                 ordinal="14"></FieldDefinition>
                <FieldDefinition
                 aspect.cacheTime="0.0"
                 aspect.dataChangeType="VALUE"
                 aspect.isPersistent="true"
                 baseType="BOOLEAN"
                 description=""
                 name="ManualPieceChange"
                 ordinal="15"></FieldDefinition>
                <FieldDefinition
                 aspect.cacheTime="0.0"
                 aspect.dataChangeType="VALUE"
                 aspect.dataShape="KBLocalStationDataReceiverMessageDataShape"
                 aspect.isLogged="false"
                 aspect.isPersistent="true"
                 aspect.isReadOnly="false"
                 baseType="INFOTABLE"
                 description="***DEPRECATED***"
                 name="MessageData"
                 ordinal="18"></FieldDefinition>
                <FieldDefinition
                 aspect.cacheTime="0.0"
                 aspect.dataChangeType="VALUE"
                 aspect.isPersistent="true"
                 baseType="BOOLEAN"
                 description=""
                 name="MultiPaletteMachine"
                 ordinal="13"></FieldDefinition>
                <FieldDefinition
                 aspect.isBuiltIn="true"
                 aspect.isPersistent="false"
                 aspect.isReadOnly="true"
                 baseType="STRING"
                 description="Thing name"
                 name="name"
                 ordinal="0"></FieldDefinition>
                <FieldDefinition
                 aspect.cacheTime="0.0"
                 aspect.dataChangeType="VALUE"
                 aspect.defaultValue="0"
                 aspect.isLogged="true"
                 aspect.isPersistent="true"
                 aspect.isReadOnly="false"
                 baseType="INTEGER"
                 description="Do not change, for Operator User Inerface only!"
                 name="PartCounterForManualInput"
                 ordinal="1"></FieldDefinition>
                <FieldDefinition
                 aspect.cacheTime="0.0"
                 aspect.dataChangeType="VALUE"
                 aspect.dataShape="KBLocalStationDataReceiverPartDataShape"
                 aspect.isLogged="false"
                 aspect.isPersistent="true"
                 aspect.isReadOnly="false"
                 baseType="INFOTABLE"
                 description="***DEPRECATED***"
                 name="PartData"
                 ordinal="17"></FieldDefinition>
                <FieldDefinition
                 aspect.cacheTime="0.0"
                 aspect.dataChangeThreshold="0.0"
                 aspect.dataChangeType="VALUE"
                 aspect.defaultValue="0"
                 aspect.isLogged="true"
                 aspect.isPersistent="true"
                 aspect.isReadOnly="false"
                 baseType="INTEGER"
                 description="Do not change, for Operator User Inerface only!"
                 name="PartNOKCounterForManualInput"
                 ordinal="1"></FieldDefinition>
                <FieldDefinition
                 aspect.cacheTime="0.0"
                 aspect.dataChangeType="VALUE"
                 aspect.dataShape="KBPartsAtLineDataShape"
                 aspect.isLogged="false"
                 aspect.isPersistent="true"
                 aspect.isReadOnly="false"
                 baseType="INFOTABLE"
                 description=""
                 name="PartsAtLineForAndonScreen"
                 ordinal="1"></FieldDefinition>
                <FieldDefinition
                 aspect.cacheTime="0.0"
                 aspect.dataChangeType="VALUE"
                 aspect.defaultValue="false"
                 aspect.isPersistent="true"
                 baseType="BOOLEAN"
                 description=""
                 name="RailOEE2Confirmation"
                 ordinal="17"></FieldDefinition>
                <FieldDefinition
                 aspect.defaultValue="1970-01-01T01:00:00.000+01:00"
                 aspect.isPersistent="true"
                 aspect.isReadOnly="true"
                 baseType="DATETIME"
                 description="Last time isReporting value changed"
                 name="reportingLastChange"
                 ordinal="0"></FieldDefinition>
                <FieldDefinition
                 aspect.defaultValue="1970-01-01T01:00:00.000+01:00"
                 aspect.isPersistent="true"
                 aspect.isReadOnly="true"
                 baseType="DATETIME"
                 description="Last time evaluated for Reporting"
                 name="reportingLastEvaluation"
                 ordinal="0"></FieldDefinition>
                <FieldDefinition
                 aspect.cacheTime="0.0"
                 aspect.dataChangeThreshold="0.0"
                 aspect.dataChangeType="VALUE"
                 aspect.defaultValue="0"
                 aspect.isLogged="true"
                 aspect.isPersistent="true"
                 aspect.isReadOnly="false"
                 baseType="INTEGER"
                 description="If no part is produced after given minutes status KBMaschStatus.1.OI.AutoSet will be set. 0 means deactivated!"
                 name="SetOIStatusAutomaticallyAfterXminutes"
                 ordinal="1"></FieldDefinition>
                <FieldDefinition
                 aspect.cacheTime="0.0"
                 aspect.dataChangeType="VALUE"
                 aspect.isLogged="true"
                 aspect.isPersistent="true"
                 aspect.isReadOnly="false"
                 baseType="STRING"
                 description="Station"
                 name="Station"
                 ordinal="2"></FieldDefinition>
                <FieldDefinition
                 aspect.isBuiltIn="true"
                 aspect.isPersistent="false"
                 aspect.isReadOnly="true"
                 aspect.tagType="ModelTags"
                 baseType="TAGS"
                 description="Thing Tags"
                 name="tags"
                 ordinal="0"></FieldDefinition>
                <FieldDefinition
                 aspect.isBuiltIn="true"
                 aspect.isPersistent="false"
                 aspect.isReadOnly="true"
                 baseType="THINGTEMPLATENAME"
                 description="Thing Template"
                 name="thingTemplate"
                 ordinal="0"></FieldDefinition>
                <FieldDefinition
                 aspect.cacheTime="0.0"
                 aspect.dataChangeType="VALUE"
                 aspect.isLogged="true"
                 aspect.isPersistent="true"
                 baseType="BOOLEAN"
                 description=""
                 name="UsePlantOverlapSingOnTime"
                 ordinal="19"></FieldDefinition>
            </FieldDefinitions>
        </DataShape>
    </DataShapes>
</Entities>
