<?xml version="1.0" encoding="UTF-8"?>
<Entities
 build="b97"
 majorVersion="8"
 minorVersion="4"
 modelPersistenceProviderPackage="MssqlPersistenceProviderPackage"
 revision="11"
 schemaVersion="1044"
 universal="password">
    <DataShapes>
        <DataShape
         baseDataShape=""
         description=""
         documentationContent=""
         homeMashup=""
         lastModifiedDate="2021-05-31T09:36:27.968+02:00"
         name="KBCVSMachineDLP1ReportDataShape"
         projectName=""
         tags="">
            <avatar></avatar>
            <DesignTimePermissions>
                <Create></Create>
                <Read></Read>
                <Update></Update>
                <Delete></Delete>
                <Metadata></Metadata>
            </DesignTimePermissions>
            <RunTimePermissions></RunTimePermissions>
            <VisibilityPermissions>
                <Visibility></Visibility>
            </VisibilityPermissions>
            <ConfigurationTableDefinitions></ConfigurationTableDefinitions>
            <ConfigurationTables></ConfigurationTables>
            <FieldDefinitions>
                <FieldDefinition
                 baseType="INTEGER"
                 description="ActualWorkers"
                 name="ActualWorkers"
                 ordinal="5"></FieldDefinition>
                <FieldDefinition
                 baseType="NUMBER"
                 description="DLP1"
                 name="DLP1"
                 ordinal="6"></FieldDefinition>
                <FieldDefinition
                 baseType="NUMBER"
                 description="DLP1Target"
                 name="DLP1Target"
                 ordinal="7"></FieldDefinition>
                <FieldDefinition
                 baseType="NUMBER"
                 description="DLP1TargetCumulative"
                 name="DLP1TargetCumulative"
                 ordinal="8"></FieldDefinition>
                <FieldDefinition
                 baseType="LONG"
                 description="Duration"
                 name="Duration"
                 ordinal="4"></FieldDefinition>
                <FieldDefinition
                 baseType="NUMBER"
                 description="LabourTime"
                 name="LabourTime"
                 ordinal="3"></FieldDefinition>
                <FieldDefinition
                 baseType="STRING"
                 description="Machine"
                 name="Machine"
                 ordinal="0"></FieldDefinition>
                <FieldDefinition
                 baseType="DATETIME"
                 description="newTime"
                 name="newTime"
                 ordinal="2"></FieldDefinition>
                <FieldDefinition
                 baseType="DATETIME"
                 description="oldTime"
                 name="oldTime"
                 ordinal="1"></FieldDefinition>
            </FieldDefinitions>
        </DataShape>
    </DataShapes>
</Entities>
