<?xml version="1.0" encoding="UTF-8" standalone="no"?>
<Entities build="b52" majorVersion="8" minorVersion="0"
	modelPersistenceProviderPackage="MssqlPersistenceProviderPackage"
	revision="3" schemaVersion="1000">
	<DataShapes>
		<DataShape aspect.isExtension="true" baseDataShape=""
			description="" documentationContent="" homeMashup=""
			lastModifiedDate="2018-01-30T13:12:23.588+01:00"
			name="KBMachineLocalizedStatusDefinition1DataShape"
			projectName="KBsmartKPI"
			tags="KBThingWorxInstallationVocabulary:ExtensionSmartKPI">
			<Owner name="SuperUser" type="User" />
			<avatar />
			<DesignTimePermissions>
				<Create />
				<Read />
				<Update />
				<Delete />
				<Metadata />
			</DesignTimePermissions>
			<RunTimePermissions />
			<VisibilityPermissions>
				<Visibility />
			</VisibilityPermissions>
			<ConfigurationTables />
			<FieldDefinitions>
				<FieldDefinition baseType="STRING" description=""
					name="LocalizedStatus" ordinal="5" />
				<FieldDefinition aspect.isPrimaryKey="true"
					baseType="STRING" description="" name="Machine" ordinal="1" />
				<FieldDefinition baseType="NUMBER" description=""
					name="SortingIndex" ordinal="4" />
				<FieldDefinition aspect.isPrimaryKey="true"
					baseType="STRING" description="" name="Status" ordinal="3" />
				<FieldDefinition aspect.isPrimaryKey="true"
					baseType="STRING" description="" name="SubStatus" ordinal="2" />
				<FieldDefinition aspect.isPrimaryKey="false"
					baseType="STRING" description="" name="RequestedMachine"
					ordinal="6" />
				<FieldDefinition aspect.isPrimaryKey="false"
					baseType="INTEGER" description="" name="TimeLossInSec" ordinal="7" />
			</FieldDefinitions>
			<ConfigurationChanges>
				<ConfigurationChange changeAction="CREATE"
					changeReason="header : name : updated&#10;fields : LocalizedStatus : Added&#10;"
					timestamp="2018-01-23T08:39:56.840+01:00" user="adm-flassakm" />
				<ConfigurationChange changeAction="MODIFY"
					changeReason="header : tags : updated&#10;"
					timestamp="2018-01-23T10:14:57.934+01:00" user="adm-flassakm" />
				<ConfigurationChange changeAction="CREATE"
					changeReason="Importing Extension Package Metadata"
					timestamp="2018-01-23T10:20:46.788+01:00" user="SuperUser" />
				<ConfigurationChange changeAction="MODIFY"
					changeReason="Importing Extension Package Metadata"
					timestamp="2018-01-23T11:02:40.673+01:00" user="SuperUser" />
				<ConfigurationChange changeAction="MODIFY"
					changeReason="Importing Extension Package Metadata"
					timestamp="2018-01-24T13:21:01.573+01:00" user="SuperUser" />
				<ConfigurationChange changeAction="MODIFY"
					changeReason="Importing Extension Package Metadata"
					timestamp="2018-01-24T13:23:30.357+01:00" user="SuperUser" />
				<ConfigurationChange changeAction="MODIFY"
					changeReason="Importing Extension Package Metadata"
					timestamp="2018-01-25T11:41:12.097+01:00" user="SuperUser" />
				<ConfigurationChange changeAction="MODIFY"
					changeReason="Importing Extension Package Metadata"
					timestamp="2018-01-25T14:43:07.752+01:00" user="SuperUser" />
				<ConfigurationChange changeAction="MODIFY"
					changeReason="Importing Extension Package Metadata"
					timestamp="2018-01-25T15:29:55.914+01:00" user="SuperUser" />
				<ConfigurationChange changeAction="MODIFY"
					changeReason="Importing Extension Package Metadata"
					timestamp="2018-01-25T15:40:24.556+01:00" user="SuperUser" />
				<ConfigurationChange changeAction="MODIFY"
					changeReason="Importing Extension Package Metadata"
					timestamp="2018-01-25T16:04:11.895+01:00" user="SuperUser" />
				<ConfigurationChange changeAction="MODIFY"
					changeReason="Importing Extension Package Metadata"
					timestamp="2018-01-26T14:49:04.489+01:00" user="SuperUser" />
				<ConfigurationChange changeAction="MODIFY"
					changeReason="Importing Extension Package Metadata"
					timestamp="2018-01-26T15:10:24.491+01:00" user="SuperUser" />
				<ConfigurationChange changeAction="MODIFY"
					changeReason="Importing Extension Package Metadata"
					timestamp="2018-01-30T13:12:23.588+01:00" user="SuperUser" />
			</ConfigurationChanges>
		</DataShape>
	</DataShapes>
</Entities>