<?xml version="1.0" encoding="UTF-8" standalone="no"?>
<Entities build="b2319" majorVersion="8" minorVersion="4"
	modelPersistenceProviderPackage="MssqlPersistenceProviderPackage"
	revision="4" schemaVersion="1041" universal="">
	<DataShapes>
		<DataShape baseDataShape="" description=""
			documentationContent="" homeMashup=""
			lastModifiedDate="2020-03-02T11:05:49.927+01:00"
			name="KBOrderKeyValueDataDataShape" projectName="" tags="">
			<Owner name="adm-flassakm" type="User" />
			<avatar />
			<DesignTimePermissions>
				<Create />
				<Read />
				<Update />
				<Delete />
				<Metadata />
			</DesignTimePermissions>
			<RunTimePermissions />
			<VisibilityPermissions>
				<Visibility />
			</VisibilityPermissions>
			<ConfigurationTableDefinitions />
			<ConfigurationTables />
			<FieldDefinitions>
				<FieldDefinition baseType="DATETIME"
					description="CreationTime" name="CreationTime" ordinal="1" />
				<FieldDefinition baseType="DATETIME"
					description="DateTimeValue" name="DateTimeValue" ordinal="5" />
				<FieldDefinition baseType="NUMBER"
					description="FloatValue" name="FloatValue" ordinal="3" />
				<FieldDefinition baseType="LONG" description="Id"
					name="Id" ordinal="0" />
				<FieldDefinition baseType="BOOLEAN"
					description="isDateTimeValue" name="isDateTimeValue" ordinal="8" />
				<FieldDefinition baseType="BOOLEAN"
					description="isFloatValue" name="isFloatValue" ordinal="6" />
				<FieldDefinition baseType="BOOLEAN"
					description="isTextValue" name="isTextValue" ordinal="7" />
				<FieldDefinition baseType="STRING"
					description="OrderNumber" name="OrderNumber" ordinal="10" />
				<FieldDefinition baseType="STRING"
					description="PropertyKey" name="PropertyKey" ordinal="2" />
				<FieldDefinition baseType="STRING"
					description="System" name="System" ordinal="9" />
				<FieldDefinition baseType="STRING"
					description="TextValue" name="TextValue" ordinal="4" />
				<FieldDefinition baseType="DATETIME"
					description="UpdateTime" name="UpdateTime" ordinal="11" />
				<FieldDefinition baseType="STRING"
					description="PropertyKey1" name="PropertyKey1" ordinal="12" />
				<FieldDefinition baseType="STRING"
					description="Operation" name="Operation" ordinal="13" />
				<FieldDefinition baseType="DATETIME"
					description="UTCUpdateTime" name="UTCUpdateTime" ordinal="14" />
			</FieldDefinitions>
			<ConfigurationChanges>
				<ConfigurationChange changeAction="CREATE"
					changeReason="header : name : updated&#10;"
					timestamp="2020-03-02T11:05:49.927+01:00" user="adm-flassakm" />
			</ConfigurationChanges>
		</DataShape>
	</DataShapes>
</Entities>