<?xml version="1.0" encoding="UTF-8"?>
<Entities
 build="b692"
 majorVersion="9"
 minorVersion="0"
 modelPersistenceProviderPackage="MssqlPersistenceProviderPackage"
 revision="11"
 schemaVersion="1109"
 universal="password">
    <DataShapes>
        <DataShape
         baseDataShape=""
         description=""
         documentationContent=""
         homeMashup=""
         lastModifiedDate="2021-10-29T11:11:32.200Z"
         name="KBCVSTimeLossRawDataMultipleMachineDataShape"
         projectName=""
         tags="">
            <avatar></avatar>
            <DesignTimePermissions>
                <Create></Create>
                <Read></Read>
                <Update></Update>
                <Delete></Delete>
                <Metadata></Metadata>
            </DesignTimePermissions>
            <RunTimePermissions></RunTimePermissions>
            <VisibilityPermissions>
                <Visibility></Visibility>
            </VisibilityPermissions>
            <ConfigurationTableDefinitions></ConfigurationTableDefinitions>
            <ConfigurationTables></ConfigurationTables>
            <FieldDefinitions>
                <FieldDefinition
                 baseType="NUMBER"
                 description="Duration in min"
                 name="Duration_in_min"
                 ordinal="6"></FieldDefinition>
                <FieldDefinition
                 baseType="INTEGER"
                 description="Duration in sec"
                 name="Duration_in_sec"
                 ordinal="5"></FieldDefinition>
                <FieldDefinition
                 baseType="INTEGER"
                 description="AVG Duration_in_sec per Order"
                 name="DurationAveragePerOrder_in_sec"
                 ordinal="29"></FieldDefinition>
                <FieldDefinition
                 aspect.isPrimaryKey="false"
                 baseType="INTEGER"
                 description=""
                 name="isPartOK"
                 ordinal="16"></FieldDefinition>
                <FieldDefinition
                 baseType="INTEGER"
                 description="is Production started (0=no, 1=yes)"
                 name="isProduction"
                 ordinal="7"></FieldDefinition>
                <FieldDefinition
                 baseType="INTEGER"
                 description="is Shift Calendar Working Time started (0=no, 1=yes)"
                 name="isShift"
                 ordinal="8"></FieldDefinition>
                <FieldDefinition
                 aspect.isPrimaryKey="false"
                 baseType="STRING"
                 description=""
                 name="Machine"
                 ordinal="1"></FieldDefinition>
                <FieldDefinition
                 baseType="INTEGER"
                 description="Number Of Parts"
                 name="NumberOfParts"
                 ordinal="28"></FieldDefinition>
                <FieldDefinition
                 baseType="STRING"
                 description="Order Number"
                 name="OrderNumber"
                 ordinal="14"></FieldDefinition>
                <FieldDefinition
                 baseType="STRING"
                 description="Part Number"
                 name="PartNumber"
                 ordinal="15"></FieldDefinition>
                <FieldDefinition
                 baseType="INTEGER"
                 description="Planned Number Of Workers"
                 name="PlannedNumberOfWorkers"
                 ordinal="27"></FieldDefinition>
                <FieldDefinition
                 baseType="NUMBER"
                 description="Processing Time In Sec"
                 name="ProcessingTimeInSec"
                 ordinal="20"></FieldDefinition>
                <FieldDefinition
                 baseType="NUMBER"
                 description="Processing Time In Sec APO"
                 name="ProcessingTimeInSecAPO"
                 ordinal="22"></FieldDefinition>
                <FieldDefinition
                 baseType="NUMBER"
                 description="Processing Time In Sec APO Total"
                 name="ProcessingTimeInSecAPOTotal"
                 ordinal="26"></FieldDefinition>
                <FieldDefinition
                 baseType="NUMBER"
                 description="Processing Time In Sec CO"
                 name="ProcessingTimeInSecCO"
                 ordinal="21"></FieldDefinition>
                <FieldDefinition
                 baseType="NUMBER"
                 description="Processing Time In Sec CO Total"
                 name="ProcessingTimeInSecCOTotal"
                 ordinal="25"></FieldDefinition>
                <FieldDefinition
                 baseType="NUMBER"
                 description="Processing Time In Sec Total"
                 name="ProcessingTimeInSecTotal"
                 ordinal="24"></FieldDefinition>
                <FieldDefinition
                 aspect.isPrimaryKey="false"
                 baseType="STRING"
                 description=""
                 name="ScrapReason"
                 ordinal="18"></FieldDefinition>
                <FieldDefinition
                 baseType="STRING"
                 description="Serial Number"
                 name="SerialNumber"
                 ordinal="17"></FieldDefinition>
                <FieldDefinition
                 baseType="STRING"
                 description="Status Level 1"
                 name="StatusLevel1"
                 ordinal="9"></FieldDefinition>
                <FieldDefinition
                 baseType="STRING"
                 description="Status Level 1"
                 name="StatusLevel1Local"
                 ordinal="10"></FieldDefinition>
                <FieldDefinition
                 baseType="STRING"
                 description="Status Level 2"
                 name="StatusLevel2"
                 ordinal="11"></FieldDefinition>
                <FieldDefinition
                 baseType="STRING"
                 description="Status Level 2"
                 name="StatusLevel2Local"
                 ordinal="12"></FieldDefinition>
                <FieldDefinition
                 baseType="DATETIME"
                 description="Status Time"
                 name="StatusTime"
                 ordinal="2"></FieldDefinition>
                <FieldDefinition
                 baseType="DATETIME"
                 description="Status Time End"
                 name="StatusTimeEnd"
                 ordinal="4"></FieldDefinition>
                <FieldDefinition
                 baseType="DATETIME"
                 description="Status Time Start"
                 name="StatusTimeStart"
                 ordinal="3"></FieldDefinition>
                <FieldDefinition
                 baseType="STRING"
                 description="Status Type"
                 name="StatusType"
                 ordinal="13"></FieldDefinition>
                <FieldDefinition
                 baseType="NUMBER"
                 description="tgMax Time In Sec"
                 name="tgMaxTimeInSec"
                 ordinal="19"></FieldDefinition>
                <FieldDefinition
                 baseType="NUMBER"
                 description="tgMax Time In Sec Total"
                 name="tgMaxTimeInSecTotal"
                 ordinal="23"></FieldDefinition>
            </FieldDefinitions>
        </DataShape>
    </DataShapes>
</Entities>
