<?xml version="1.0" encoding="UTF-8" standalone="no"?><Entities build="b706" majorVersion="9" minorVersion="0" modelPersistenceProviderPackage="MssqlPersistenceProviderPackage" revision="12" schemaVersion="1109" universal=""><DataShapes><DataShape baseDataShape="" description="" documentationContent="" homeMashup="" lastModifiedDate="2022-10-14T07:02:09.736Z" name="KBKpiMultiSelectDataShape" projectName="KBsmartKPI" tags="KBThingWorxInstallationVocabulary:ExtensionSmartKPI"><Owner name="adm-srivastn" type="User"/><avatar/><DesignTimePermissions><Create/><Read/><Update/><Delete/><Metadata/></DesignTimePermissions><RunTimePermissions><Permissions resourceName="*"><PropertyRead><Principal isPermitted="true" name="KBUserGroup" type="Group"/></PropertyRead><PropertyWrite/><ServiceInvoke><Principal isPermitted="true" name="KBUserGroup" type="Group"/></ServiceInvoke><EventInvoke/><EventSubscribe/></Permissions></RunTimePermissions><VisibilityPermissions><Visibility><Principal isPermitted="true" name="KBOrganization" type="Organization"/></Visibility></VisibilityPermissions><ConfigurationTableDefinitions/><ConfigurationTables/><FieldDefinitions><FieldDefinition baseType="STRING" description="" name="Label" ordinal="1"/></FieldDefinitions><ConfigurationChanges><ConfigurationChange changeAction="CREATE" changeReason="header : name : updated&#10;fields : KPIDateTime : deleted, KPIValue : deleted, KPIName : deleted&#10;" timestamp="2022-10-11T04:30:07.734Z" user="adm-srivastn"/><ConfigurationChange changeAction="MODIFY" changeReason="fields : KPIDateTime : added, KPIValue : added&#10;" timestamp="2022-10-13T08:39:27.676Z" user="adm-srivastn"/><ConfigurationChange changeAction="MODIFY" changeReason="fields : KPIValue : deleted, KPI : added, SKPI : added&#10;" timestamp="2022-10-13T09:12:18.224Z" user="adm-srivastn"/><ConfigurationChange changeAction="MODIFY" changeReason="fields : KPI : deleted, SKPI : deleted, KPIValue : added&#10;" timestamp="2022-10-13T11:53:51.797Z" user="adm-srivastn"/><ConfigurationChange changeAction="MODIFY" changeReason="fields : SKPI : added&#10;" timestamp="2022-10-13T13:16:23.290Z" user="adm-srivastn"/><ConfigurationChange changeAction="MODIFY" changeReason="fields : KPI0 : added, KPI1 : added, KPI1 : deleted, KPI2 : added, KPI3 : added, KPI4 : added, KPI5 : added&#10;" timestamp="2022-10-13T13:46:40.314Z" user="adm-srivastn"/><ConfigurationChange changeAction="MODIFY" changeReason="fields : KPI0 : deleted, KPI1 : deleted, KPI2 : deleted, KPI3 : deleted, KPI4 : deleted, KPI5 : deleted&#10;" timestamp="2022-10-13T14:52:59.262Z" user="adm-srivastn"/><ConfigurationChange changeAction="MODIFY" changeReason="fields : KPI0 : added, KPI1 : added, KPI2 : added, KPI3 : added, KPI4 : added, KPI5 : added&#10;" timestamp="2022-10-14T02:30:07.165Z" user="adm-srivastn"/><ConfigurationChange changeAction="MODIFY" changeReason="fields : SKPI : deleted, KPIValue : deleted&#10;" timestamp="2022-10-14T06:42:31.999Z" user="adm-srivastn"/><ConfigurationChange changeAction="MODIFY" changeReason="fields : KPI0 : deleted, KPI1 : deleted, KPI2 : deleted, KPI3 : deleted, KPI4 : deleted, KPI5 : deleted&#10;" timestamp="2022-10-14T06:51:49.882Z" user="adm-srivastn"/><ConfigurationChange changeAction="MODIFY" changeReason="fields : KPIDateTime : deleted&#10;" timestamp="2022-10-14T07:01:25.947Z" user="adm-srivastn"/></ConfigurationChanges></DataShape></DataShapes></Entities>