<?xml version="1.0" encoding="UTF-8" standalone="no"?>
<Entities build="b167" majorVersion="8" minorVersion="2"
	modelPersistenceProviderPackage="MssqlPersistenceProviderPackage"
	revision="2" schemaVersion="1020" universal="">
	<DataShapes>
		<DataShape baseDataShape="" description=""
			documentationContent="" homeMashup=""
			lastModifiedDate="2019-04-16T17:36:59.797+02:00"
			name="KBLocalOrderListDataShape" projectName="KBsmartKPI"
			tags="KB:OGS">
			<Owner name="adm-konasm" type="User" />
			<avatar />
			<DesignTimePermissions>
				<Create />
				<Read />
				<Update />
				<Delete />
				<Metadata />
			</DesignTimePermissions>
			<RunTimePermissions>
				<Permissions resourceName="*">
					<PropertyRead>
						<Principal isPermitted="true" name="KBUserGroup"
							type="Group" />
					</PropertyRead>
					<PropertyWrite />
					<ServiceInvoke />
					<EventInvoke />
					<EventSubscribe />
				</Permissions>
			</RunTimePermissions>
			<VisibilityPermissions>
				<Visibility>
					<Principal isPermitted="true" name="KBOrganization"
						type="Organization" />
				</Visibility>
			</VisibilityPermissions>
			<ConfigurationTables />
			<FieldDefinitions>
				<FieldDefinition baseType="STRING" description=""
					name="MaterialNumber" ordinal="3" />
				<FieldDefinition baseType="STRING" description=""
					name="Operation" ordinal="2" />
				<FieldDefinition aspect.isPrimaryKey="false"
					baseType="STRING" description="" name="OrderNumber" ordinal="1" />
				<FieldDefinition baseType="STRING" description=""
					name="Plant" ordinal="4" />
				<FieldDefinition baseType="STRING" description=""
					name="Workcenter" ordinal="5" />
			</FieldDefinitions>
			<ConfigurationChanges>
				<ConfigurationChange changeAction="CREATE"
					changeReason="header : name : updated, projectName : updated, tags : updated&#10;fields : OrderNumber : Added, Line : Added, Material : Added, tgMax : Added, ProcessingTime : Added, ProcessingTimeAPO : Added&#10;"
					timestamp="2019-04-04T08:19:27.369+02:00" user="adm-konasm" />
				<ConfigurationChange changeAction="MODIFY"
					changeReason="fields : Line : removed, Material : removed, tgMax : removed, ProcessingTime : removed, ProcessingTimeAPO : removed, OrderNumber : Updated, Operation : Added, MaterialNumber : Added, Plant : Added, Workcenter : Added&#10;"
					timestamp="2019-04-16T14:49:32.547+02:00" user="adm-konasm" />
				<ConfigurationChange changeAction="MODIFY"
					changeReason="fields : OrderNumber : Updated, Operation : Updated&#10;"
					timestamp="2019-04-16T17:36:59.797+02:00" user="adm-konasm" />
			</ConfigurationChanges>
		</DataShape>
	</DataShapes>
</Entities>