<?xml version="1.0" encoding="UTF-8" standalone="no"?>
<Entities build="b97" majorVersion="8" minorVersion="4"
	modelPersistenceProviderPackage="MssqlPersistenceProviderPackage"
	revision="11" schemaVersion="1044" universal="">
	<DataShapes>
		<DataShape baseDataShape="" description=""
			documentationContent="" homeMashup=""
			lastModifiedDate="2020-09-09T19:44:18.026+02:00"
			name="KBOrderForConfirmationNumberDataShape" projectName="KBsmartKPI"
			tags="">
			<Owner name="adm-abdurais" type="User" />
			<avatar />
			<DesignTimePermissions>
				<Create />
				<Read />
				<Update />
				<Delete />
				<Metadata />
			</DesignTimePermissions>
			<RunTimePermissions />
			<VisibilityPermissions>
				<Visibility />
			</VisibilityPermissions>
			<ConfigurationTableDefinitions />
			<ConfigurationTables />
			<FieldDefinitions>
				<FieldDefinition baseType="STRING"
					description="Operation" name="Operation" ordinal="1" />
				<FieldDefinition baseType="STRING"
					description="OrderNumber" name="OrderNumber" ordinal="0" />
				<FieldDefinition aspect.isPrimaryKey="false"
					baseType="STRING" description="PartNumber" name="TextValue"
					ordinal="3" />
			</FieldDefinitions>
			<ConfigurationChanges>
				<ConfigurationChange changeAction="CREATE"
					changeReason="header : name : updated&#10;fields : MaterialNumber : updated, TextValue : added, MaterialNumber : deleted, TextValue : updated&#10;"
					timestamp="2020-09-09T19:44:18.026+02:00" user="adm-abdurais" />
			</ConfigurationChanges>
		</DataShape>
	</DataShapes>
</Entities>