<?xml version="1.0" encoding="UTF-8" standalone="no"?>
<Entities build="b167" majorVersion="8" minorVersion="2"
	modelPersistenceProviderPackage="MssqlPersistenceProviderPackage"
	revision="2" schemaVersion="1020" universal="">
	<DataShapes>
		<DataShape baseDataShape="" description=""
			documentationContent="" homeMashup=""
			lastModifiedDate="2019-08-05T12:48:15.655+02:00"
			name="KBMachineResultDataShape" projectName="" tags="">
			<Owner name="adm-flassakm" type="User" />
			<avatar />
			<DesignTimePermissions>
				<Create />
				<Read />
				<Update />
				<Delete />
				<Metadata />
			</DesignTimePermissions>
			<RunTimePermissions />
			<VisibilityPermissions>
				<Visibility />
			</VisibilityPermissions>
			<ConfigurationTables />
			<FieldDefinitions>
				<FieldDefinition baseType="DATETIME"
					description="DateTimeValue" name="DateTimeValue" ordinal="10" />
				<FieldDefinition baseType="NUMBER"
					description="FloatValue" name="FloatValue" ordinal="8" />
				<FieldDefinition baseType="BOOLEAN"
					description="isDateTimeValue" name="isDateTimeValue" ordinal="13" />
				<FieldDefinition baseType="BOOLEAN"
					description="isFloatValue" name="isFloatValue" ordinal="11" />
				<FieldDefinition baseType="BOOLEAN"
					description="isMachineActive" name="isMachineActive" ordinal="3" />
				<FieldDefinition baseType="BOOLEAN"
					description="isTextValue" name="isTextValue" ordinal="12" />
				<FieldDefinition baseType="DATETIME"
					description="KeyValueCreationTime" name="KeyValueCreationTime"
					ordinal="6" />
				<FieldDefinition baseType="LONG"
					description="KeyValueId" name="KeyValueId" ordinal="5" />
				<FieldDefinition baseType="DATETIME"
					description="KeyValueUpdateTime" name="KeyValueUpdateTime"
					ordinal="14" />
				<FieldDefinition baseType="STRING"
					description="Machine" name="Machine" ordinal="2" />
				<FieldDefinition baseType="DATETIME"
					description="MachineCreationTime" name="MachineCreationTime"
					ordinal="1" />
				<FieldDefinition baseType="LONG"
					description="MachineId" name="MachineId" ordinal="0" />
				<FieldDefinition baseType="DATETIME"
					description="MachineUpdateTime" name="MachineUpdateTime"
					ordinal="4" />
				<FieldDefinition baseType="STRING"
					description="PropertyKey" name="PropertyKey" ordinal="7" />
				<FieldDefinition baseType="STRING"
					description="PropertySubKey1" name="PropertySubKey1" ordinal="15" />
				<FieldDefinition baseType="STRING"
					description="PropertySubKey2" name="PropertySubKey2" ordinal="16" />
				<FieldDefinition baseType="STRING"
					description="TextValue" name="TextValue" ordinal="9" />
			</FieldDefinitions>
			<ConfigurationChanges>
				<ConfigurationChange changeAction="CREATE"
					changeReason="header : name : updated&#10;"
					timestamp="2019-08-05T12:48:15.655+02:00" user="adm-flassakm" />
			</ConfigurationChanges>
		</DataShape>
	</DataShapes>
</Entities>