<?xml version="1.0" encoding="UTF-8"?>
<Entities
 build="b958"
 majorVersion="9"
 minorVersion="0"
 modelPersistenceProviderPackage="MssqlPersistenceProviderPackage"
 revision="17"
 schemaVersion="1109"
 universal="password">
    <DataShapes>
        <DataShape
         baseDataShape=""
         description=""
         documentationContent=""
         homeMashup=""
         lastModifiedDate="2022-09-01T08:21:00.584Z"
         name="KBProductionPartsDataShape"
         projectName="KBsmartKPI"
         tags="">
            <avatar></avatar>
            <DesignTimePermissions>
                <Create></Create>
                <Read></Read>
                <Update></Update>
                <Delete></Delete>
                <Metadata></Metadata>
            </DesignTimePermissions>
            <RunTimePermissions></RunTimePermissions>
            <VisibilityPermissions>
                <Visibility></Visibility>
            </VisibilityPermissions>
            <ConfigurationTableDefinitions></ConfigurationTableDefinitions>
            <ConfigurationTables></ConfigurationTables>
            <FieldDefinitions>
                <FieldDefinition
                 baseType="BOOLEAN"
                 description="isPartOK"
                 name="isPartOK"
                 ordinal="1"></FieldDefinition>
                <FieldDefinition
                 baseType="INTEGER"
                 description="Quantity"
                 name="Quantity"
                 ordinal="0"></FieldDefinition>
            </FieldDefinitions>
        </DataShape>
    </DataShapes>
</Entities>
