<?xml version="1.0" encoding="UTF-8" standalone="no"?>
<Entities build="b52" majorVersion="8" minorVersion="0"
	modelPersistenceProviderPackage="MssqlPersistenceProviderPackage"
	revision="3" schemaVersion="1000">
	<DataShapes>
		<DataShape baseDataShape="" description=""
			documentationContent="" homeMashup=""
			lastModifiedDate="2017-09-29T11:43:53.686+02:00"
			name="KBRateOfQualityHistoryDataShape" projectName="KBsmartKPI"
			tags="KBThingWorxInstallationVocabulary:ExtensionSmartKPI">
			<Owner name="adm-flassakm" type="User" />
			<avatar />
			<DesignTimePermissions>
				<Create />
				<Read />
				<Update />
				<Delete />
				<Metadata />
			</DesignTimePermissions>
			<RunTimePermissions>
				<Permissions resourceName="*">
					<PropertyRead>
						<Principal isPermitted="true" name="KBUserGroup"
							type="Group" />
					</PropertyRead>
					<PropertyWrite />
					<ServiceInvoke>
						<Principal isPermitted="true" name="KBUserGroup"
							type="Group" />
					</ServiceInvoke>
					<EventInvoke />
					<EventSubscribe />
				</Permissions>
			</RunTimePermissions>
			<VisibilityPermissions>
				<Visibility>
					<Principal isPermitted="true" name="KBOrganization"
						type="Organization" />
				</Visibility>
			</VisibilityPermissions>
			<ConfigurationTables />
			<FieldDefinitions>
				<FieldDefinition baseType="INTEGER" description=""
					name="BadParts" ordinal="5" />
				<FieldDefinition aspect.isPrimaryKey="true"
					baseType="DATETIME" description="" name="DateTime" ordinal="2" />
				<FieldDefinition baseType="INTEGER" description=""
					name="GoodParts" ordinal="4" />
				<FieldDefinition aspect.isPrimaryKey="true"
					aspect.thingTemplate="KBGlobalMachineThingTemplate"
					baseType="THINGNAME" description="" name="Machine" ordinal="1" />
				<FieldDefinition aspect.units="%" baseType="NUMBER"
					description="" name="RQ" ordinal="3" />
			</FieldDefinitions>
			<ConfigurationChanges>
				<ConfigurationChange changeAction="CREATE"
					changeReason="header : name : updated, projectName : updated, tags : updated&#10;fields : Machine : Added, DateTime : Added, RQ : Added, GoodParts : Added, BadParts : Added&#10;"
					timestamp="2017-09-29T11:43:53.686+02:00" user="adm-flassakm" />
			</ConfigurationChanges>
		</DataShape>
	</DataShapes>
</Entities>