<?xml version="1.0" encoding="UTF-8" standalone="no"?>
<Entities build="b167" majorVersion="8" minorVersion="2"
	modelPersistenceProviderPackage="MssqlPersistenceProviderPackage"
	revision="2" schemaVersion="1020" universal="">
	<DataShapes>
		<DataShape baseDataShape="" description=""
			documentationContent="" homeMashup=""
			lastModifiedDate="2019-04-25T15:22:50.884+02:00"
			name="KBUserKeyValueDataShape" projectName="KBsmartKPI"
			tags="KBThingWorxInstallationVocabulary:ExtensionSmartKPI">
			<Owner name="adm-konasm" type="User" />
			<avatar />
			<DesignTimePermissions>
				<Create />
				<Read />
				<Update />
				<Delete />
				<Metadata />
			</DesignTimePermissions>
			<RunTimePermissions>
				<Permissions resourceName="*">
					<PropertyRead>
						<Principal isPermitted="true" name="KBUserGroup"
							type="Group" />
					</PropertyRead>
					<PropertyWrite />
					<ServiceInvoke />
					<EventInvoke />
					<EventSubscribe />
				</Permissions>
			</RunTimePermissions>
			<VisibilityPermissions>
				<Visibility>
					<Principal isPermitted="true" name="KBOrganization"
						type="Organization" />
				</Visibility>
			</VisibilityPermissions>
			<ConfigurationTables />
			<FieldDefinitions>
				<FieldDefinition baseType="DATETIME" description=""
					name="DateTimeValue" ordinal="4" />
				<FieldDefinition baseType="NUMBER" description=""
					name="FloatValue" ordinal="2" />
				<FieldDefinition baseType="BOOLEAN" description=""
					name="isDateTimeValue" ordinal="7" />
				<FieldDefinition baseType="BOOLEAN" description=""
					name="isFloatValue" ordinal="5" />
				<FieldDefinition baseType="BOOLEAN" description=""
					name="isTextValue" ordinal="6" />
				<FieldDefinition aspect.isPrimaryKey="true"
					baseType="STRING" description="" name="Key" ordinal="1" />
				<FieldDefinition baseType="STRING" description=""
					name="TextValue" ordinal="3" />
			</FieldDefinitions>
			<ConfigurationChanges>
			</ConfigurationChanges>
		</DataShape>
	</DataShapes>
</Entities>