<?xml version="1.0" encoding="UTF-8" standalone="no"?>
<Entities build="b167" majorVersion="8" minorVersion="2"
	modelPersistenceProviderPackage="MssqlPersistenceProviderPackage"
	revision="2" schemaVersion="1020" universal="">
	<DataShapes>
		<DataShape baseDataShape="" description=""
			documentationContent="" homeMashup=""
			lastModifiedDate="2019-05-21T13:24:19.112+02:00"
			name="KBSingleKpiUtilizationOee2TruckDataShape" projectName=""
			tags="">
			<Owner name="adm-flassakm" type="User" />
			<avatar />
			<DesignTimePermissions>
				<Create />
				<Read />
				<Update />
				<Delete />
				<Metadata />
			</DesignTimePermissions>
			<RunTimePermissions />
			<VisibilityPermissions>
				<Visibility />
			</VisibilityPermissions>
			<ConfigurationTables />
			<FieldDefinitions>
				<FieldDefinition baseType="NUMBER"
					description="KPIOee" name="KPIOee" ordinal="0" />
				<FieldDefinition baseType="INTEGER"
					description="KPIPartsIO" name="KPIPartsIO" ordinal="2" />
				<FieldDefinition baseType="INTEGER"
					description="KPIPartsNIO" name="KPIPartsNIO" ordinal="3" />
				<FieldDefinition baseType="NUMBER"
					description="KPIUtilization" name="KPIUtilization" ordinal="1" />
				<FieldDefinition baseType="NUMBER"
					description="KPIRQ" name="KPIRQ" ordinal="4" />
			</FieldDefinitions>
			<ConfigurationChanges>
				<ConfigurationChange changeAction="CREATE"
					changeReason="header : name : updated&#10;"
					timestamp="2019-05-21T13:24:19.112+02:00" user="adm-flassakm" />
			</ConfigurationChanges>
		</DataShape>
	</DataShapes>
</Entities>