<?xml version="1.0" encoding="UTF-8" standalone="no"?>
<Entities build="b2319" majorVersion="8" minorVersion="4"
	modelPersistenceProviderPackage="MssqlPersistenceProviderPackage"
	revision="4" schemaVersion="1041" universal="">
	<DataShapes>
		<DataShape baseDataShape="" description=""
			documentationContent="" homeMashup=""
			lastModifiedDate="2019-10-17T13:29:12.160+02:00"
			name="KBMachineStatusForCVSOIDataShape1" projectName="" tags="">
			<Owner name="adm-flassakm" type="User" />
			<avatar />
			<DesignTimePermissions>
				<Create />
				<Read />
				<Update />
				<Delete />
				<Metadata />
			</DesignTimePermissions>
			<RunTimePermissions />
			<VisibilityPermissions>
				<Visibility />
			</VisibilityPermissions>
			<ConfigurationTableDefinitions />
			<ConfigurationTables />
			<FieldDefinitions>
				<FieldDefinition baseType="DATETIME"
					description="CreationTime" name="CreationTime" ordinal="1" />
				<FieldDefinition baseType="STRING"
					description="description" name="description" ordinal="8" />
				<FieldDefinition baseType="LONG" description="Id"
					name="Id" ordinal="0" />
				<FieldDefinition baseType="STRING"
					description="LocalizedStatus" name="LocalizedStatus" ordinal="6" />
				<FieldDefinition baseType="STRING"
					description="LocalizedSubStatus" name="LocalizedSubStatus"
					ordinal="7" />
				<FieldDefinition baseType="STRING"
					description="Machine" name="Machine" ordinal="2" />
				<FieldDefinition baseType="STRING"
					description="Status" name="Status" ordinal="4" />
				<FieldDefinition baseType="DATETIME"
					description="StatusTime" name="StatusTime" ordinal="3" />
				<FieldDefinition baseType="STRING"
					description="StatusType" name="StatusType" ordinal="9" />
				<FieldDefinition baseType="STRING"
					description="SubStatus" name="SubStatus" ordinal="5" />
			</FieldDefinitions>
			<ConfigurationChanges>
				<ConfigurationChange changeAction="CREATE"
					changeReason="header : name : updated&#10;"
					timestamp="2019-10-17T13:29:12.160+02:00" user="adm-flassakm" />
			</ConfigurationChanges>
		</DataShape>
	</DataShapes>
</Entities>