<?xml version="1.0" encoding="UTF-8" standalone="no"?>
<Entities build="b167" majorVersion="8" minorVersion="2"
	modelPersistenceProviderPackage="MssqlPersistenceProviderPackage"
	revision="2" schemaVersion="1020" universal="">
	<DataShapes>
		<DataShape baseDataShape="" description=""
			documentationContent="" homeMashup=""
			lastModifiedDate="2019-09-05T16:21:06.345+02:00"
			name="KBMachineAdminDataShape" projectName="" tags="">
			<Owner name="adm-flassakm" type="User" />
			<avatar />
			<DesignTimePermissions>
				<Create />
				<Read />
				<Update />
				<Delete />
				<Metadata />
			</DesignTimePermissions>
			<RunTimePermissions />
			<VisibilityPermissions>
				<Visibility>
					<Principal isPermitted="true" name="KBDevelopment"
						type="Organization" />
				</Visibility>
			</VisibilityPermissions>
			<ConfigurationTables />
			<FieldDefinitions>
				<FieldDefinition baseType="STRING" description=""
					name="DisplayName" ordinal="2" />
				<FieldDefinition baseType="STRING" description=""
					name="FullName" ordinal="5" />
				<FieldDefinition baseType="BOOLEAN" description=""
					name="isActive" ordinal="6" />
				<FieldDefinition baseType="STRING" description=""
					name="MachineThingName" ordinal="1" />
				<FieldDefinition baseType="STRING" description=""
					name="MainStationForStatus" ordinal="3" />
				<FieldDefinition baseType="NUMBER" description=""
					name="ShiftFactor" ordinal="4" />
			</FieldDefinitions>
			<ConfigurationChanges>
				<ConfigurationChange changeAction="CREATE"
					changeReason="header : name : updated&#10;"
					timestamp="2019-09-05T15:28:17.107+02:00" user="adm-flassakm" />
				<ConfigurationChange changeAction="MODIFY"
					changeReason="fields : MachineThingName : Added, DisplayName : Added, MainStationForStatus : Added, ShiftFactor : Added, Updated&#10;"
					timestamp="2019-09-05T15:30:47.864+02:00" user="adm-flassakm" />
				<ConfigurationChange changeAction="MODIFY"
					changeReason="fields : FullName : Added, isActive : Added&#10;"
					timestamp="2019-09-05T16:21:06.345+02:00" user="adm-flassakm" />
			</ConfigurationChanges>
		</DataShape>
	</DataShapes>
</Entities>