<?xml version="1.0" encoding="UTF-8" standalone="no"?>
<Entities build="b52" majorVersion="8" minorVersion="0"
	modelPersistenceProviderPackage="MssqlPersistenceProviderPackage"
	revision="3" schemaVersion="1000">
	<DataShapes>
		<DataShape baseDataShape="" description=""
			documentationContent="" homeMashup=""
			lastModifiedDate="2017-09-27T12:35:40.799+02:00"
			name="KBRateOfQualityInputSelectionDataShape"
			projectName="KBsmartKPI"
			tags="KBThingWorxInstallationVocabulary:ExtensionSmartKPI">
			<Owner name="adm-flassakm" type="User" />
			<avatar />
			<DesignTimePermissions>
				<Create />
				<Read />
				<Update />
				<Delete />
				<Metadata />
			</DesignTimePermissions>
			<RunTimePermissions>
				<Permissions resourceName="*">
					<PropertyRead>
						<Principal isPermitted="true" name="KBUserGroup"
							type="Group" />
					</PropertyRead>
					<PropertyWrite />
					<ServiceInvoke>
						<Principal isPermitted="true" name="KBUserGroup"
							type="Group" />
					</ServiceInvoke>
					<EventInvoke />
					<EventSubscribe />
				</Permissions>
			</RunTimePermissions>
			<VisibilityPermissions>
				<Visibility>
					<Principal isPermitted="true" name="KBOrganization"
						type="Organization" />
				</Visibility>
			</VisibilityPermissions>
			<ConfigurationTables />
			<FieldDefinitions>
				<FieldDefinition baseType="DATETIME" description=""
					name="dateTime" ordinal="2" />
				<FieldDefinition baseType="LONG" description=""
					name="id" ordinal="1" />
				<FieldDefinition baseType="BOOLEAN" description=""
					name="isPartOK" ordinal="5" />
				<FieldDefinition baseType="STRING" description=""
					name="partNumber" ordinal="3" />
				<FieldDefinition baseType="STRING" description=""
					name="serialNumber" ordinal="4" />
				<FieldDefinition baseType="STRING" description=""
					name="scrapReason" ordinal="5" />
			</FieldDefinitions>
			<ConfigurationChanges>
				<ConfigurationChange changeAction="CREATE"
					changeReason="header : name : updated, projectName : updated, tags : updated&#10;fields : id : Added, dateTime : Added, partNumber : Added, serialNumber : Added, isPartOK : Added&#10;"
					timestamp="2017-09-27T12:35:40.799+02:00" user="adm-flassakm" />
			</ConfigurationChanges>
		</DataShape>
	</DataShapes>
</Entities>