<?xml version="1.0" encoding="UTF-8" standalone="no"?>
<Entities build="b46" majorVersion="7" minorVersion="2"
	modelPersistenceProviderPackage="MssqlPersistenceProviderPackage"
	revision="4" schemaVersion="920">
	<DataShapes>
		<DataShape baseDataShape="" description=""
			documentationContent="" homeMashup=""
			lastModifiedDate="2017-08-07T15:36:41.584+02:00"
			name="KBKpiSummaryShape" projectName="KBsmartKPI"
			tags="KBThingWorxInstallationVocabulary:ExtensionSmartKPI">
			<Owner name="flassakm" type="User" />
			<avatar />
			<DesignTimePermissions>
				<Create />
				<Read />
				<Update />
				<Delete />
				<Metadata />
			</DesignTimePermissions>
			<RunTimePermissions>
				<Permissions resourceName="*">
					<PropertyRead>
						<Principal isPermitted="true" name="KBUserGroup"
							type="Group" />
					</PropertyRead>
					<PropertyWrite />
					<ServiceInvoke>
						<Principal isPermitted="true" name="KBUserGroup"
							type="Group" />
					</ServiceInvoke>
					<EventInvoke />
					<EventSubscribe />
				</Permissions>
			</RunTimePermissions>
			<VisibilityPermissions>
				<Visibility>
					<Principal isPermitted="true" name="KBOrganization"
						type="Organization" />
				</Visibility>
			</VisibilityPermissions>
			<ConfigurationTables />
			<FieldDefinitions>
				<FieldDefinition baseType="STRING" description=""
					name="Label" ordinal="1" />
				<FieldDefinition baseType="NUMBER" description=""
					name="KPI" ordinal="2" />
				<FieldDefinition baseType="INTEGER" description=""
					name="OK" ordinal="3">
				</FieldDefinition>
				<FieldDefinition baseType="INTEGER" description=""
					name="NOK" ordinal="4">
				</FieldDefinition>
				<FieldDefinition baseType="DATETIME" description=""
					name="OptionalProductionDate" ordinal="5">
				</FieldDefinition>
				<FieldDefinition baseType="INTEGER" description=""
					name="OptionalDiffInMinutesLastPartProduced" ordinal="6">
				</FieldDefinition>
				<FieldDefinition baseType="NUMBER" description=""
					name="OptionalProcessingTime" ordinal="7" />
				<FieldDefinition baseType="NUMBER" description=""
					name="OptionalSetupTime" ordinal="8" />
				<FieldDefinition baseType="STRING" description=""
					name="KPI4Visualization" ordinal="8" />
				<FieldDefinition baseType="STRING" description=""
					name="Value4Visualization" ordinal="8" />
			</FieldDefinitions>
			<ConfigurationChanges>
				<ConfigurationChange changeAction="CREATE"
					changeReason="header : name : updated, tags : updated&#10;fields : Label : Added, Value : Added&#10;"
					timestamp="2017-08-07T15:36:41.584+02:00" user="flassakm" />
			</ConfigurationChanges>
		</DataShape>
	</DataShapes>
</Entities>