<?xml version="1.0" encoding="UTF-8" standalone="no"?>
<Entities build="b167" majorVersion="8" minorVersion="2"
	modelPersistenceProviderPackage="MssqlPersistenceProviderPackage"
	revision="2" schemaVersion="1020" universal="">
	<DataShapes>
		<DataShape baseDataShape="" description=""
			documentationContent="" homeMashup=""
			lastModifiedDate="2018-06-27T12:35:52.725+02:00"
			name="KBSmartKPIDataFromDataTableDataShape" projectName="KBsmartKPI"
			tags="KBThingWorxInstallationVocabulary:ExtensionSmartKPI">
			<Owner name="adm-flassakm" type="User" />
			<avatar />
			<DesignTimePermissions>
				<Create />
				<Read />
				<Update />
				<Delete />
				<Metadata />
			</DesignTimePermissions>
			<RunTimePermissions />
			<VisibilityPermissions>
				<Visibility />
			</VisibilityPermissions>
			<ConfigurationTables />
			<FieldDefinitions>
				<FieldDefinition baseType="DATETIME"
					description="CreationTime" name="CreationTime" ordinal="1" />
				<FieldDefinition baseType="LONG" description="Id"
					name="Id" ordinal="0" />
				<FieldDefinition baseType="BOOLEAN"
					description="isPartOK" name="isPartOK" ordinal="4" />
				<FieldDefinition baseType="BOOLEAN"
					description="isUpdated" name="isUpdated" ordinal="10" />
				<FieldDefinition baseType="STRING"
					description="Machine" name="Machine" ordinal="2" />
				<FieldDefinition baseType="STRING"
					description="OrderNumber" name="OrderNumber" ordinal="7" />
				<FieldDefinition baseType="STRING"
					description="PartNumber" name="PartNumber" ordinal="5" />
				<FieldDefinition baseType="DATETIME"
					description="ProductionTime" name="ProductionTime" ordinal="3" />
				<FieldDefinition baseType="STRING"
					description="ScrapReason" name="ScrapReason" ordinal="9" />
				<FieldDefinition baseType="STRING"
					description="SerialNumber" name="SerialNumber" ordinal="6" />
				<FieldDefinition baseType="NUMBER"
					description="timePerPartSec" name="timePerPartSec" ordinal="8" />
				<FieldDefinition baseType="INTEGER"
					description="numberOfParts" name="numberOfParts" ordinal="11" />
				<FieldDefinition aspect.defaultValue="default"
					baseType="STRING" description="" name="Station" ordinal="12" />
				<FieldDefinition baseType="BOOLEAN"
					description="confirm To SAP" name="confirmToSAP" ordinal="13" />
				<FieldDefinition baseType="BOOLEAN"
					description="confirmed To SAP" name="confirmedToSAP" ordinal="14" />
				<FieldDefinition baseType="STRING"
					description="SAP confirmation Result" name="SAPconfirmationResult"
					ordinal="15" />
				<FieldDefinition baseType="STRING"
					description="SAP Operation Number" name="SAPOperationNumber"
					ordinal="16" />
			</FieldDefinitions>
			<ConfigurationChanges>
				<ConfigurationChange changeAction="CREATE"
					changeReason="header : name : updated, projectName : updated, tags : updated&#10;"
					timestamp="2018-06-27T12:35:52.725+02:00" user="adm-flassakm" />
			</ConfigurationChanges>
		</DataShape>
	</DataShapes>
</Entities>