<?xml version="1.0" encoding="UTF-8"?>
<Entities
 build="b97"
 majorVersion="8"
 minorVersion="4"
 modelPersistenceProviderPackage="MssqlPersistenceProviderPackage"
 revision="11"
 schemaVersion="1044"
 universal="password">
    <DataShapes>
        <DataShape
         aspect.isExtension="true"
         baseDataShape=""
         description=""
         documentationContent=""
         homeMashup=""
         lastModifiedDate="2021-10-22T18:16:15.009+02:00"
         name="KBThingworxExportDataDS"
         projectName=""
         tags="">
            <avatar></avatar>
            <DesignTimePermissions>
                <Create></Create>
                <Read></Read>
                <Update></Update>
                <Delete></Delete>
                <Metadata></Metadata>
            </DesignTimePermissions>
            <RunTimePermissions></RunTimePermissions>
            <VisibilityPermissions>
                <Visibility></Visibility>
            </VisibilityPermissions>
            <ConfigurationTableDefinitions></ConfigurationTableDefinitions>
            <ConfigurationTables></ConfigurationTables>
            <FieldDefinitions>
                <FieldDefinition
                 baseType="DATETIME"
                 description="CreationTime"
                 name="CreationTime"
                 ordinal="1"></FieldDefinition>
                <FieldDefinition
                 baseType="LONG"
                 description="Id"
                 name="Id"
                 ordinal="0"></FieldDefinition>
                <FieldDefinition
                 baseType="STRING"
                 description="KPICalculationBase"
                 name="KPICalculationBase"
                 ordinal="4"></FieldDefinition>
                <FieldDefinition
                 baseType="DATETIME"
                 description="KPIDateTime"
                 name="KPIDateTime"
                 ordinal="5"></FieldDefinition>
                <FieldDefinition
                 baseType="DATETIME"
                 description="KPIDateTimeEnd"
                 name="KPIDateTimeEnd"
                 ordinal="7"></FieldDefinition>
                <FieldDefinition
                 baseType="NUMBER"
                 description="KPIFloatValue"
                 name="KPIFloatValue"
                 ordinal="6"></FieldDefinition>
                <FieldDefinition
                 baseType="STRING"
                 description="KPIName"
                 name="KPIName"
                 ordinal="3"></FieldDefinition>
                <FieldDefinition
                 baseType="STRING"
                 description="KPITimeBase"
                 name="KPITimeBase"
                 ordinal="8"></FieldDefinition>
                <FieldDefinition
                 baseType="STRING"
                 description="Machine"
                 name="Machine"
                 ordinal="2"></FieldDefinition>
                <FieldDefinition
                 baseType="DATETIME"
                 description="UTCCreationTime"
                 name="UTCCreationTime"
                 ordinal="9"></FieldDefinition>
            </FieldDefinitions>
        </DataShape>
    </DataShapes>
</Entities>
