<?xml version="1.0" encoding="UTF-8" standalone="no"?>
<Entities build="b167" majorVersion="8" minorVersion="2"
	modelPersistenceProviderPackage="MssqlPersistenceProviderPackage"
	revision="2" schemaVersion="1020" universal="">
	<DataShapes>
		<DataShape baseDataShape="" description=""
			documentationContent="" homeMashup=""
			lastModifiedDate="2018-12-13T11:54:11.736+01:00"
			name="KBLocalStationDataReceiverBufferProcessorThreadLoggerDataShape"
			projectName="KBsmartKPI" tags="">
			<Owner name="adm-flassakm" type="User" />
			<avatar />
			<DesignTimePermissions>
				<Create />
				<Read />
				<Update />
				<Delete />
				<Metadata />
			</DesignTimePermissions>
			<RunTimePermissions />
			<VisibilityPermissions>
				<Visibility />
			</VisibilityPermissions>
			<ConfigurationTables />
			<FieldDefinitions>
				<FieldDefinition baseType="INTEGER" description=""
					name="DataProcessed" ordinal="3" />
				<FieldDefinition baseType="DATETIME" description=""
					name="LastLoop" ordinal="2" />
				<FieldDefinition baseType="INTEGER" description=""
					name="Thread" ordinal="1" />
			</FieldDefinitions>
			<ConfigurationChanges>
				<ConfigurationChange changeAction="CREATE"
					changeReason="header : name : updated, projectName : updated&#10;fields : Thread : Added, LastLoop : Added, DataProcessed : Added&#10;"
					timestamp="2018-12-13T11:54:11.736+01:00" user="adm-flassakm" />
			</ConfigurationChanges>
		</DataShape>
	</DataShapes>
</Entities>