<?xml version="1.0" encoding="UTF-8" standalone="no"?>
<Entities build="b167" majorVersion="8" minorVersion="2"
	modelPersistenceProviderPackage="MssqlPersistenceProviderPackage"
	revision="2" schemaVersion="1020" universal="">
	<DataShapes>
		<DataShape baseDataShape="" description=""
			documentationContent="" homeMashup=""
			lastModifiedDate="2018-12-11T15:42:21.097+01:00"
			name="KBCurrentOrLastShiftInfoDataShape" projectName="KBsmartKPI"
			tags="">
			<Owner name="adm-flassakm" type="User" />
			<avatar />
			<DesignTimePermissions>
				<Create />
				<Read />
				<Update />
				<Delete />
				<Metadata />
			</DesignTimePermissions>
			<RunTimePermissions />
			<VisibilityPermissions>
				<Visibility />
			</VisibilityPermissions>
			<ConfigurationTables />
			<FieldDefinitions>
				<FieldDefinition baseType="DATETIME"
					description="EndTime" name="EndTime" ordinal="2" />
				<FieldDefinition baseType="STRING"
					description="Machine" name="Machine" ordinal="0" />
				<FieldDefinition baseType="STRING"
					description="Machine_Full_Name" name="Machine_Full_Name"
					ordinal="5" />
				<FieldDefinition baseType="STRING"
					description="Name" name="Name" ordinal="4" />
				<FieldDefinition baseType="STRING"
					description="Qualifier" name="Qualifier" ordinal="3" />
				<FieldDefinition baseType="STRING"
					description="SAPWorkcenterNumber" name="SAPWorkcenterNumber"
					ordinal="6" />
				<FieldDefinition baseType="DATETIME"
					description="StartTime" name="StartTime" ordinal="1" />
				<FieldDefinition baseType="DATETIME"
					description="UpdateTime" name="UpdateTime" ordinal="10" />
			</FieldDefinitions>
			<ConfigurationChanges>
				<ConfigurationChange changeAction="CREATE"
					changeReason="header : name : updated, projectName : updated&#10;"
					timestamp="2018-12-11T15:42:21.097+01:00" user="adm-flassakm" />
			</ConfigurationChanges>
		</DataShape>
	</DataShapes>
</Entities>