<?xml version="1.0" encoding="UTF-8" standalone="no"?>
<Entities build="b52" majorVersion="8" minorVersion="0"
	modelPersistenceProviderPackage="MssqlPersistenceProviderPackage"
	revision="3" schemaVersion="1000">
	<DataShapes>
		<DataShape baseDataShape="" description=""
			documentationContent="" homeMashup=""
			lastModifiedDate="2017-11-20T12:40:45.785+01:00"
			name="KBOEE2HistoryDataShape" projectName="KBsmartKPI"
			tags="KBThingWorxInstallationVocabulary:ExtensionSmartKPI">
			<Owner name="adm-flassakm" type="User" />
			<avatar />
			<DesignTimePermissions>
				<Create />
				<Read />
				<Update />
				<Delete />
				<Metadata />
			</DesignTimePermissions>
			<RunTimePermissions>
				<Permissions resourceName="*">
					<PropertyRead>
						<Principal isPermitted="true" name="KBUserGroup"
							type="Group" />
					</PropertyRead>
					<PropertyWrite />
					<ServiceInvoke>
						<Principal isPermitted="true" name="KBUserGroup"
							type="Group" />
					</ServiceInvoke>
					<EventInvoke />
					<EventSubscribe />
				</Permissions>
			</RunTimePermissions>
			<VisibilityPermissions>
				<Visibility>
					<Principal isPermitted="true" name="KBOrganization"
						type="Organization" />
				</Visibility>
			</VisibilityPermissions>
			<ConfigurationTables />
			<FieldDefinitions>
				<FieldDefinition aspect.isPrimaryKey="true"
					baseType="DATETIME" description="" name="DateTime" ordinal="2" />
				<FieldDefinition aspect.isPrimaryKey="true"
					aspect.thingTemplate="KBGlobalMachineThingTemplate"
					baseType="THINGNAME" description="" name="Machine" ordinal="1" />
				<FieldDefinition baseType="NUMBER" description=""
					name="OEE2" ordinal="3" />
				<FieldDefinition baseType="NUMBER" description=""
					name="OEE2ProductiveTime" ordinal="4" />
				<FieldDefinition baseType="NUMBER" description=""
					name="OEE2ShiftTime" ordinal="5" />
			</FieldDefinitions>
			<ConfigurationChanges>
				<ConfigurationChange changeAction="CREATE"
					changeReason="header : name : updated&#10;"
					timestamp="2017-11-20T12:39:59.535+01:00" user="adm-flassakm" />
				<ConfigurationChange changeAction="MODIFY"
					changeReason="fields : RQ : removed, GoodParts : removed, BadParts : removed, OEE2 : Added&#10;"
					timestamp="2017-11-20T12:40:45.785+01:00" user="adm-flassakm" />
			</ConfigurationChanges>
		</DataShape>
	</DataShapes>
</Entities>