<?xml version="1.0" encoding="UTF-8" standalone="no"?>
<Entities build="b167" majorVersion="8" minorVersion="2"
	modelPersistenceProviderPackage="MssqlPersistenceProviderPackage"
	revision="2" schemaVersion="1020" universal="">
	<DataShapes>
		<DataShape baseDataShape="" description=""
			documentationContent="" homeMashup=""
			lastModifiedDate="2019-05-28T09:53:58.782+02:00"
			name="KBLocalFixturesDataShape" projectName="KBsmartKPI"
			tags="KB:OGS">
			<Owner name="adm-konasm" type="User" />
			<avatar />
			<DesignTimePermissions>
				<Create />
				<Read />
				<Update />
				<Delete />
				<Metadata />
			</DesignTimePermissions>
			<RunTimePermissions />
			<VisibilityPermissions>
				<Visibility />
			</VisibilityPermissions>
			<ConfigurationTables />
			<FieldDefinitions>
				<FieldDefinition baseType="NUMBER" description=""
					name="CavityQuantity" ordinal="2" />
				<FieldDefinition baseType="STRING" description=""
					name="FixtureName" ordinal="1" />
				<FieldDefinition baseType="STRING" description=""
					name="MaterialName" ordinal="3" />
			</FieldDefinitions>
			<ConfigurationChanges>
				<ConfigurationChange changeAction="CREATE"
					changeReason="header : name : updated, projectName : updated, tags : updated&#10;fields : FixtureName : Added&#10;"
					timestamp="2019-04-03T12:08:26.734+02:00" user="adm-konasm" />
				<ConfigurationChange changeAction="MODIFY"
					changeReason="fields : CavityQuantity : Added&#10;"
					timestamp="2019-05-22T16:13:04.981+02:00" user="adm-konasm" />
				<ConfigurationChange changeAction="MODIFY"
					changeReason="fields : MaterialName : Added&#10;"
					timestamp="2019-05-28T09:53:58.782+02:00" user="adm-konasm" />
			</ConfigurationChanges>
		</DataShape>
	</DataShapes>
</Entities>