<?xml version="1.0" encoding="UTF-8" standalone="no"?>
<Entities build="b52" majorVersion="8" minorVersion="0"
	modelPersistenceProviderPackage="MssqlPersistenceProviderPackage"
	revision="3" schemaVersion="1000">
	<DataShapes>
		<DataShape baseDataShape="" description=""
			documentationContent="" homeMashup=""
			lastModifiedDate="2017-12-07T12:10:10.409+01:00"
			name="KBTimeLossesWithDecimalDataShape" projectName="KBsmartKPI"
			tags="KBThingWorxInstallationVocabulary:ExtensionSmartKPI">
			<Owner name="adm-flassakm" type="User" />
			<avatar />
			<DesignTimePermissions>
				<Create />
				<Read />
				<Update />
				<Delete />
				<Metadata />
			</DesignTimePermissions>
			<RunTimePermissions />
			<VisibilityPermissions>
				<Visibility />
			</VisibilityPermissions>
			<ConfigurationTables />
			<FieldDefinitions>
				<FieldDefinition baseType="NUMBER" description=""
					name="sumOfTime" ordinal="1" />
				<FieldDefinition baseType="STRING" description=""
					name="Status" ordinal="2" />
				<FieldDefinition baseType="NUMBER" description=""
					name="Percent" ordinal="3" />
				<FieldDefinition baseType="NUMBER" description=""
					name="PercentCulminated" ordinal="4" />
				<FieldDefinition baseType="NUMBER" description=""
					name="sumOfTimeCulminated" ordinal="5" />
			</FieldDefinitions>
			<ConfigurationChanges>
				<ConfigurationChange changeAction="CREATE"
					changeReason="header : name : updated, projectName : updated, tags : updated&#10;fields : anz : Added, ScrapReason : Added&#10;"
					timestamp="2017-12-07T12:10:10.409+01:00" user="adm-flassakm" />
			</ConfigurationChanges>
		</DataShape>
	</DataShapes>
</Entities>