<?xml version="1.0" encoding="UTF-8"?>
<Entities
 build="b97"
 majorVersion="8"
 minorVersion="4"
 modelPersistenceProviderPackage="MssqlPersistenceProviderPackage"
 revision="11"
 schemaVersion="1044"
 universal="password">
    <DataShapes>
        <DataShape
         baseDataShape=""
         description=""
         documentationContent=""
         homeMashup=""
         lastModifiedDate="2021-03-24T19:38:45.204+01:00"
         name="KBProductionAdvisorDataShape"
         projectName="KBsmartKPI"
         tags="">
            <avatar></avatar>
            <DesignTimePermissions>
                <Create></Create>
                <Read></Read>
                <Update></Update>
                <Delete></Delete>
                <Metadata></Metadata>
            </DesignTimePermissions>
            <RunTimePermissions></RunTimePermissions>
            <VisibilityPermissions>
                <Visibility></Visibility>
            </VisibilityPermissions>
            <ConfigurationTableDefinitions></ConfigurationTableDefinitions>
            <ConfigurationTables></ConfigurationTables>
            <FieldDefinitions>
                <FieldDefinition
                 aspect.isPrimaryKey="false"
                 baseType="NUMBER"
                 description=""
                 name="ActualWorkers"
                 ordinal="6"></FieldDefinition>
                <FieldDefinition
                 aspect.isPrimaryKey="false"
                 baseType="STRING"
                 description=""
                 name="Machine"
                 ordinal="1"></FieldDefinition>
                <FieldDefinition
                 aspect.isPrimaryKey="false"
                 baseType="NUMBER"
                 description=""
                 name="OutputIO"
                 ordinal="2"></FieldDefinition>
                <FieldDefinition
                 aspect.isPrimaryKey="false"
                 baseType="NUMBER"
                 description=""
                 name="OutputNIO"
                 ordinal="4"></FieldDefinition>
                <FieldDefinition
                 aspect.isPrimaryKey="false"
                 baseType="NUMBER"
                 description=""
                 name="PlannedWorkers"
                 ordinal="7"></FieldDefinition>
                <FieldDefinition
                 aspect.isPrimaryKey="false"
                 baseType="NUMBER"
                 description=""
                 name="Retest"
                 ordinal="5"></FieldDefinition>
                <FieldDefinition
                 aspect.isPrimaryKey="false"
                 baseType="NUMBER"
                 description=""
                 name="TargetDelta"
                 ordinal="3"></FieldDefinition>
            </FieldDefinitions>
        </DataShape>
    </DataShapes>
</Entities>
