<?xml version="1.0" encoding="UTF-8" standalone="no"?>
<Entities build="b167" majorVersion="8" minorVersion="2"
	modelPersistenceProviderPackage="MssqlPersistenceProviderPackage"
	revision="2" schemaVersion="1020" universal="">
	<DataShapes>
		<DataShape baseDataShape="" description=""
			documentationContent="" homeMashup=""
			lastModifiedDate="2019-02-22T12:48:59.332+01:00"
			name="KBMachinesForProductionAdvisorDataShape" projectName="" tags="">
			<Owner name="adm-flassakm" type="User" />
			<avatar />
			<DesignTimePermissions>
				<Create />
				<Read />
				<Update />
				<Delete />
				<Metadata />
			</DesignTimePermissions>
			<RunTimePermissions />
			<VisibilityPermissions>
				<Visibility />
			</VisibilityPermissions>
			<ConfigurationTables />
			<FieldDefinitions>
				<FieldDefinition baseType="DATETIME" description=""
					name="KPIDateTimeStart" ordinal="1" />
				<FieldDefinition baseType="DATETIME" description=""
					name="KPIDateTimeEnd" ordinal="2" />
				<FieldDefinition baseType="STRING" description=""
					name="MachineThingName" ordinal="3" />
				<FieldDefinition baseType="STRING" description=""
					name="KPICalculationBase" ordinal="3" />
				<FieldDefinition baseType="STRING" description=""
					name="ShiftIterations" ordinal="4" />
			</FieldDefinitions>
			<ConfigurationChanges>
				<ConfigurationChange changeAction="CREATE"
					changeReason="header : name : updated&#10;"
					timestamp="2019-02-22T12:48:59.332+01:00" user="adm-flassakm" />
			</ConfigurationChanges>
		</DataShape>
	</DataShapes>
</Entities>