<?xml version="1.0" encoding="UTF-8" standalone="no"?>
<Entities build="b2319" majorVersion="8" minorVersion="4"
	modelPersistenceProviderPackage="MssqlPersistenceProviderPackage"
	revision="4" schemaVersion="1041" universal="">
	<DataShapes>
		<DataShape baseDataShape="" description=""
			documentationContent="" homeMashup=""
			lastModifiedDate="2020-08-03T17:50:06.937+02:00"
			name="KBCVSTimeLossRawDataShape" projectName="" tags="">
			<Owner name="adm-konasm" type="User" />
			<avatar />
			<DesignTimePermissions>
				<Create />
				<Read />
				<Update />
				<Delete />
				<Metadata />
			</DesignTimePermissions>
			<RunTimePermissions />
			<VisibilityPermissions>
				<Visibility />
			</VisibilityPermissions>
			<ConfigurationTableDefinitions />
			<ConfigurationTables />
			<FieldDefinitions>
				<FieldDefinition baseType="DATETIME"
					description="Status Time" name="StatusTime" ordinal="1" />
				<FieldDefinition baseType="DATETIME"
					description="Status Time Start" name="StatusTimeStart" ordinal="2" />
				<FieldDefinition baseType="DATETIME"
					description="Status Time End" name="StatusTimeEnd" ordinal="3" />
				<FieldDefinition baseType="INTEGER"
					description="Duration in sec" name="Duration_in_sec" ordinal="4" />
				<FieldDefinition baseType="NUMBER"
					description="Duration in min" name="Duration_in_min" ordinal="5" />
				<FieldDefinition baseType="INTEGER"
					description="is Production started (0=no, 1=yes)"
					name="isProduction" ordinal="6" />
				<FieldDefinition baseType="INTEGER"
					description="is Shift Calendar Working Time started (0=no, 1=yes)"
					name="isShift" ordinal="7" />
				<FieldDefinition baseType="STRING"
					description="Status Level 1" name="StatusLevel1" ordinal="8" />
				<FieldDefinition baseType="STRING"
					description="Status Level 1" name="StatusLevel1Local" ordinal="9" />
				<FieldDefinition baseType="STRING"
					description="Status Level 2" name="StatusLevel2" ordinal="10" />
				<FieldDefinition baseType="STRING"
					description="Status Level 2" name="StatusLevel2Local" ordinal="11" />
				<FieldDefinition baseType="STRING"
					description="Status Type" name="StatusType" ordinal="12" />
				<FieldDefinition baseType="STRING"
					description="Order Number" name="OrderNumber" ordinal="13" />
				<FieldDefinition baseType="STRING"
					description="Part Number" name="PartNumber" ordinal="14" />
				<FieldDefinition baseType="STRING"
					description="Serial Number" name="SerialNumber" ordinal="15" />
				<FieldDefinition baseType="NUMBER"
					description="tgMax Time In Sec" name="tgMaxTimeInSec" ordinal="16" />
				<FieldDefinition baseType="NUMBER"
					description="Processing Time In Sec" name="ProcessingTimeInSec"
					ordinal="17" />
				<FieldDefinition baseType="NUMBER"
					description="Processing Time In Sec CO"
					name="ProcessingTimeInSecCO" ordinal="18" />
				<FieldDefinition baseType="NUMBER"
					description="Processing Time In Sec APO"
					name="ProcessingTimeInSecAPO" ordinal="19" />
				<FieldDefinition baseType="NUMBER"
					description="tgMax Time In Sec Total" name="PlannedNumberOfWorkers"
					ordinal="20" />
				<FieldDefinition baseType="NUMBER"
					description="tgMax Time In Sec Total" name="tgMaxTimeInSecTotal"
					ordinal="21" />
				<FieldDefinition baseType="NUMBER"
					description="Processing Time In Sec Total"
					name="ProcessingTimeInSecTotal" ordinal="22" />
				<FieldDefinition baseType="NUMBER"
					description="Processing Time In Sec CO Total"
					name="ProcessingTimeInSecCOTotal" ordinal="23" />
				<FieldDefinition baseType="NUMBER"
					description="Processing Time In Sec APO Total"
					name="ProcessingTimeInSecAPOTotal" ordinal="24" />
				<FieldDefinition baseType="INTEGER"
					description="Planned Number Of Workers"
					name="PlannedNumberOfWorkers" ordinal="25" />
				<FieldDefinition baseType="INTEGER"
					description="Number Of Parts" name="NumberOfParts" ordinal="26" />
				<FieldDefinition baseType="INTEGER"
					description="AVG Duration_in_sec per Order"
					name="DurationAveragePerOrder_in_sec" ordinal="27" />
			</FieldDefinitions>
			<ConfigurationChanges>
			</ConfigurationChanges>
		</DataShape>
	</DataShapes>
</Entities>