<?xml version="1.0" encoding="UTF-8" standalone="no"?>
<Entities build="b97" majorVersion="8" minorVersion="4"
	modelPersistenceProviderPackage="MssqlPersistenceProviderPackage"
	revision="11" schemaVersion="1044" universal="">
	<DataShapes>
		<DataShape baseDataShape="" description=""
			documentationContent="" homeMashup=""
			lastModifiedDate="2020-12-17T11:02:43.167+01:00"
			name="KBCVSTimeLossRawDataShape2" projectName="" tags="">
			<Owner name="adm-konasm" type="User" />
			<avatar />
			<DesignTimePermissions>
				<Create />
				<Read />
				<Update />
				<Delete />
				<Metadata />
			</DesignTimePermissions>
			<RunTimePermissions />
			<VisibilityPermissions>
				<Visibility />
			</VisibilityPermissions>
			<ConfigurationTableDefinitions />
			<ConfigurationTables />
			<FieldDefinitions>
				<FieldDefinition baseType="NUMBER"
					description="Duration in min" name="Duration_in_min" ordinal="11" />
				<FieldDefinition baseType="INTEGER"
					description="Duration in sec" name="Duration_in_sec" ordinal="10" />
				<FieldDefinition baseType="INTEGER"
					description="AVG Duration_in_sec per Order"
					name="DurationAveragePerOrder_in_sec" ordinal="26" />
				<FieldDefinition baseType="INTEGER"
					description="is Production started (0=no, 1=yes)"
					name="isProduction" ordinal="12" />
				<FieldDefinition baseType="INTEGER"
					description="is Shift Calendar Working Time started (0=no, 1=yes)"
					name="isShift" ordinal="13" />
				<FieldDefinition baseType="INTEGER"
					description="Number Of Parts" name="NumberOfParts" ordinal="25" />
				<FieldDefinition baseType="STRING"
					description="Order Number" name="OrderNumber" ordinal="19" />
				<FieldDefinition baseType="STRING"
					description="Part Number" name="PartNumber" ordinal="20" />
				<FieldDefinition baseType="INTEGER"
					description="Planned Number Of Workers"
					name="PlannedNumberOfWorkers" ordinal="24" />
				<FieldDefinition baseType="NUMBER"
					description="Processing Time In Sec" name="ProcessingTimeInSec"
					ordinal="23" />
				<FieldDefinition baseType="STRING"
					description="Serial Number" name="SerialNumber" ordinal="21" />
				<FieldDefinition baseType="STRING"
					description="Status Level 1" name="StatusLevel1" ordinal="14" />
				<FieldDefinition baseType="STRING"
					description="Status Level 1" name="StatusLevel1Local" ordinal="15" />
				<FieldDefinition baseType="STRING"
					description="Status Level 2" name="StatusLevel2" ordinal="16" />
				<FieldDefinition baseType="STRING"
					description="Status Level 2" name="StatusLevel2Local" ordinal="17" />
				<FieldDefinition baseType="DATETIME"
					description="Status Time" name="StatusTime" ordinal="7" />
				<FieldDefinition aspect.isPrimaryKey="false"
					baseType="STRING" description="" name="StatusTime_date" ordinal="1" />
				<FieldDefinition aspect.isPrimaryKey="false"
					baseType="STRING" description="" name="StatusTime_time" ordinal="2" />
				<FieldDefinition baseType="DATETIME"
					description="Status Time End" name="StatusTimeEnd" ordinal="9" />
				<FieldDefinition aspect.isPrimaryKey="false"
					baseType="STRING" description="" name="StatusTimeEnd_date"
					ordinal="5" />
				<FieldDefinition aspect.isPrimaryKey="false"
					baseType="STRING" description="" name="StatusTimeEnd_time"
					ordinal="6" />
				<FieldDefinition baseType="DATETIME"
					description="Status Time Start" name="StatusTimeStart" ordinal="8" />
				<FieldDefinition aspect.isPrimaryKey="false"
					baseType="STRING" description="" name="StatusTimeStart_date"
					ordinal="3" />
				<FieldDefinition aspect.isPrimaryKey="false"
					baseType="STRING" description="" name="StatusTimeStart_time"
					ordinal="4" />
				<FieldDefinition baseType="STRING"
					description="Status Type" name="StatusType" ordinal="18" />
				<FieldDefinition baseType="NUMBER"
					description="tgMax Time In Sec" name="tgMaxTimeInSec" ordinal="22" />
			</FieldDefinitions>
			<ConfigurationChanges>
				<ConfigurationChange changeAction="CREATE"
					changeReason="header : name : updated&#10;"
					timestamp="2020-12-17T10:46:39.649+01:00" user="adm-konasm" />
				<ConfigurationChange changeAction="MODIFY"
					changeReason="fields : StatusTime_date : added, StatusTime_time : added, StatusTimeStart_date : added, StatusTimeStart_time : added, StatusTimeEnd_date : added, StatusTimeEnd_time : added, ProcessingTimeInSecCO : deleted, ProcessingTimeInSecAPO : deleted, tgMaxTimeInSecTotal : deleted, ProcessingTimeInSecTotal : deleted, ProcessingTimeInSecCOTotal : deleted, ProcessingTimeInSecAPOTotal : deleted&#10;"
					timestamp="2020-12-17T11:02:43.167+01:00" user="adm-konasm" />
			</ConfigurationChanges>
		</DataShape>
	</DataShapes>
</Entities>