<?xml version="1.0" encoding="UTF-8" standalone="no"?>
<Entities build="b2319" majorVersion="8" minorVersion="4"
	modelPersistenceProviderPackage="MssqlPersistenceProviderPackage"
	revision="4" schemaVersion="1041" universal="">
	<DataShapes>
		<DataShape baseDataShape="" description=""
			documentationContent="" homeMashup=""
			lastModifiedDate="2020-06-02T15:18:57.408+02:00"
			name="KBGenericTestBenchInputDataShape" projectName="KBsmartKPI"
			tags="KBThingWorxInstallationVocabulary:ExtensionSmartKPI">
			<Owner name="adm-flassakm" type="User" />
			<avatar />
			<DesignTimePermissions>
				<Create />
				<Read />
				<Update />
				<Delete />
				<Metadata />
			</DesignTimePermissions>
			<RunTimePermissions />
			<VisibilityPermissions>
				<Visibility>
					<Principal isPermitted="true" name="KBBackGroundWorker"
						type="Organization" />
				</Visibility>
				<Visibility>
					<Principal isPermitted="true" name="KBOrganization"
						type="Organization" />
				</Visibility>
			</VisibilityPermissions>
			<ConfigurationTableDefinitions />
			<ConfigurationTables />
			<FieldDefinitions>
				<FieldDefinition aspect.isPrimaryKey="false"
					baseType="STRING" description="" name="Description" ordinal="29" />
				<FieldDefinition aspect.isPrimaryKey="true"
					baseType="STRING" description="" name="Identifier" ordinal="8" />
				<FieldDefinition aspect.defaultValue="false"
					aspect.isPrimaryKey="false" baseType="BOOLEAN" description=""
					name="isProcessDataDateTime" ordinal="16" />
				<FieldDefinition aspect.defaultValue="false"
					aspect.isPrimaryKey="false" baseType="BOOLEAN" description=""
					name="isProcessDataFloat" ordinal="10" />
				<FieldDefinition aspect.defaultValue="false"
					aspect.isPrimaryKey="false" baseType="BOOLEAN" description=""
					name="isProcessDataString" ordinal="13" />
				<FieldDefinition aspect.isPrimaryKey="false"
					baseType="STRING" description="" name="OrderNumber" ordinal="3" />
				<FieldDefinition aspect.isPrimaryKey="false"
					baseType="STRING" description="" name="PartNumber" ordinal="4" />
				<FieldDefinition aspect.isPrimaryKey="false"
					baseType="STRING" description="" name="PartNumberRevision"
					ordinal="5" />
				<FieldDefinition aspect.isPrimaryKey="false"
					baseType="DATETIME" description="" name="ProcessDataDateTime"
					ordinal="17" />
				<FieldDefinition aspect.isPrimaryKey="false"
					baseType="DATETIME" description=""
					name="ProcessDataDateTimeTargetValue" ordinal="18" />
				<FieldDefinition aspect.isPrimaryKey="false"
					baseType="NUMBER" description="" name="ProcessDataFloat"
					ordinal="11" />
				<FieldDefinition aspect.isPrimaryKey="false"
					baseType="NUMBER" description="" name="ProcessDataFloatTargetValue"
					ordinal="12" />
				<FieldDefinition aspect.isPrimaryKey="false"
					baseType="STRING" description="" name="ProcessDataLowerLimitName"
					ordinal="23" />
				<FieldDefinition aspect.isPrimaryKey="false"
					baseType="NUMBER" description="" name="ProcessDataLSL" ordinal="24" />
				<FieldDefinition aspect.isPrimaryKey="false"
					baseType="STRING" description="" name="ProcessDataPrecision"
					ordinal="21" />
				<FieldDefinition aspect.isPrimaryKey="false"
					baseType="STRING" description="" name="ProcessDataString"
					ordinal="14" />
				<FieldDefinition aspect.isPrimaryKey="false"
					baseType="STRING" description=""
					name="ProcessDataStringTargetValue" ordinal="15" />
				<FieldDefinition aspect.isPrimaryKey="false"
					baseType="STRING" description="" name="ProcessDataTargetValueName"
					ordinal="22" />
				<FieldDefinition aspect.isPrimaryKey="false"
					baseType="STRING" description=""
					name="ProcessDataTargetValueTolUnit" ordinal="20" />
				<FieldDefinition aspect.isPrimaryKey="false"
					baseType="NUMBER" description="" name="ProcessDataToleranceNeg"
					ordinal="28" />
				<FieldDefinition aspect.isPrimaryKey="false"
					baseType="NUMBER" description="" name="ProcessDataTolerancePos"
					ordinal="27" />
				<FieldDefinition aspect.isPrimaryKey="true"
					baseType="STRING" description="" name="ProcessDataType" ordinal="1" />
				<FieldDefinition aspect.isPrimaryKey="false"
					baseType="STRING" description="" name="ProcessDataType2"
					ordinal="2" />
				<FieldDefinition aspect.isPrimaryKey="false"
					baseType="STRING" description="" name="ProcessDataUpperLimitName"
					ordinal="25" />
				<FieldDefinition aspect.isPrimaryKey="false"
					baseType="NUMBER" description="" name="ProcessDataUSL" ordinal="26" />
				<FieldDefinition aspect.isPrimaryKey="true"
					baseType="DATETIME" description="" name="ProductionDateTime"
					ordinal="9" />
				<FieldDefinition aspect.isPrimaryKey="false"
					baseType="STRING" description="" name="SerialNumber" ordinal="6" />
				<FieldDefinition aspect.isPrimaryKey="true"
					baseType="STRING" description="" name="TrackingNumber" ordinal="7" />
				<FieldDefinition aspect.isPrimaryKey="false"
					baseType="STRING" description="" name="Unit" ordinal="19" />
				<FieldDefinition aspect.isPrimaryKey="false"
					baseType="BLOB" description="" name="ProcessDataBlob" ordinal="30" />
				<FieldDefinition aspect.defaultValue="false"
					aspect.isPrimaryKey="false" baseType="BOOLEAN" description=""
					name="isProcessDataBlob" ordinal="31" />
			</FieldDefinitions>
			<ConfigurationChanges>
				<ConfigurationChange changeAction="CREATE"
					changeReason="header : name : updated&#10;"
					timestamp="2020-06-02T14:57:30.957+02:00" user="adm-flassakm" />
				<ConfigurationChange changeAction="MODIFY"
					changeReason="fields : ProcessDataDateTime : added, Description : added, PartNumber : added, TrackingNumber : added, ProcessDataDateTimeTargetValue : added, ProcessDataPrecision : added, ProcessDataUSL : added, OrderNumber : added, ProcessDataStringTargetValue : added, PartNumberRevision : added, Unit : added, ProcessDataLSL : added, Identifier : added, ProcessDataTargetValueName : added, ProcessDataFloat : added, ProcessDataTargetValueTolUnit : added, ProcessDataTolerancePos : added, isProcessDataFloat : added, ProcessD"
					timestamp="2020-06-02T15:18:23.824+02:00" user="adm-flassakm" />
				<ConfigurationChange changeAction="MODIFY"
					changeReason="fields : isProcessDataDateTime : updated&#10;"
					timestamp="2020-06-02T15:18:57.408+02:00" user="adm-flassakm" />
			</ConfigurationChanges>
		</DataShape>
	</DataShapes>
</Entities>