<?xml version="1.0" encoding="UTF-8" standalone="no"?>
<Entities build="b167" majorVersion="8" minorVersion="2"
	modelPersistenceProviderPackage="MssqlPersistenceProviderPackage"
	revision="2" schemaVersion="1020" universal="">
	<DataShapes>
		<DataShape baseDataShape="" description=""
			documentationContent="" homeMashup=""
			lastModifiedDate="2019-03-27T13:11:47.437+01:00"
			name="KBProducedPartsDataShape" projectName="" tags="">
			<Owner name="adm-flassakm" type="User" />
			<avatar />
			<DesignTimePermissions>
				<Create />
				<Read />
				<Update />
				<Delete />
				<Metadata />
			</DesignTimePermissions>
			<RunTimePermissions>
				<Permissions resourceName="*">
					<PropertyRead>
						<Principal isPermitted="true" name="KBUserGroup"
							type="Group" />
						<Principal isPermitted="true" name="KBMesKitHelperUser"
							type="User" />
					</PropertyRead>
					<PropertyWrite />
					<ServiceInvoke>
						<Principal isPermitted="true" name="KBUserGroup"
							type="Group" />
						<Principal isPermitted="true" name="KBMesKitHelperUser"
							type="User" />
					</ServiceInvoke>
					<EventInvoke />
					<EventSubscribe />
				</Permissions>
			</RunTimePermissions>
			<VisibilityPermissions>
				<Visibility>
					<Principal isPermitted="true" name="KBOrganization"
						type="Organization" />
					<Principal isPermitted="true" name="KBBackGroundWorker"
						type="Organization" />
				</Visibility>
			</VisibilityPermissions>
			<ConfigurationTables />
			<FieldDefinitions>
				<FieldDefinition baseType="INTEGER"
					description="culminatedNumberOfParts"
					name="culminatedNumberOfParts" ordinal="0" />
				<FieldDefinition baseType="DATETIME"
					description="ProductionTime" name="ProductionTime" ordinal="1" />
			</FieldDefinitions>
			<ConfigurationChanges>
			</ConfigurationChanges>
		</DataShape>
	</DataShapes>
</Entities>