<?xml version="1.0" encoding="UTF-8" standalone="no"?>
<Entities build="b52" majorVersion="8" minorVersion="0"
	modelPersistenceProviderPackage="MssqlPersistenceProviderPackage"
	revision="3" schemaVersion="1000">
	<Mashups>
		<Mashup aspect.isResponsive="true" aspect.mashupType="mashup"
			columns="0.0" description="" documentationContent="" homeMashup=""
			lastModifiedDate="2018-02-20T15:58:23.754+01:00"
			name="KBLocalSmartKPIMachineLevelProcessDataTimeChartMashup"
			projectName="KBsmartKPI" rows="0.0"
			tags="KBThingWorxInstallationVocabulary:ExtensionSmartKPI">
			<Owner name="adm-flassakm" type="User" />
			<avatar />
			<DesignTimePermissions>
				<Create />
				<Read />
				<Update />
				<Delete />
				<Metadata />
			</DesignTimePermissions>
			<RunTimePermissions>
				<Permissions resourceName="*">
					<PropertyRead>
						<Principal isPermitted="true" name="KBUserGroup"
							type="Group" />
					</PropertyRead>
					<PropertyWrite />
					<ServiceInvoke>
						<Principal isPermitted="true" name="KBUserGroup"
							type="Group" />
					</ServiceInvoke>
					<EventInvoke />
					<EventSubscribe />
				</Permissions>
			</RunTimePermissions>
			<VisibilityPermissions>
				<Visibility>
					<Principal isPermitted="true" name="KBOrganization"
						type="Organization" />
				</Visibility>
			</VisibilityPermissions>
			<ConfigurationTables />
			<ParameterDefinitions>
				<FieldDefinition aspect.ordinal="1"
					baseType="DATETIME" description="" name="EndDate" ordinal="0" />
				<FieldDefinition aspect.ordinal="2"
					baseType="STRING" description="" name="Machine" ordinal="0" />
				<FieldDefinition aspect.ordinal="3"
					baseType="STRING" description="" name="ProcessParameterType"
					ordinal="0" />
				<FieldDefinition aspect.ordinal="0"
					baseType="DATETIME" description="" name="StartDate" ordinal="0" />
			</ParameterDefinitions>
			<Things />
			<ThingShapes />
			<ThingTemplates>
				<ThingTemplate>KBKPILocalThingWorxDatabaseTemplate</ThingTemplate>
			</ThingTemplates>
			<mashupContent><![CDATA[{
  "RunTimePermissions" : { },
  "UI" : {
    "Widgets" : [ {
      "Widgets" : [ ],
      "Properties" : {
        "YAxisLabels" : 2,
        "SeriesDataStyle14_StateParameters" : [ ],
        "Left" : 0,
        "AxisMaximum16" : 100,
        "ChartStyle" : "DefaultChartStyle",
        "SelectedItemStyle" : "DefaultChartSelectionStyle",
        "AxisMaximum12" : 100,
        "AxisMaximum13" : 100,
        "AxisMaximum14" : 100,
        "AxisMaximum15" : 100,
        "AxisMaximum2" : 100,
        "AxisMaximum1" : 100,
        "SeriesDataStyle7_StateParameters" : [ ],
        "AxisMaximum6" : 100,
        "SeriesDataStyle4_StateParameters" : [ ],
        "SecondaryYAxisMaximum" : 100,
        "AxisMaximum5" : 100,
        "AxisMaximum4" : 100,
        "AxisMaximum3" : 100,
        "AxisMaximum9" : 100,
        "AxisMaximum8" : 100,
        "AxisMaximum7" : 100,
        "SeriesDataStyle11_StateParameters" : [ ],
        "ShowYAxisLabels" : true,
        "Z-index" : 10,
        "SeriesDataStyle1_StateParameters" : [ ],
        "XAxisLabels" : 2,
        "YAxisMaximum" : 100,
        "MarkerSize" : 3,
        "YAxisMinorTicks" : 1,
        "SecondaryYAxisZeroscale" : false,
        "XAxisZeroscale" : false,
        "AllowSelection" : true,
        "AxisMinimum16" : 0,
        "AxisMinimum15" : 0,
        "AxisMinimum14" : 0,
        "XAxisMinorTicks" : 1,
        "YAxisAutoscale" : true,
        "AxisMinimum13" : 0,
        "AxisMinimum12" : 0,
        "AxisMinimum11" : 0,
        "AxisMinimum10" : 0,
        "XAxisField" : "ProductionTime",
        "XAxisStyle" : "DefaultChartAxisStyle",
        "SecondaryYAxisAutoscale" : true,
        "XAxisFormat" : "yyyy-MM-dd HH:mm:ss.SSS",
        "SeriesDataStyle3_StateParameters" : [ ],
        "ChartIndicatorStyle" : "DefaultChartIndicatorStyle",
        "ShowXAxis" : true,
        "ShowXAxisTicks" : true,
        "SeriesDataStyle9_StateParameters" : [ ],
        "AllowXAxisZoom" : true,
        "SeriesDataStyle6_StateParameters" : [ ],
        "Area" : "UI",
        "LegendLocation" : "right",
        "SeriesStyle11" : "DefaultChartStyle11",
        "SeriesStyle12" : "DefaultChartStyle12",
        "SeriesStyle10" : "DefaultChartStyle10",
        "SeriesStyle15" : "DefaultChartStyle15",
        "SeriesStyle16" : "DefaultChartStyle16",
        "SeriesStyle13" : "DefaultChartStyle13",
        "SeriesStyle14" : "DefaultChartStyle14",
        "YAxisZeroscale" : false,
        "GridStyle" : "DefaultChartGridStyle",
        "AxisMaximum10" : 100,
        "AxisMaximum11" : 100,
        "YAxisFormat" : "0000.0",
        "ShowYAxisGrid" : true,
        "ChartOrientation" : "vertical",
        "DataField1" : "ProcesData",
        "NumberOfSeries" : 1,
        "SeriesStyle3" : "DefaultChartStyle3",
        "SeriesStyle2" : "DefaultChartStyle2",
        "SeriesStyle5" : "DefaultChartStyle5",
        "SeriesStyle4" : "DefaultChartStyle4",
        "SeriesStyle7" : "DefaultChartStyle7",
        "SeriesStyle6" : "DefaultChartStyle6",
        "SeriesStyle9" : "DefaultChartStyle9",
        "SeriesStyle8" : "DefaultChartStyle8",
        "ShowDataLoading" : true,
        "ShowYAxis" : true,
        "YAxisIntervals" : 10,
        "SeriesStyle1" : "DefaultChartStyle1",
        "SecondaryYAxisFormat" : "0000.0",
        "__TypeDisplayName" : "Time Series Chart",
        "SeriesMarkerType1" : "chart",
        "YAxisMinimum" : 0,
        "SeriesMarkerType2" : "chart",
        "XAxisIntervals" : 10,
        "Top" : 0,
        "SeriesType9" : "chart",
        "SeriesType8" : "chart",
        "SeriesMarkerType9" : "chart",
        "SeriesType7" : "chart",
        "SeriesType6" : "chart",
        "SeriesMarkerType7" : "chart",
        "SeriesType5" : "chart",
        "SeriesMarkerType8" : "chart",
        "Id" : "timeserieschart-7",
        "SeriesType4" : "chart",
        "SeriesMarkerType5" : "chart",
        "SeriesType3" : "chart",
        "SeriesMarkerType6" : "chart",
        "ShowLegend" : false,
        "SeriesType2" : "chart",
        "SeriesMarkerType3" : "chart",
        "SeriesType1" : "chart",
        "SeriesMarkerType4" : "chart",
        "SeriesType10" : "chart",
        "SeriesType11" : "chart",
        "SeriesType12" : "chart",
        "SeriesType13" : "chart",
        "SeriesType14" : "chart",
        "SeriesType15" : "chart",
        "SeriesType16" : "chart",
        "LegendWidth" : 0,
        "AxisZeroscale11" : false,
        "Visible" : true,
        "AxisZeroscale10" : false,
        "AxisZeroscale13" : false,
        "AxisZeroscale12" : false,
        "AxisZeroscale15" : false,
        "Width" : 800,
        "AxisZeroscale14" : false,
        "AxisZeroscale16" : false,
        "XAxisSmoothScaling" : false,
        "AxisZeroscale9" : false,
        "SeriesMarkerType16" : "chart",
        "ResponsiveLayout" : true,
        "AxisZeroscale6" : false,
        "AxisZeroscale5" : false,
        "SeriesDataStyle15_StateParameters" : [ ],
        "AxisZeroscale8" : false,
        "AxisZeroscale7" : false,
        "AxisZeroscale2" : false,
        "AxisZeroscale1" : false,
        "AxisZeroscale4" : false,
        "AxisZeroscale3" : false,
        "AxisFormat11" : "0000.0",
        "AxisFormat12" : "0000.0",
        "Type" : "timeserieschart",
        "AxisFormat13" : "0000.0",
        "LegendOrientation" : "vertical",
        "AxisFormat14" : "0000.0",
        "AxisFormat15" : "0000.0",
        "AxisFormat16" : "0000.0",
        "SeriesDataStyle12_StateParameters" : [ ],
        "ChartAreaStyle" : "DefaultChartAreaStyle",
        "SeriesMarkerType15" : "chart",
        "SeriesDataStyle8_StateParameters" : [ ],
        "SeriesMarkerType14" : "chart",
        "SeriesMarkerType13" : "chart",
        "SeriesMarkerType12" : "chart",
        "SeriesMarkerType11" : "chart",
        "SeriesMarkerType10" : "chart",
        "SeriesDataStyle2_StateParameters" : [ ],
        "AxisFormat10" : "0000.0",
        "SeriesDataStyle5_StateParameters" : [ ],
        "AxisFormat6" : "0000.0",
        "AxisFormat7" : "0000.0",
        "AxisFormat4" : "0000.0",
        "AxisFormat5" : "0000.0",
        "AxisFormat2" : "0000.0",
        "AxisFormat3" : "0000.0",
        "AxisFormat1" : "0000.0",
        "ChartTitle" : "",
        "EnableHover" : true,
        "SeriesDataStyle10_StateParameters" : [ ],
        "ChartType" : "line",
        "SeriesDataStyle13_StateParameters" : [ ],
        "AxisFormat8" : "0000.0",
        "AxisFormat9" : "0000.0",
        "SeriesDataStyle16_StateParameters" : [ ],
        "ShowYAxisTicks" : true,
        "UseSecondaryAxis7" : false,
        "Smoothing" : false,
        "UseSecondaryAxis6" : false,
        "UseSecondaryAxis9" : false,
        "ShowXAxisGrid" : true,
        "UseSecondaryAxis8" : false,
        "UseSecondaryAxis3" : false,
        "AxisAutoscale13" : true,
        "UseSecondaryAxis2" : false,
        "AxisAutoscale14" : true,
        "UseSecondaryAxis5" : false,
        "AxisAutoscale15" : true,
        "UseSecondaryAxis4" : false,
        "AxisAutoscale16" : true,
        "AxisAutoscale10" : true,
        "UseSecondaryAxis1" : false,
        "AxisAutoscale11" : true,
        "AxisAutoscale12" : true,
        "AxisMinimum1" : 0,
        "AxisAutoscale4" : true,
        "AxisMinimum2" : 0,
        "AxisAutoscale5" : true,
        "AxisAutoscale2" : true,
        "AxisMinimum3" : 0,
        "AxisAutoscale3" : true,
        "AxisMinimum4" : 0,
        "AxisAutoscale8" : true,
        "AxisAutoscale9" : true,
        "AxisAutoscale6" : true,
        "AxisAutoscale7" : true,
        "AxisMinimum9" : 0,
        "SingleDataSource" : true,
        "ChartTitleStyle" : "DefaultChartTitleStyle",
        "AxisMinimum5" : 0,
        "AxisAutoscale1" : true,
        "AxisMinimum6" : 0,
        "ShowXAxisLabels" : true,
        "AxisMinimum7" : 0,
        "ChartLegendStyle" : "DefaultChartLegendStyle",
        "AxisMinimum8" : 0,
        "YAxisMode" : "single",
        "DisplayName" : "timeserieschart-7",
        "Height" : 280,
        "YAxisStyle" : "DefaultChartAxisStyle",
        "AllowYAxisZoom" : true,
        "SecondaryYAxisMinimum" : 0,
        "UseSecondaryAxis13" : false,
        "UseSecondaryAxis14" : false,
        "UseSecondaryAxis15" : false,
        "UseSecondaryAxis16" : false,
        "MarkerType" : "circle",
        "UseSecondaryAxis10" : false,
        "UseSecondaryAxis11" : false,
        "UseSecondaryAxis12" : false,
        "XAxisAutoscale" : false
      }
    } ],
    "Properties" : {
      "MinHeight" : 0,
      "Left" : 0,
      "BGImageRepeat" : "no-repeat",
      "ShowDataLoading" : true,
      "AddToDashboardButtonStyle" : "DefaultAddToDashboardButtonStyle",
      "id_index" : 7,
      "Machine" : "",
      "StartDate" : "2017-12-10T23:00:00.000Z",
      "ProcessParameterType" : "Emmanchement Poussoir",
      "supportsAutoResize" : true,
      "Visible" : true,
      "DisplayName" : "Mashup",
      "Style" : "DefaultMashupStyle",
      "BGImageSize" : "auto",
      "Height" : 618,
      "_currentParameterDefs" : [ {
        "DefaultValue" : "2017-11-30T23:00:00.000Z",
        "Description" : "",
        "BaseType" : "DATETIME",
        "ParameterName" : "StartDate"
      }, {
        "DefaultValue" : "2017-12-10T23:00:00.000Z",
        "Description" : "",
        "BaseType" : "DATETIME",
        "ParameterName" : "EndDate"
      }, {
        "DefaultValue" : "-nothing-",
        "Description" : "",
        "BaseType" : "STRING",
        "ParameterName" : "Machine"
      }, {
        "DefaultValue" : "M1",
        "Description" : "",
        "BaseType" : "STRING",
        "ParameterName" : "ProcessParameterType"
      } ],
      "Width" : 1024,
      "TitleBar" : false,
      "Rows" : 0,
      "ConfigureGadgetButtonStyle" : "DefaultConfigureGadgetButtonStyle",
      "TitleBarStyle" : "DefaultTitleBarStyle",
      "ResponsiveLayout" : true,
      "Title" : "",
      "Columns" : 0,
      "Z-index" : 10,
      "TitleBarText" : "Gadget Title Here",
      "MinWidth" : 0,
      "EndDate" : "2017-12-11T23:00:00.000Z",
      "__TypeDisplayName" : "Mashup",
      "EnableParameterEditing" : false,
      "Area" : "Mashup",
      "Type" : "mashup",
      "Top" : 0,
      "IsPrintLayout" : false,
      "MashupToEditGadget" : "DefaultMashupToEditGadget",
      "Id" : "mashup-root",
      "IgnoreWarningsInViewMashup" : false
    }
  },
  "Events" : [ {
    "EventTriggerArea" : "Mashup",
    "EventHandlerService" : "GetKPILocalThingWorxDatabaseThing",
    "EventTriggerSection" : "",
    "EventHandlerId" : "Resources_KBThingWorxServerSystem",
    "EventTriggerEvent" : "Loaded",
    "Id" : "f9a1a409-7f88-4937-8628-99a8c8d4c33d",
    "EventTriggerId" : "mashup-root",
    "EventHandlerArea" : "Data"
  }, {
    "EventTriggerArea" : "Mashup",
    "EventHandlerService" : "GetKPILocalThingWorxDatabaseThing",
    "EventTriggerSection" : "",
    "EventHandlerId" : "Resources_KBThingWorxServerSystem",
    "EventTriggerEvent" : "RefreshRequested",
    "Id" : "46a1dffe-8f82-49e3-be79-de9be68941f0",
    "EventTriggerId" : "mashup-root",
    "EventHandlerArea" : "Data"
  }, {
    "EventTriggerArea" : "Mashup",
    "EventHandlerService" : "GetKPILocalThingWorxDatabaseThing",
    "EventTriggerSection" : "",
    "EventHandlerId" : "Resources_KBThingWorxServerSystem",
    "EventTriggerEvent" : "StartDateChanged",
    "Id" : "217b12c8-a133-4b42-81ae-157f6f95da93",
    "EventTriggerId" : "mashup-root",
    "EventHandlerArea" : "Data"
  }, {
    "EventTriggerArea" : "Mashup",
    "EventHandlerService" : "GetKPILocalThingWorxDatabaseThing",
    "EventTriggerSection" : "",
    "EventHandlerId" : "Resources_KBThingWorxServerSystem",
    "EventTriggerEvent" : "EndDateChanged",
    "Id" : "ba415d3d-5109-499b-91a3-d794de80ee90",
    "EventTriggerId" : "mashup-root",
    "EventHandlerArea" : "Data"
  }, {
    "EventTriggerArea" : "Mashup",
    "EventHandlerService" : "GetKPILocalThingWorxDatabaseThing",
    "EventTriggerSection" : "",
    "EventHandlerId" : "Resources_KBThingWorxServerSystem",
    "EventTriggerEvent" : "MachineChanged",
    "Id" : "ccef7dfc-f36b-4e6c-8019-7de291b88a25",
    "EventTriggerId" : "mashup-root",
    "EventHandlerArea" : "Data"
  }, {
    "EventTriggerArea" : "Mashup",
    "EventHandlerService" : "GetKPILocalThingWorxDatabaseThing",
    "EventTriggerSection" : "",
    "EventHandlerId" : "Resources_KBThingWorxServerSystem",
    "EventTriggerEvent" : "ProcessParameterTypeChanged",
    "Id" : "651785f2-3b36-4766-a9c1-e1e96d95a305",
    "EventTriggerId" : "mashup-root",
    "EventHandlerArea" : "Data"
  }, {
    "EventTriggerArea" : "Data",
    "EventHandlerService" : "GetProcessDataFloatPerTypeFromDB",
    "EventTriggerSection" : "Resources_KBThingWorxServerSystem",
    "EventHandlerId" : "DynamicThingTemplates_KBKPILocalThingWorxDatabaseTemplate",
    "EventTriggerEvent" : "ServiceInvokeCompleted",
    "Id" : "31e33a4c-bb98-4bf6-b3a9-c972ef0d24de",
    "EventTriggerId" : "GetKPILocalThingWorxDatabaseThing",
    "EventHandlerArea" : "Data"
  } ],
  "mashupType" : "mashup",
  "DataBindings" : [ {
    "SourceArea" : "Data",
    "TargetArea" : "Data",
    "TargetSection" : "DynamicThingTemplates_KBKPILocalThingWorxDatabaseTemplate",
    "SourceId" : "GetKPILocalThingWorxDatabaseThing",
    "Id" : "2fe8f7de-5c6c-4e10-ba16-7744ff3cab1a",
    "SourceSection" : "Resources_KBThingWorxServerSystem",
    "SourceDetails" : "AllData",
    "PropertyMaps" : [ {
      "TargetProperty" : "value",
      "TargetPropertyType" : "Entity",
      "SourcePropertyBaseType" : "STRING",
      "TargetPropertyBaseType" : "THINGNAME",
      "SourceProperty" : "Result"
    } ],
    "TargetId" : "EntityName"
  }, {
    "SourceArea" : "Mashup",
    "TargetArea" : "Data",
    "TargetSection" : "DynamicThingTemplates_KBKPILocalThingWorxDatabaseTemplate",
    "SourceId" : "mashup-root",
    "Id" : "1bda8117-b994-41d0-87c0-b1a35e36620c",
    "SourceSection" : "",
    "PropertyMaps" : [ {
      "TargetProperty" : "StartDate",
      "TargetPropertyType" : "Parameter",
      "SourcePropertyBaseType" : "DATETIME",
      "TargetPropertyBaseType" : "DATETIME",
      "SourceProperty" : "StartDate"
    } ],
    "TargetId" : "GetProcessDataFloatPerTypeFromDB"
  }, {
    "SourceArea" : "Mashup",
    "TargetArea" : "Data",
    "TargetSection" : "DynamicThingTemplates_KBKPILocalThingWorxDatabaseTemplate",
    "SourceId" : "mashup-root",
    "Id" : "0a42bd99-5447-40c5-8f26-446c5bd6678a",
    "SourceSection" : "",
    "PropertyMaps" : [ {
      "TargetProperty" : "EndDate",
      "TargetPropertyType" : "Parameter",
      "SourcePropertyBaseType" : "DATETIME",
      "TargetPropertyBaseType" : "DATETIME",
      "SourceProperty" : "EndDate"
    } ],
    "TargetId" : "GetProcessDataFloatPerTypeFromDB"
  }, {
    "SourceArea" : "Mashup",
    "TargetArea" : "Data",
    "TargetSection" : "DynamicThingTemplates_KBKPILocalThingWorxDatabaseTemplate",
    "SourceId" : "mashup-root",
    "Id" : "708a69a8-fcd2-40f4-a7e8-b4e65e0896f6",
    "SourceSection" : "",
    "PropertyMaps" : [ {
      "TargetProperty" : "Machine",
      "TargetPropertyType" : "Parameter",
      "SourcePropertyBaseType" : "STRING",
      "TargetPropertyBaseType" : "STRING",
      "SourceProperty" : "Machine"
    } ],
    "TargetId" : "GetProcessDataFloatPerTypeFromDB"
  }, {
    "SourceArea" : "Mashup",
    "TargetArea" : "Data",
    "TargetSection" : "DynamicThingTemplates_KBKPILocalThingWorxDatabaseTemplate",
    "SourceId" : "mashup-root",
    "Id" : "69c3e3fb-87f2-4a72-a326-d646a2dd17e0",
    "SourceSection" : "",
    "PropertyMaps" : [ {
      "TargetProperty" : "ProcessDataType",
      "TargetPropertyType" : "Parameter",
      "SourcePropertyBaseType" : "STRING",
      "TargetPropertyBaseType" : "STRING",
      "SourceProperty" : "ProcessParameterType"
    } ],
    "TargetId" : "GetProcessDataFloatPerTypeFromDB"
  }, {
    "SourceArea" : "Data",
    "TargetArea" : "UI",
    "TargetSection" : "",
    "SourceId" : "GetProcessDataFloatPerTypeFromDB",
    "Id" : "429750d2-cd13-4cff-811d-4d8f8e5e1298",
    "SourceSection" : "DynamicThingTemplates_KBKPILocalThingWorxDatabaseTemplate",
    "SourceDetails" : "AllData",
    "PropertyMaps" : [ {
      "SourcePropertyType" : "InfoTable",
      "TargetProperty" : "Data",
      "TargetPropertyType" : "property",
      "SourcePropertyBaseType" : "INFOTABLE",
      "TargetPropertyBaseType" : "INFOTABLE",
      "SourceProperty" : ""
    } ],
    "TargetId" : "timeserieschart-7"
  }, {
    "SourceArea" : "Mashup",
    "TargetArea" : "UI",
    "TargetSection" : "",
    "SourceId" : "mashup-root",
    "Id" : "f159f670-1d89-4b29-b7c5-ca46e1a3b58a",
    "SourceSection" : "",
    "PropertyMaps" : [ {
      "TargetProperty" : "ChartTitle",
      "SourcePropertyBaseType" : "STRING",
      "TargetPropertyBaseType" : "STRING",
      "SourceProperty" : "ProcessParameterType"
    } ],
    "TargetId" : "timeserieschart-7"
  }, {
    "SourceArea" : "Mashup",
    "TargetArea" : "UI",
    "TargetSection" : "",
    "SourceId" : "mashup-root",
    "Id" : "13842e46-97e9-42d4-9a1e-065c1a1346ec",
    "SourceSection" : "",
    "PropertyMaps" : [ {
      "TargetProperty" : "XAxisMinimum",
      "SourcePropertyBaseType" : "DATETIME",
      "TargetPropertyBaseType" : "DATETIME",
      "SourceProperty" : "StartDate"
    } ],
    "TargetId" : "timeserieschart-7"
  }, {
    "SourceArea" : "Mashup",
    "TargetArea" : "UI",
    "TargetSection" : "",
    "SourceId" : "mashup-root",
    "Id" : "2e917675-5aae-44ca-b0bf-562ad2d956e2",
    "SourceSection" : "",
    "PropertyMaps" : [ {
      "TargetProperty" : "XAxisMaximum",
      "SourcePropertyBaseType" : "DATETIME",
      "TargetPropertyBaseType" : "DATETIME",
      "SourceProperty" : "EndDate"
    } ],
    "TargetId" : "timeserieschart-7"
  } ],
  "Data" : {
    "DynamicThingTemplates_KBKPILocalThingWorxDatabaseTemplate" : {
      "EntityType" : "DynamicThingTemplates",
      "Services" : [ {
        "Target" : "GetProcessDataFloatPerTypeFromDB",
        "Parameters" : { },
        "APIMethod" : "post",
        "Characteristic" : "Services",
        "RefreshInterval" : 0,
        "Id" : "16fa1810-4fc8-4b4b-8c13-b6a9a2502f03",
        "Name" : "GetProcessDataFloatPerTypeFromDB"
      } ],
      "EntityName" : "KBKPILocalThingWorxDatabaseTemplate",
      "Id" : "3256132a-eacd-4d86-ae1a-2d9e89bbf991",
      "DataName" : "DynamicThingTemplates_KBKPILocalThingWorxDatabaseTemplate"
    },
    "Resources_KBThingWorxServerSystem" : {
      "EntityType" : "Resources",
      "Services" : [ {
        "Target" : "GetKPILocalThingWorxDatabaseThing",
        "Parameters" : { },
        "APIMethod" : "post",
        "Characteristic" : "Services",
        "RefreshInterval" : 0,
        "Id" : "72ac8f66-8fd0-4f07-8416-c26d3a85bb57",
        "Name" : "GetKPILocalThingWorxDatabaseThing"
      } ],
      "EntityName" : "KBThingWorxServerSystem",
      "Id" : "3832247b-69a6-4717-9607-a632375229d6",
      "DataName" : "Resources_KBThingWorxServerSystem"
    },
    "UserExtensions" : {
      "EntityType" : "UserExtensions",
      "Services" : [ {
        "Target" : "GetCurrentUserExtensionProperties",
        "Parameters" : { },
        "APIMethod" : "post",
        "Characteristic" : "Services",
        "RefreshInterval" : 0,
        "Id" : "UserExtensionInterface",
        "Name" : "GetCurrentUserExtensionProperties"
      } ],
      "EntityName" : "",
      "Id" : "UserExtensions",
      "DataName" : "UserExtensions"
    },
    "Session" : {
      "EntityType" : "Session",
      "Services" : [ {
        "Target" : "GetGlobalSessionValues",
        "Parameters" : { },
        "APIMethod" : "post",
        "Characteristic" : "Services",
        "RefreshInterval" : 0,
        "Id" : "SessionInterface",
        "Name" : "GetGlobalSessionValues"
      } ],
      "EntityName" : "",
      "Id" : "session",
      "DataName" : "Session"
    }
  },
  "DesignTimePermissions" : { }
}]]></mashupContent>
			<ConfigurationChanges>
				<ConfigurationChange changeAction="CREATE"
					changeReason="header : name : updated&#10;"
					timestamp="2018-02-20T15:57:46.675+01:00" user="adm-flassakm" />
				<ConfigurationChange changeAction="MODIFY"
					changeReason="" timestamp="2018-02-20T15:58:23.754+01:00"
					user="adm-flassakm" />
			</ConfigurationChanges>
		</Mashup>
	</Mashups>
</Entities>