<?xml version="1.0" encoding="UTF-8" standalone="no"?>
<Entities build="b2319" majorVersion="8" minorVersion="4"
	modelPersistenceProviderPackage="MssqlPersistenceProviderPackage"
	revision="4" schemaVersion="1041" universal="">
	<Mashups>
		<Mashup aspect.isResponsive="true" aspect.mashupType="mashup"
			columns="0.0" description="" documentationContent="" homeMashup=""
			lastModifiedDate="2020-06-18T08:30:05.647+02:00"
			name="KBLocalSmartKPIMachineLevelProcessDataDDFrameMashup"
			projectName="KBsmartKPI" rows="0.0"
			tags="KBThingWorxInstallationVocabulary:ExtensionSmartKPI">
			<Owner name="adm-flassakm" type="User" />
			<avatar />
			<DesignTimePermissions>
				<Create />
				<Read />
				<Update />
				<Delete />
				<Metadata />
			</DesignTimePermissions>
			<RunTimePermissions>
				<Permissions resourceName="*">
					<PropertyRead>
						<Principal isPermitted="true" name="KBUserGroup"
							type="Group" />
					</PropertyRead>
					<PropertyWrite />
					<ServiceInvoke>
						<Principal isPermitted="true" name="KBUserGroup"
							type="Group" />
					</ServiceInvoke>
					<EventInvoke />
					<EventSubscribe />
				</Permissions>
			</RunTimePermissions>
			<VisibilityPermissions>
				<Visibility>
					<Principal isPermitted="true" name="KBOrganization"
						type="Organization" />
				</Visibility>
			</VisibilityPermissions>
			<ConfigurationTableDefinitions />
			<ConfigurationTables />
			<ParameterDefinitions>
				<FieldDefinition aspect.bindingDirection="IN"
					aspect.isMandatory="false" aspect.ordinal="0" baseType="STRING"
					description="" name="Machine" ordinal="0" />
				<FieldDefinition aspect.bindingDirection="IN"
					aspect.isMandatory="false" aspect.ordinal="1" baseType="STRING"
					description="" name="TestType" ordinal="0" />
			</ParameterDefinitions>
			<Things>
				<Thing>KBTimeHelperThing</Thing>
			</Things>
			<ThingShapes />
			<ThingTemplates>
				<ThingTemplate>KBKPILocalThingWorxDatabaseTemplate</ThingTemplate>
			</ThingTemplates>
			<mashupContent><![CDATA[{
  "CustomMashupCss" : "",
  "Data" : {
    "DynamicThingTemplates_KBKPILocalThingWorxDatabaseTemplate" : {
      "DataName" : "DynamicThingTemplates_KBKPILocalThingWorxDatabaseTemplate",
      "EntityName" : "KBKPILocalThingWorxDatabaseTemplate",
      "EntityType" : "DynamicThingTemplates",
      "Id" : "8805df63-5713-49f2-9e37-d4b6b3bf7ac3",
      "Services" : [ {
        "APIMethod" : "post",
        "Characteristic" : "Services",
        "Id" : "50218a17-e11c-4705-a993-564985fa9320",
        "Name" : "GetMachinesWithProcessDataFloatForVisualization",
        "Parameters" : { },
        "RefreshInterval" : 0,
        "Target" : "GetMachinesWithProcessDataFloatForVisualization"
      }, {
        "APIMethod" : "post",
        "Characteristic" : "Services",
        "Id" : "a2bae2c4-dfca-490c-a6b0-02517259ace3",
        "Name" : "GetProcessDataInputParameterForVisualizationRepeater",
        "Parameters" : { },
        "RefreshInterval" : 0,
        "Target" : "GetProcessDataInputParameterForVisualizationRepeater"
      }, {
        "APIMethod" : "post",
        "Characteristic" : "Services",
        "Id" : "7af1721f-8e31-48d7-92fe-7621554883e5",
        "Name" : "GetMachineData",
        "Parameters" : {
          "PropertyKey" : "%",
          "PropertySubKey1" : "undefined",
          "PropertySubKey2" : "undefined"
        },
        "RefreshInterval" : 0,
        "Target" : "GetMachineData"
      } ]
    },
    "Resources_KBThingWorxServerSystem" : {
      "DataName" : "Resources_KBThingWorxServerSystem",
      "EntityName" : "KBThingWorxServerSystem",
      "EntityType" : "Resources",
      "Id" : "d14ee7fd-8557-4f36-8f11-1eeea75a3050",
      "Services" : [ {
        "APIMethod" : "post",
        "Characteristic" : "Services",
        "Id" : "01785451-aedc-4361-bbc9-982ff02af232",
        "Name" : "GetKPILocalThingWorxDatabaseThing",
        "Parameters" : { },
        "RefreshInterval" : 0,
        "Target" : "GetKPILocalThingWorxDatabaseThing"
      } ]
    },
    "Session" : {
      "DataName" : "Session",
      "EntityName" : "",
      "EntityType" : "Session",
      "Id" : "session",
      "Services" : [ {
        "APIMethod" : "post",
        "Characteristic" : "Services",
        "Id" : "SessionInterface",
        "Name" : "GetGlobalSessionValues",
        "Parameters" : { },
        "RefreshInterval" : 0,
        "Target" : "GetGlobalSessionValues"
      } ]
    },
    "Things_KBTimeHelperThing" : {
      "DataName" : "Things_KBTimeHelperThing",
      "EntityName" : "KBTimeHelperThing",
      "EntityType" : "Things",
      "Id" : "336bf32b-59ed-46a0-b931-ce476048b1d3",
      "Services" : [ {
        "APIMethod" : "post",
        "Characteristic" : "Services",
        "Id" : "3417cbfb-7152-472b-9280-dff09420f009",
        "Name" : "ConcatStrings",
        "Parameters" : {
          "String1" : "ProcessDataFloatPerMachine-"
        },
        "RefreshInterval" : 0,
        "Target" : "ConcatStrings"
      } ]
    },
    "UserExtensions" : {
      "DataName" : "UserExtensions",
      "EntityName" : "",
      "EntityType" : "UserExtensions",
      "Id" : "UserExtensions",
      "Services" : [ {
        "APIMethod" : "post",
        "Characteristic" : "Services",
        "Id" : "UserExtensionInterface",
        "Name" : "GetCurrentUserExtensionProperties",
        "Parameters" : { },
        "RefreshInterval" : 0,
        "Target" : "GetCurrentUserExtensionProperties"
      } ]
    }
  },
  "DataBindings" : [ {
    "Id" : "4afb2c80-092c-46f1-82f8-3d42776dea86",
    "PropertyMaps" : [ {
      "SourceProperty" : "Result",
      "SourcePropertyBaseType" : "STRING",
      "TargetProperty" : "value",
      "TargetPropertyBaseType" : "THINGNAME",
      "TargetPropertyType" : "Entity"
    } ],
    "SourceArea" : "Data",
    "SourceDetails" : "AllData",
    "SourceId" : "GetKPILocalThingWorxDatabaseThing",
    "SourceSection" : "Resources_KBThingWorxServerSystem",
    "TargetArea" : "Data",
    "TargetId" : "EntityName",
    "TargetSection" : "DynamicThingTemplates_KBKPILocalThingWorxDatabaseTemplate"
  }, {
    "Id" : "503df2ad-deeb-4d85-94c8-798ae107af16",
    "PropertyMaps" : [ {
      "SourceProperty" : "",
      "SourcePropertyBaseType" : "INFOTABLE",
      "SourcePropertyType" : "InfoTable",
      "TargetProperty" : "Data",
      "TargetPropertyBaseType" : "INFOTABLE",
      "TargetPropertyType" : "property"
    } ],
    "SourceArea" : "Data",
    "SourceDetails" : "AllData",
    "SourceId" : "GetMachinesWithProcessDataFloatForVisualization",
    "SourceSection" : "DynamicThingTemplates_KBKPILocalThingWorxDatabaseTemplate",
    "TargetArea" : "UI",
    "TargetId" : "dhxlist-4",
    "TargetSection" : ""
  }, {
    "Id" : "813ccdbe-751c-4177-8ea1-62504f091169",
    "PropertyMaps" : [ {
      "SourceProperty" : "ThingName",
      "SourcePropertyBaseType" : "STRING",
      "TargetProperty" : "Machine",
      "TargetPropertyBaseType" : "STRING",
      "TargetPropertyType" : "Parameter"
    } ],
    "SourceArea" : "Data",
    "SourceDetails" : "SelectedRows",
    "SourceId" : "GetMachinesWithProcessDataFloatForVisualization",
    "SourceSection" : "DynamicThingTemplates_KBKPILocalThingWorxDatabaseTemplate",
    "TargetArea" : "Data",
    "TargetId" : "GetProcessDataInputParameterForVisualizationRepeater",
    "TargetSection" : "DynamicThingTemplates_KBKPILocalThingWorxDatabaseTemplate"
  }, {
    "Id" : "6c8e9476-bbef-434f-ad9e-c521e7b148d2",
    "PropertyMaps" : [ {
      "SourceProperty" : "",
      "SourcePropertyBaseType" : "INFOTABLE",
      "SourcePropertyType" : "InfoTable",
      "TargetProperty" : "Data",
      "TargetPropertyBaseType" : "INFOTABLE",
      "TargetPropertyType" : "property"
    } ],
    "SourceArea" : "Data",
    "SourceDetails" : "AllData",
    "SourceId" : "GetProcessDataInputParameterForVisualizationRepeater",
    "SourceSection" : "DynamicThingTemplates_KBKPILocalThingWorxDatabaseTemplate",
    "TargetArea" : "UI",
    "TargetId" : "repeater-19",
    "TargetSection" : ""
  }, {
    "Id" : "a3491670-2959-4253-b682-afd9df715d2c",
    "PropertyMaps" : [ {
      "SourceProperty" : "StartDateTime",
      "SourcePropertyBaseType" : "DATETIME",
      "TargetProperty" : "StartDate",
      "TargetPropertyBaseType" : "DATETIME",
      "TargetPropertyType" : "Parameter"
    } ],
    "SourceArea" : "UI",
    "SourceId" : "timeselector-21",
    "SourceSection" : "",
    "TargetArea" : "Data",
    "TargetId" : "GetProcessDataInputParameterForVisualizationRepeater",
    "TargetSection" : "DynamicThingTemplates_KBKPILocalThingWorxDatabaseTemplate"
  }, {
    "Id" : "17b4c5d4-b186-4ce9-901a-579c84ff8076",
    "PropertyMaps" : [ {
      "SourceProperty" : "EndDateTime",
      "SourcePropertyBaseType" : "DATETIME",
      "TargetProperty" : "EndDate",
      "TargetPropertyBaseType" : "DATETIME",
      "TargetPropertyType" : "Parameter"
    } ],
    "SourceArea" : "UI",
    "SourceId" : "timeselector-21",
    "SourceSection" : "",
    "TargetArea" : "Data",
    "TargetId" : "GetProcessDataInputParameterForVisualizationRepeater",
    "TargetSection" : "DynamicThingTemplates_KBKPILocalThingWorxDatabaseTemplate"
  }, {
    "Id" : "1ce18e4d-56ac-4712-b8fe-41afcc1004db",
    "PropertyMaps" : [ {
      "SourceProperty" : "",
      "SourcePropertyBaseType" : "INFOTABLE",
      "SourcePropertyType" : "InfoTable",
      "TargetProperty" : "Data",
      "TargetPropertyBaseType" : "INFOTABLE",
      "TargetPropertyType" : "property"
    } ],
    "SourceArea" : "Data",
    "SourceDetails" : "AllData",
    "SourceId" : "GetProcessDataInputParameterForVisualizationRepeater",
    "SourceSection" : "DynamicThingTemplates_KBKPILocalThingWorxDatabaseTemplate",
    "TargetArea" : "UI",
    "TargetId" : "repeater-22",
    "TargetSection" : ""
  }, {
    "Id" : "916b2618-c6e8-4523-a68e-af55d1718481",
    "PropertyMaps" : [ {
      "SourceProperty" : "DisplayName",
      "SourcePropertyBaseType" : "STRING",
      "SourcePropertyType" : "Field",
      "TargetProperty" : "Text",
      "TargetPropertyBaseType" : "STRING",
      "TargetPropertyType" : "property"
    } ],
    "SourceArea" : "Data",
    "SourceDetails" : "SelectedRows",
    "SourceId" : "GetMachinesWithProcessDataFloatForVisualization",
    "SourceSection" : "DynamicThingTemplates_KBKPILocalThingWorxDatabaseTemplate",
    "TargetArea" : "UI",
    "TargetId" : "label-24",
    "TargetSection" : ""
  }, {
    "Id" : "85cc7037-9d20-4f6a-8967-fe7ce2aa4d6f",
    "PropertyMaps" : [ {
      "SourceProperty" : "ThingName",
      "SourcePropertyBaseType" : "STRING",
      "TargetProperty" : "String2",
      "TargetPropertyBaseType" : "STRING",
      "TargetPropertyType" : "Parameter"
    } ],
    "SourceArea" : "Data",
    "SourceDetails" : "SelectedRows",
    "SourceId" : "GetMachinesWithProcessDataFloatForVisualization",
    "SourceSection" : "DynamicThingTemplates_KBKPILocalThingWorxDatabaseTemplate",
    "TargetArea" : "Data",
    "TargetId" : "ConcatStrings",
    "TargetSection" : "Things_KBTimeHelperThing"
  }, {
    "Id" : "e768d2d9-6ff0-4848-a962-8c8f45d1b999",
    "PropertyMaps" : [ {
      "SourceProperty" : "result",
      "SourcePropertyBaseType" : "STRING",
      "TargetProperty" : "Machine",
      "TargetPropertyBaseType" : "STRING",
      "TargetPropertyType" : "Parameter"
    } ],
    "SourceArea" : "Data",
    "SourceDetails" : "AllData",
    "SourceId" : "ConcatStrings",
    "SourceSection" : "Things_KBTimeHelperThing",
    "TargetArea" : "Data",
    "TargetId" : "GetMachineData",
    "TargetSection" : "DynamicThingTemplates_KBKPILocalThingWorxDatabaseTemplate"
  }, {
    "Id" : "ff6a4b96-f691-4443-b224-f6ad8d85f30f",
    "PropertyMaps" : [ {
      "SourceProperty" : "",
      "SourcePropertyBaseType" : "INFOTABLE",
      "SourcePropertyType" : "InfoTable",
      "TargetProperty" : "Data",
      "TargetPropertyBaseType" : "INFOTABLE",
      "TargetPropertyType" : "property"
    } ],
    "SourceArea" : "Data",
    "SourceDetails" : "AllData",
    "SourceId" : "GetMachineData",
    "SourceSection" : "DynamicThingTemplates_KBKPILocalThingWorxDatabaseTemplate",
    "TargetArea" : "UI",
    "TargetId" : "dhxlist-8",
    "TargetSection" : ""
  }, {
    "Id" : "d863ee9c-4b04-4d2e-853d-5d42759359fa",
    "PropertyMaps" : [ {
      "SourceProperty" : "",
      "SourcePropertyBaseType" : "INFOTABLE",
      "TargetProperty" : "ProcessDataTypes",
      "TargetPropertyBaseType" : "INFOTABLE",
      "TargetPropertyType" : "Parameter"
    } ],
    "SourceArea" : "Data",
    "SourceDetails" : "SelectedRows",
    "SourceId" : "GetMachineData",
    "SourceSection" : "DynamicThingTemplates_KBKPILocalThingWorxDatabaseTemplate",
    "TargetArea" : "Data",
    "TargetId" : "GetProcessDataInputParameterForVisualizationRepeater",
    "TargetSection" : "DynamicThingTemplates_KBKPILocalThingWorxDatabaseTemplate"
  }, {
    "Id" : "8f51e82d-46a3-4305-815d-839981380fe0",
    "PropertyMaps" : [ {
      "SourceProperty" : "Machine",
      "SourcePropertyBaseType" : "STRING",
      "SourcePropertyType" : "Property",
      "TargetProperty" : "SelectedText",
      "TargetPropertyBaseType" : "STRING",
      "TargetPropertyType" : "property"
    } ],
    "SourceArea" : "Mashup",
    "SourceId" : "mashup-root",
    "SourceSection" : "",
    "TargetArea" : "UI",
    "TargetId" : "dhxlist-4",
    "TargetSection" : ""
  }, {
    "Id" : "15a0fe23-a3ee-4e36-aa05-3217e5e1510a",
    "PropertyMaps" : [ {
      "SourceProperty" : "TestType",
      "SourcePropertyBaseType" : "STRING",
      "SourcePropertyType" : "Property",
      "TargetProperty" : "SelectedText",
      "TargetPropertyBaseType" : "STRING",
      "TargetPropertyType" : "property"
    } ],
    "SourceArea" : "Mashup",
    "SourceId" : "mashup-root",
    "SourceSection" : "",
    "TargetArea" : "UI",
    "TargetId" : "dhxlist-8",
    "TargetSection" : ""
  }, {
    "Id" : "09de95ff-2070-4fdc-a948-60dbe1acd26c",
    "PropertyMaps" : [ {
      "SourceProperty" : "ThingName",
      "SourcePropertyBaseType" : "STRING",
      "SourcePropertyType" : "Field",
      "TargetProperty" : "Machine",
      "TargetPropertyBaseType" : "STRING",
      "TargetPropertyType" : "property"
    } ],
    "SourceArea" : "Data",
    "SourceDetails" : "SelectedRows",
    "SourceId" : "GetMachinesWithProcessDataFloatForVisualization",
    "SourceSection" : "DynamicThingTemplates_KBKPILocalThingWorxDatabaseTemplate",
    "TargetArea" : "UI",
    "TargetId" : "navigation-37",
    "TargetSection" : ""
  }, {
    "Id" : "d19b7843-fcbb-4256-bae0-821863148822",
    "PropertyMaps" : [ {
      "SourceProperty" : "ThingName",
      "SourcePropertyBaseType" : "STRING",
      "SourcePropertyType" : "Field",
      "TargetProperty" : "Machine",
      "TargetPropertyBaseType" : "STRING",
      "TargetPropertyType" : "property"
    } ],
    "SourceArea" : "Data",
    "SourceDetails" : "SelectedRows",
    "SourceId" : "GetMachinesWithProcessDataFloatForVisualization",
    "SourceSection" : "DynamicThingTemplates_KBKPILocalThingWorxDatabaseTemplate",
    "TargetArea" : "UI",
    "TargetId" : "navigation-38",
    "TargetSection" : ""
  }, {
    "Id" : "60ad3377-6d09-487f-ad8f-bef67c1be178",
    "PropertyMaps" : [ {
      "SourceProperty" : "TextValue",
      "SourcePropertyBaseType" : "STRING",
      "SourcePropertyType" : "Field",
      "TargetProperty" : "TestType",
      "TargetPropertyBaseType" : "STRING",
      "TargetPropertyType" : "property"
    } ],
    "SourceArea" : "Data",
    "SourceDetails" : "SelectedRows",
    "SourceId" : "GetMachineData",
    "SourceSection" : "DynamicThingTemplates_KBKPILocalThingWorxDatabaseTemplate",
    "TargetArea" : "UI",
    "TargetId" : "navigation-37",
    "TargetSection" : ""
  } ],
  "DesignTimePermissions" : {
    "Create" : [ ],
    "Delete" : [ ],
    "Metadata" : [ ],
    "Read" : [ ],
    "Update" : [ ]
  },
  "Events" : [ {
    "EventHandlerArea" : "Data",
    "EventHandlerId" : "Resources_KBThingWorxServerSystem",
    "EventHandlerService" : "GetKPILocalThingWorxDatabaseThing",
    "EventTriggerArea" : "Mashup",
    "EventTriggerEvent" : "Loaded",
    "EventTriggerId" : "mashup-root",
    "EventTriggerSection" : "",
    "Id" : "8bc57299-3b34-4f70-8051-26407cc65647"
  }, {
    "EventHandlerArea" : "Data",
    "EventHandlerId" : "DynamicThingTemplates_KBKPILocalThingWorxDatabaseTemplate",
    "EventHandlerService" : "GetMachinesWithProcessDataFloatForVisualization",
    "EventTriggerArea" : "Data",
    "EventTriggerEvent" : "ServiceInvokeCompleted",
    "EventTriggerId" : "GetKPILocalThingWorxDatabaseThing",
    "EventTriggerSection" : "Resources_KBThingWorxServerSystem",
    "Id" : "65644fbe-a647-4b9d-8452-dbaed4ddb79b"
  }, {
    "EventHandlerArea" : "Data",
    "EventHandlerId" : "DynamicThingTemplates_KBKPILocalThingWorxDatabaseTemplate",
    "EventHandlerService" : "GetProcessDataInputParameterForVisualizationRepeater",
    "EventTriggerArea" : "UI",
    "EventTriggerEvent" : "Updated",
    "EventTriggerId" : "timeselector-21",
    "EventTriggerSection" : "",
    "Id" : "bcc3f0fd-9e5f-4be1-9a97-92e7b8724758"
  }, {
    "EventHandlerArea" : "Data",
    "EventHandlerId" : "Things_KBTimeHelperThing",
    "EventHandlerService" : "ConcatStrings",
    "EventTriggerArea" : "Data",
    "EventTriggerEvent" : "SelectedRowsChanged",
    "EventTriggerId" : "GetMachinesWithProcessDataFloatForVisualization",
    "EventTriggerSection" : "DynamicThingTemplates_KBKPILocalThingWorxDatabaseTemplate",
    "Id" : "0e5232f3-cfd8-4401-a9b3-a21519c98fc0"
  }, {
    "EventHandlerArea" : "Data",
    "EventHandlerId" : "DynamicThingTemplates_KBKPILocalThingWorxDatabaseTemplate",
    "EventHandlerService" : "GetMachineData",
    "EventTriggerArea" : "Data",
    "EventTriggerEvent" : "ServiceInvokeCompleted",
    "EventTriggerId" : "ConcatStrings",
    "EventTriggerSection" : "Things_KBTimeHelperThing",
    "Id" : "c724a3dd-00b8-436d-85cb-3d4ce65e74e7"
  }, {
    "EventHandlerArea" : "Data",
    "EventHandlerId" : "DynamicThingTemplates_KBKPILocalThingWorxDatabaseTemplate",
    "EventHandlerService" : "GetProcessDataInputParameterForVisualizationRepeater",
    "EventTriggerArea" : "Data",
    "EventTriggerEvent" : "SelectedRowsChanged",
    "EventTriggerId" : "GetMachineData",
    "EventTriggerSection" : "DynamicThingTemplates_KBKPILocalThingWorxDatabaseTemplate",
    "Id" : "d8d3f461-d164-4a4b-abad-93146f961c8c"
  } ],
  "RunTimePermissions" : {
    "permissions" : [ {
      "EventInvoke" : [ ],
      "EventSubscribe" : [ ],
      "PropertyRead" : [ {
        "isPermitted" : true,
        "name" : "KBUserGroup",
        "type" : "Group"
      } ],
      "PropertyWrite" : [ ],
      "ServiceInvoke" : [ {
        "isPermitted" : true,
        "name" : "KBUserGroup",
        "type" : "Group"
      } ],
      "resourceName" : "*"
    } ]
  },
  "UI" : {
    "Properties" : {
      "AddToDashboardButton" : "SimplePlus",
      "AddToDashboardButtonStyle" : "DefaultAddToDashboardButtonStyle",
      "Area" : "Mashup",
      "BGImage" : "",
      "BGImageRepeat" : "no-repeat",
      "BGImageSize" : "auto",
      "Columns" : 0,
      "ConfigureGadgetButton" : "SimpleGear",
      "ConfigureGadgetButtonStyle" : "DefaultConfigureGadgetButtonStyle",
      "DisplayName" : "Mashup",
      "EnableParameterEditing" : false,
      "Height" : 618,
      "Id" : "mashup-root",
      "IgnoreWarningsInViewMashup" : false,
      "IsPrintLayout" : false,
      "Left" : 0,
      "MashupToEditGadget" : "DefaultMashupToEditGadget",
      "Master" : "KBSmartProductionMaster1Mashup",
      "MinHeight" : 0,
      "MinWidth" : 0,
      "ResponsiveLayout" : true,
      "Rows" : 0,
      "ShowDataLoading" : true,
      "Style" : "DefaultMashupStyle",
      "StyleTheme" : "Base Theme",
      "Title" : "",
      "TitleBar" : false,
      "TitleBarStyle" : "DefaultTitleBarStyle",
      "TitleBarText" : "Gadget Title Here",
      "Top" : 0,
      "Type" : "mashup",
      "UseTheme" : false,
      "UseThemeForHybrids" : false,
      "Visible" : true,
      "Width" : 1024,
      "Z-index" : 10,
      "__TypeDisplayName" : "Mashup",
      "_currentParameterDefs" : [ {
        "Aspects" : {
          "bindingDirection" : "IN",
          "isMandatory" : false
        },
        "BaseType" : "STRING",
        "Description" : "",
        "ParameterName" : "Machine"
      }, {
        "Aspects" : {
          "bindingDirection" : "IN",
          "isMandatory" : false
        },
        "BaseType" : "STRING",
        "Description" : "",
        "ParameterName" : "TestType"
      } ],
      "id_index" : 38,
      "supportsAutoResize" : true
    },
    "Widgets" : [ {
      "Properties" : {
        "Area" : "UI",
        "Columns" : 0,
        "DisplayName" : "layout-29",
        "Footer" : false,
        "FooterHeight" : 0,
        "Header" : true,
        "HeaderCustomClass" : "",
        "HeaderHeight" : 55,
        "Id" : "layout-29",
        "IncludeSpacingInFixedAreas" : false,
        "IsPrintLayout" : false,
        "Left" : 120,
        "LeftSidebar" : false,
        "LeftSidebarWidth" : 0,
        "Orientation" : "vertical",
        "PctColumn1" : 50,
        "PctColumn2" : 50,
        "PctColumn3" : 1,
        "PctColumn4" : 1,
        "PctColumn5" : 1,
        "PctColumn6" : 1,
        "PctColumn7" : 1,
        "PctColumn8" : 1,
        "PctRow1" : 100,
        "PctRow2" : 0,
        "PctRow3" : 0,
        "PctRow4" : 0,
        "PctRow5" : 0,
        "PctRow6" : 0,
        "PctRow7" : 0,
        "PctRow8" : 0,
        "PrintMarginLeftRight" : 0.5,
        "PrintMarginTopBottom" : 0.5,
        "PrintWidth" : 650,
        "ResponsiveLayout" : true,
        "RightSidebar" : false,
        "RightSidebarWidth" : 0,
        "Rows" : 1,
        "ShowDataLoading" : true,
        "Spacing" : 2,
        "Top" : 95,
        "Type" : "layout",
        "Visible" : true,
        "Z-index" : 10,
        "__TypeDisplayName" : "Layout"
      },
      "Widgets" : [ {
        "Properties" : {
          "AnimateExpandCollapse" : true,
          "Area" : "UI",
          "BGImageRepeat" : "no-repeat",
          "BGImageSize" : "auto",
          "DisplayName" : "Header",
          "ExpandCollapseTabLocation" : "outside",
          "Expanded" : true,
          "Id" : "container-30",
          "MinHeight" : 0,
          "MinWidth" : 0,
          "Overlay" : false,
          "OverlayIsTransparent" : false,
          "ResponsiveLayout" : true,
          "ShowDataLoading" : true,
          "ShowExpandCollapseTab" : false,
          "Style" : "DefaultContainerStyle",
          "TabCollapseStyle" : "DefaultTabCollapseStyle",
          "TabExpandStyle" : "DefaultTabExpandStyle",
          "TabHeight" : 36,
          "TabLocation" : "center",
          "TabOffset" : 0,
          "TabWidth" : 36,
          "Type" : "container",
          "Visible" : true,
          "Z-index" : 10,
          "__TypeDisplayName" : "Container",
          "userCannotRemove" : true
        },
        "Widgets" : [ {
          "Properties" : {
            "Area" : "UI",
            "DisplayName" : "panel-32",
            "Height" : 200,
            "HideScrollbars" : false,
            "HorizontalAnchor" : "left",
            "Id" : "panel-32",
            "Left" : 210,
            "ResponsiveLayout" : true,
            "ShowDataLoading" : true,
            "Style" : "DefaultPanelStyle",
            "Top" : 35,
            "Type" : "panel",
            "VerticalAnchor" : "top",
            "Visible" : true,
            "Width" : 300,
            "Z-index" : 10,
            "__TypeDisplayName" : "Panel"
          },
          "Widgets" : [ {
            "Properties" : {
              "Alignment" : "left",
              "Area" : "UI",
              "AutoSelectFirstRow" : true,
              "ClearIfNoSelection" : false,
              "ComboDropdownButtonStyle" : "DefaultComboDropdownButtonStyle",
              "ComboEnableCheckbox" : false,
              "ComboItemHighlightedStyle" : "DefaultComboItemHighlightedStyle",
              "ComboTextboxStyle" : "DefaultComboTextboxStyle",
              "DisableSelectedStyle" : false,
              "DisplayField" : "DisplayName",
              "DisplayName" : "dhxlist-4",
              "DropdownButtonStyle" : "DefaultDropdownButtonStyle",
              "DropdownSelectedStyle" : "DefaultDropdownSelectedStyle",
              "DropdownStyle" : "DefaultDropdownStyle",
              "EnableKeyboardSelections" : true,
              "EnableToolTips" : true,
              "Height" : 28,
              "HeightOfDropdownView" : 170,
              "Id" : "dhxlist-4",
              "Label" : "",
              "LabelAlignment" : "left",
              "Left" : 10,
              "ListBackgroundStyle" : "DefaultListBackgroundStyle",
              "ListFocusStyle" : "DefaultFocusStyle",
              "ListItemAlternateStyle" : "DefaultListItemAlternateStyle",
              "ListItemHoverStyle" : "DefaultListItemHoverStyle",
              "ListItemSelectedStyle" : "DefaultListItemSelectedStyle",
              "ListItemStyle" : "DefaultListItemStyle",
              "ListLabelStyle" : "DefaultWidgetLabelStyle",
              "MultiSelect" : false,
              "NumberOfItemsInDropdownView" : 20,
              "NumberOfItemsPerPage" : 500,
              "ResponsiveLayout" : false,
              "RowHeight" : 28,
              "ShowDataLoading" : true,
              "SingleClickSelectOnTablets" : false,
              "TabSequence" : 0,
              "TextIfNoSelectionType" : "editable",
              "TextVerticalAlignment" : 28,
              "ToolTipStyle" : "DefaultTooltipStyle",
              "Top" : 10,
              "Type" : "dhxlist",
              "ValueField" : "ThingName",
              "View" : "dropdown",
              "Visible" : true,
              "Width" : 1000,
              "WidthOfDropdownView" : 1000,
              "Z-index" : 10,
              "__TypeDisplayName" : "List",
              "__supportsLabel" : true,
              "__supportsTooltip" : true
            },
            "Widgets" : [ ]
          } ]
        } ]
      }, {
        "Properties" : {
          "AnimateExpandCollapse" : true,
          "Area" : "UI",
          "BGImageRepeat" : "no-repeat",
          "BGImageSize" : "auto",
          "DisplayName" : "Row 1",
          "ExpandCollapseTabLocation" : "outside",
          "Expanded" : true,
          "Id" : "container-31",
          "MinHeight" : 0,
          "MinWidth" : 0,
          "Overlay" : false,
          "OverlayIsTransparent" : false,
          "ResponsiveLayout" : true,
          "ShowDataLoading" : true,
          "ShowExpandCollapseTab" : false,
          "Style" : "DefaultContainerStyle",
          "TabCollapseStyle" : "DefaultTabCollapseStyle",
          "TabExpandStyle" : "DefaultTabExpandStyle",
          "TabHeight" : 36,
          "TabLocation" : "center",
          "TabOffset" : 0,
          "TabWidth" : 36,
          "Type" : "container",
          "Visible" : true,
          "Z-index" : 10,
          "__TypeDisplayName" : "Container",
          "userCannotRemove" : true
        },
        "Widgets" : [ {
          "Properties" : {
            "Area" : "UI",
            "Columns" : 1,
            "DisplayName" : "layout-34",
            "Footer" : false,
            "FooterHeight" : 0,
            "Header" : false,
            "HeaderHeight" : 0,
            "Id" : "layout-34",
            "IncludeSpacingInFixedAreas" : false,
            "IsPrintLayout" : false,
            "Left" : 250,
            "LeftSidebar" : true,
            "LeftSidebarWidth" : 300,
            "Orientation" : "horizontal",
            "PctColumn1" : 100,
            "PctColumn2" : 0,
            "PctColumn3" : 1,
            "PctColumn4" : 1,
            "PctColumn5" : 1,
            "PctColumn6" : 1,
            "PctColumn7" : 1,
            "PctColumn8" : 1,
            "PctRow1" : 50,
            "PctRow2" : 50,
            "PctRow3" : 0,
            "PctRow4" : 0,
            "PctRow5" : 0,
            "PctRow6" : 0,
            "PctRow7" : 0,
            "PctRow8" : 0,
            "PrintMarginLeftRight" : 0.5,
            "PrintMarginTopBottom" : 0.5,
            "PrintWidth" : 650,
            "ResponsiveLayout" : true,
            "RightSidebar" : false,
            "RightSidebarWidth" : 0,
            "Rows" : 0,
            "ShowDataLoading" : true,
            "Spacing" : 2,
            "Top" : 110,
            "Type" : "layout",
            "Visible" : true,
            "Z-index" : 10,
            "__TypeDisplayName" : "Layout"
          },
          "Widgets" : [ {
            "Properties" : {
              "AnimateExpandCollapse" : true,
              "Area" : "UI",
              "BGImageRepeat" : "no-repeat",
              "BGImageSize" : "auto",
              "DisplayName" : "Left Sidebar",
              "ExpandCollapseTabLocation" : "outside",
              "Expanded" : true,
              "Id" : "container-35",
              "MinHeight" : 0,
              "MinWidth" : 0,
              "Overlay" : false,
              "OverlayIsTransparent" : false,
              "ResponsiveLayout" : true,
              "ShowDataLoading" : true,
              "ShowExpandCollapseTab" : false,
              "Style" : "DefaultContainerStyle",
              "TabCollapseStyle" : "DefaultTabCollapseStyle",
              "TabExpandStyle" : "DefaultTabExpandStyle",
              "TabHeight" : 36,
              "TabLocation" : "center",
              "TabOffset" : 0,
              "TabWidth" : 36,
              "Type" : "container",
              "Visible" : true,
              "Z-index" : 10,
              "__TypeDisplayName" : "Container",
              "userCannotRemove" : true
            },
            "Widgets" : [ {
              "Properties" : {
                "Alignment" : "left",
                "Area" : "UI",
                "AutoSelectFirstRow" : true,
                "ClearIfNoSelection" : false,
                "ComboDropdownButtonStyle" : "DefaultComboDropdownButtonStyle",
                "ComboEnableCheckbox" : false,
                "ComboItemHighlightedStyle" : "DefaultComboItemHighlightedStyle",
                "ComboTextboxStyle" : "DefaultComboTextboxStyle",
                "DisableSelectedStyle" : false,
                "DisplayField" : "TextValue",
                "DisplayName" : "dhxlist-8",
                "DropdownButtonStyle" : "DefaultDropdownButtonStyle",
                "DropdownSelectedStyle" : "DefaultDropdownSelectedStyle",
                "DropdownStyle" : "DefaultDropdownStyle",
                "EnableKeyboardSelections" : true,
                "EnableToolTips" : true,
                "Height" : 170,
                "HeightOfDropdownView" : 170,
                "Id" : "dhxlist-8",
                "Label" : "",
                "LabelAlignment" : "left",
                "Left" : 10,
                "ListBackgroundStyle" : "DefaultListBackgroundStyle",
                "ListFocusStyle" : "DefaultFocusStyle",
                "ListItemAlternateStyle" : "DefaultListItemAlternateStyle",
                "ListItemHoverStyle" : "DefaultListItemHoverStyle",
                "ListItemSelectedStyle" : "DefaultListItemSelectedStyle",
                "ListItemStyle" : "DefaultListItemStyle",
                "ListLabelStyle" : "DefaultWidgetLabelStyle",
                "MultiSelect" : true,
                "NumberOfItemsInDropdownView" : 20,
                "NumberOfItemsPerPage" : 500,
                "ResponsiveLayout" : true,
                "RowHeight" : 28,
                "ShowDataLoading" : true,
                "SingleClickSelectOnTablets" : false,
                "TabSequence" : 0,
                "TextIfNoSelectionType" : "editable",
                "TextVerticalAlignment" : 28,
                "ToolTipStyle" : "DefaultTooltipStyle",
                "Top" : 50,
                "Type" : "dhxlist",
                "ValueField" : "TextValue",
                "View" : "list",
                "Visible" : true,
                "Width" : 1000,
                "WidthOfDropdownView" : 1000,
                "Z-index" : 10,
                "__TypeDisplayName" : "List",
                "__supportsLabel" : true,
                "__supportsTooltip" : true
              },
              "Widgets" : [ ]
            } ]
          }, {
            "Properties" : {
              "AnimateExpandCollapse" : true,
              "Area" : "UI",
              "BGImageRepeat" : "no-repeat",
              "BGImageSize" : "auto",
              "DisplayName" : "Column 1",
              "ExpandCollapseTabLocation" : "outside",
              "Expanded" : true,
              "Id" : "container-36",
              "MinHeight" : 0,
              "MinWidth" : 0,
              "Overlay" : false,
              "OverlayIsTransparent" : false,
              "ResponsiveLayout" : true,
              "ShowDataLoading" : true,
              "ShowExpandCollapseTab" : false,
              "Style" : "DefaultContainerStyle",
              "TabCollapseStyle" : "DefaultTabCollapseStyle",
              "TabExpandStyle" : "DefaultTabExpandStyle",
              "TabHeight" : 36,
              "TabLocation" : "center",
              "TabOffset" : 0,
              "TabWidth" : 36,
              "Type" : "container",
              "Visible" : true,
              "Z-index" : 10,
              "__TypeDisplayName" : "Container",
              "userCannotRemove" : true
            },
            "Widgets" : [ {
              "Properties" : {
                "Area" : "UI",
                "Columns" : 0,
                "DisplayName" : "layout-10",
                "Footer" : false,
                "FooterHeight" : 0,
                "Header" : true,
                "HeaderHeight" : 130,
                "Id" : "layout-10",
                "IncludeSpacingInFixedAreas" : false,
                "IsPrintLayout" : false,
                "Left" : 325,
                "LeftSidebar" : false,
                "LeftSidebarWidth" : 0,
                "Orientation" : "vertical",
                "PctColumn1" : 50,
                "PctColumn2" : 50,
                "PctColumn3" : 1,
                "PctColumn4" : 1,
                "PctColumn5" : 1,
                "PctColumn6" : 1,
                "PctColumn7" : 1,
                "PctColumn8" : 1,
                "PctRow1" : 100,
                "PctRow2" : 0,
                "PctRow3" : 0,
                "PctRow4" : 0,
                "PctRow5" : 0,
                "PctRow6" : 0,
                "PctRow7" : 0,
                "PctRow8" : 0,
                "PrintMarginLeftRight" : 0.5,
                "PrintMarginTopBottom" : 0.5,
                "PrintWidth" : 650,
                "ResponsiveLayout" : true,
                "RightSidebar" : false,
                "RightSidebarWidth" : 0,
                "Rows" : 1,
                "ShowDataLoading" : true,
                "Spacing" : 2,
                "Top" : 75,
                "Type" : "layout",
                "Visible" : true,
                "Z-index" : 10,
                "__TypeDisplayName" : "Layout"
              },
              "Widgets" : [ {
                "Properties" : {
                  "AnimateExpandCollapse" : true,
                  "Area" : "UI",
                  "BGImageRepeat" : "no-repeat",
                  "BGImageSize" : "auto",
                  "DisplayName" : "Header",
                  "ExpandCollapseTabLocation" : "outside",
                  "Expanded" : true,
                  "Id" : "container-11",
                  "MinHeight" : 0,
                  "MinWidth" : 0,
                  "Overlay" : false,
                  "OverlayIsTransparent" : false,
                  "ResponsiveLayout" : true,
                  "ShowDataLoading" : true,
                  "ShowExpandCollapseTab" : false,
                  "Style" : "DefaultContainerStyle",
                  "TabCollapseStyle" : "DefaultTabCollapseStyle",
                  "TabExpandStyle" : "DefaultTabExpandStyle",
                  "TabHeight" : 36,
                  "TabLocation" : "center",
                  "TabOffset" : 0,
                  "TabWidth" : 36,
                  "Type" : "container",
                  "Visible" : true,
                  "Z-index" : 10,
                  "__TypeDisplayName" : "Container",
                  "userCannotRemove" : true
                },
                "Widgets" : [ {
                  "Properties" : {
                    "Area" : "UI",
                    "CenterCustomClass" : "",
                    "Columns" : 2,
                    "DisplayName" : "layout-25",
                    "Footer" : false,
                    "FooterHeight" : 0,
                    "Header" : false,
                    "HeaderHeight" : 0,
                    "Id" : "layout-25",
                    "IncludeSpacingInFixedAreas" : false,
                    "IsPrintLayout" : false,
                    "Left" : 285,
                    "LeftSidebar" : false,
                    "LeftSidebarWidth" : 0,
                    "Orientation" : "horizontal",
                    "PctColumn1" : 50,
                    "PctColumn2" : 50,
                    "PctColumn3" : 1,
                    "PctColumn4" : 1,
                    "PctColumn5" : 1,
                    "PctColumn6" : 1,
                    "PctColumn7" : 1,
                    "PctColumn8" : 1,
                    "PctRow1" : 50,
                    "PctRow2" : 50,
                    "PctRow3" : 0,
                    "PctRow4" : 0,
                    "PctRow5" : 0,
                    "PctRow6" : 0,
                    "PctRow7" : 0,
                    "PctRow8" : 0,
                    "PrintMarginLeftRight" : 0.5,
                    "PrintMarginTopBottom" : 0.5,
                    "PrintWidth" : 650,
                    "ResponsiveLayout" : true,
                    "RightSidebar" : false,
                    "RightSidebarWidth" : 0,
                    "Rows" : 0,
                    "ShowDataLoading" : true,
                    "Spacing" : 2,
                    "Top" : 40,
                    "Type" : "layout",
                    "Visible" : true,
                    "Z-index" : 10,
                    "__TypeDisplayName" : "Layout"
                  },
                  "Widgets" : [ {
                    "Properties" : {
                      "AnimateExpandCollapse" : true,
                      "Area" : "UI",
                      "BGImageRepeat" : "no-repeat",
                      "BGImageSize" : "auto",
                      "DisplayName" : "Column 1",
                      "ExpandCollapseTabLocation" : "outside",
                      "Expanded" : true,
                      "Id" : "container-26",
                      "MinHeight" : 0,
                      "MinWidth" : 0,
                      "Overlay" : false,
                      "OverlayIsTransparent" : false,
                      "ResponsiveLayout" : true,
                      "ShowDataLoading" : true,
                      "ShowExpandCollapseTab" : false,
                      "Style" : "DefaultContainerStyle",
                      "TabCollapseStyle" : "DefaultTabCollapseStyle",
                      "TabExpandStyle" : "DefaultTabExpandStyle",
                      "TabHeight" : 36,
                      "TabLocation" : "center",
                      "TabOffset" : 0,
                      "TabWidth" : 36,
                      "Type" : "container",
                      "Visible" : true,
                      "Z-index" : 10,
                      "__TypeDisplayName" : "Container",
                      "userCannotRemove" : true
                    },
                    "Widgets" : [ {
                      "Properties" : {
                        "Area" : "UI",
                        "DisplayName" : "panel-20",
                        "Height" : 200,
                        "HideScrollbars" : false,
                        "HorizontalAnchor" : "left",
                        "Id" : "panel-20",
                        "Left" : 340,
                        "ResponsiveLayout" : true,
                        "ShowDataLoading" : true,
                        "Style" : "DefaultPanelStyle",
                        "Top" : 10,
                        "Type" : "panel",
                        "VerticalAnchor" : "top",
                        "Visible" : true,
                        "Width" : 300,
                        "Z-index" : 10,
                        "__TypeDisplayName" : "Panel"
                      },
                      "Widgets" : [ {
                        "Properties" : {
                          "Alignment" : "left",
                          "AllowEllipsis" : false,
                          "Area" : "UI",
                          "DisplayName" : "label-23",
                          "Height" : 37,
                          "Id" : "label-23",
                          "Left" : 25,
                          "ResponsiveLayout" : false,
                          "ShowDataLoading" : true,
                          "Style" : "KBDefaultSmartKPITitleStyle",
                          "Text" : "Process Data, Line",
                          "ToolTipField" : "",
                          "ToolTipStyle" : "DefaultTooltipStyle",
                          "Top" : 10,
                          "Type" : "label",
                          "Visible" : true,
                          "Width" : 410,
                          "Z-index" : 10,
                          "__TypeDisplayName" : "Label",
                          "__supportsTooltip" : true
                        },
                        "Widgets" : [ ]
                      }, {
                        "Properties" : {
                          "Alignment" : "left",
                          "AllowEllipsis" : false,
                          "Area" : "UI",
                          "DisplayName" : "label-24",
                          "Height" : 27,
                          "Id" : "label-24",
                          "Left" : 25,
                          "ResponsiveLayout" : false,
                          "ShowDataLoading" : true,
                          "Style" : "KBDefaultSmartKPITitleStyle",
                          "ToolTipField" : "",
                          "ToolTipStyle" : "DefaultTooltipStyle",
                          "Top" : 50,
                          "Type" : "label",
                          "Visible" : true,
                          "Width" : 415,
                          "Z-index" : 10,
                          "__TypeDisplayName" : "Label",
                          "__supportsTooltip" : true
                        },
                        "Widgets" : [ ]
                      } ]
                    } ]
                  }, {
                    "Properties" : {
                      "AnimateExpandCollapse" : true,
                      "Area" : "UI",
                      "BGImageRepeat" : "no-repeat",
                      "BGImageSize" : "auto",
                      "DisplayName" : "Column",
                      "ExpandCollapseTabLocation" : "outside",
                      "Expanded" : true,
                      "Id" : "container-33",
                      "MinHeight" : 0,
                      "MinWidth" : 0,
                      "Overlay" : false,
                      "OverlayIsTransparent" : false,
                      "ResponsiveLayout" : true,
                      "ShowDataLoading" : true,
                      "ShowExpandCollapseTab" : false,
                      "Style" : "DefaultContainerStyle",
                      "TabCollapseStyle" : "DefaultTabCollapseStyle",
                      "TabExpandStyle" : "DefaultTabExpandStyle",
                      "TabHeight" : 36,
                      "TabLocation" : "center",
                      "TabOffset" : 0,
                      "TabWidth" : 36,
                      "Type" : "container",
                      "Visible" : true,
                      "Z-index" : 10,
                      "__TypeDisplayName" : "Container",
                      "userCannotRemove" : true
                    },
                    "Widgets" : [ {
                      "Properties" : {
                        "Area" : "UI",
                        "DisplayName" : "panel-28",
                        "Height" : 200,
                        "HideScrollbars" : false,
                        "HorizontalAnchor" : "left",
                        "Id" : "panel-28",
                        "Left" : 110,
                        "ResponsiveLayout" : true,
                        "ShowDataLoading" : true,
                        "Style" : "DefaultPanelStyle",
                        "Top" : 35,
                        "Type" : "panel",
                        "VerticalAnchor" : "top",
                        "Visible" : true,
                        "Width" : 300,
                        "Z-index" : 10,
                        "__TypeDisplayName" : "Panel"
                      },
                      "Widgets" : [ {
                        "Properties" : {
                          "Area" : "UI",
                          "AutoRefresh" : true,
                          "DateDelimiter" : "-",
                          "DateDisplay" : "short",
                          "DateFormat" : "yyyy-M-dd",
                          "DateFormatToken" : "",
                          "DateOrder" : "yy-mm-dd",
                          "DecadeView" : false,
                          "DisplayName" : "timeselector-21",
                          "DisplaySeconds" : true,
                          "FocusStyle" : "DefaultButtonFocusStyle",
                          "Height" : 65,
                          "Id" : "timeselector-21",
                          "Interval" : 1,
                          "IntervalType" : "d",
                          "Left" : 10,
                          "RefreshInterval" : 30,
                          "ResponsiveLayout" : false,
                          "ShowDataLoading" : true,
                          "ShowLockControls" : false,
                          "TabSequence" : 0,
                          "TimeAutoRefreshBtnStyle" : "DefaultTimeAutoRefreshBtnStyle",
                          "TimeBGStyle" : "DefaultTimeBGStyle",
                          "TimeDatePickerStyle" : "DefaultTimeDatePickerStyle",
                          "TimeFormat" : "hh:mm:ss",
                          "TimeRefreshBtnStyle" : "DefaultTimeRefreshBtnStyle",
                          "Top" : 5,
                          "Type" : "timeselector",
                          "UseIntervalAsMax" : false,
                          "Visible" : true,
                          "Widescreen" : false,
                          "Width" : 450,
                          "Z-index" : 10,
                          "__TypeDisplayName" : "Time Selector"
                        },
                        "Widgets" : [ ]
                      }, {
                        "Properties" : {
                          "Alignment" : "left",
                          "Area" : "UI",
                          "ClickOutsideToClose" : false,
                          "DisplayName" : "navigation-37",
                          "FixedPopupHeight" : 0,
                          "FixedPopupWidth" : 0,
                          "Height" : 30,
                          "Icon" : "",
                          "IconAlignment" : "left",
                          "Id" : "navigation-37",
                          "Left" : 500,
                          "MashupName" : "KBLocalSmartKPIMachineLevelIChartDDFrameMashup",
                          "MashupParameters" : [ {
                            "BaseType" : "STRING",
                            "Description" : "",
                            "ParameterName" : "TestType",
                            "ParmDef" : {
                              "aspects" : {
                                "bindingDirection" : "IN",
                                "isMandatory" : "false",
                                "ordinal" : "1"
                              },
                              "baseType" : "STRING",
                              "description" : "",
                              "name" : "TestType",
                              "ordinal" : 0
                            }
                          }, {
                            "BaseType" : "STRING",
                            "Description" : "",
                            "ParameterName" : "Machine",
                            "ParmDef" : {
                              "aspects" : {
                                "bindingDirection" : "IN",
                                "isMandatory" : "false",
                                "ordinal" : "0"
                              },
                              "baseType" : "STRING",
                              "description" : "",
                              "name" : "Machine",
                              "ordinal" : 0
                            }
                          } ],
                          "MessageToShow" : "Mashup must be selected",
                          "ModalPopupOpacity" : 0.5,
                          "NavigationActiveStyle" : "DefaultNavigationActiveStyle",
                          "NavigationFocusStyle" : "DefaultNavigationFocusStyle",
                          "NavigationHoverStyle" : "DefaultNavigationHoverStyle",
                          "PopupScrolling" : "auto",
                          "PopupTitle" : "",
                          "PopupTitleStyle" : "DefaultPopupTitleStyle",
                          "ReloadOnReplace" : false,
                          "ResponsiveLayout" : false,
                          "RoundedCorners" : true,
                          "ShowCloseButton" : true,
                          "ShowDataLoading" : true,
                          "ShowMessageIfNoMashup" : false,
                          "SingleClickSelectOnTablets" : true,
                          "Style" : "DefaultNavigationStyle",
                          "TabSequence" : 0,
                          "TargetWindow" : "replace",
                          "Text" : "I-Chart",
                          "ToolTipField" : "",
                          "ToolTipStyle" : "DefaultTooltipStyle",
                          "Top" : 5,
                          "Transparent" : false,
                          "Type" : "navigation",
                          "UseTheme" : false,
                          "Visible" : true,
                          "Width" : 80,
                          "Z-index" : 10,
                          "__TypeDisplayName" : "Navigation",
                          "__supportsTooltip" : true
                        },
                        "Widgets" : [ ]
                      }, {
                        "Properties" : {
                          "Alignment" : "left",
                          "Area" : "UI",
                          "ClickOutsideToClose" : false,
                          "DisplayName" : "navigation-38",
                          "FixedPopupHeight" : 0,
                          "FixedPopupWidth" : 0,
                          "Height" : 30,
                          "Icon" : "",
                          "IconAlignment" : "left",
                          "Id" : "navigation-38",
                          "Left" : 500,
                          "MashupName" : "KBLocalSmartKPIMachineLevelSimpleProcessDataDDFrameMashup",
                          "MashupParameters" : [ {
                            "BaseType" : "STRING",
                            "Description" : "",
                            "ParameterName" : "Machine",
                            "ParmDef" : {
                              "aspects" : {
                                "bindingDirection" : "IN",
                                "isMandatory" : "false",
                                "ordinal" : "0"
                              },
                              "baseType" : "STRING",
                              "description" : "",
                              "name" : "Machine",
                              "ordinal" : 0
                            }
                          } ],
                          "MessageToShow" : "Mashup must be selected",
                          "ModalPopupOpacity" : 0.5,
                          "NavigationActiveStyle" : "DefaultNavigationActiveStyle",
                          "NavigationFocusStyle" : "DefaultNavigationFocusStyle",
                          "NavigationHoverStyle" : "DefaultNavigationHoverStyle",
                          "PopupScrolling" : "auto",
                          "PopupTitle" : "",
                          "PopupTitleStyle" : "DefaultPopupTitleStyle",
                          "ReloadOnReplace" : false,
                          "ResponsiveLayout" : false,
                          "RoundedCorners" : true,
                          "ShowCloseButton" : true,
                          "ShowDataLoading" : true,
                          "ShowMessageIfNoMashup" : false,
                          "SingleClickSelectOnTablets" : true,
                          "Style" : "DefaultNavigationStyle",
                          "TabSequence" : 0,
                          "TargetWindow" : "replace",
                          "Text" : "Table",
                          "ToolTipField" : "",
                          "ToolTipStyle" : "DefaultTooltipStyle",
                          "Top" : 40,
                          "Transparent" : false,
                          "Type" : "navigation",
                          "UseTheme" : false,
                          "Visible" : true,
                          "Width" : 80,
                          "Z-index" : 10,
                          "__TypeDisplayName" : "Navigation",
                          "__supportsTooltip" : true
                        },
                        "Widgets" : [ ]
                      } ]
                    } ]
                  } ]
                } ]
              }, {
                "Properties" : {
                  "AnimateExpandCollapse" : true,
                  "Area" : "UI",
                  "BGImageRepeat" : "no-repeat",
                  "BGImageSize" : "auto",
                  "DisplayName" : "Row",
                  "ExpandCollapseTabLocation" : "outside",
                  "Expanded" : true,
                  "Id" : "container-12",
                  "MinHeight" : 0,
                  "MinWidth" : 0,
                  "Overlay" : false,
                  "OverlayIsTransparent" : false,
                  "ResponsiveLayout" : true,
                  "ShowDataLoading" : true,
                  "ShowExpandCollapseTab" : false,
                  "Style" : "DefaultContainerStyle",
                  "TabCollapseStyle" : "DefaultTabCollapseStyle",
                  "TabExpandStyle" : "DefaultTabExpandStyle",
                  "TabHeight" : 36,
                  "TabLocation" : "center",
                  "TabOffset" : 0,
                  "TabWidth" : 36,
                  "Type" : "container",
                  "Visible" : true,
                  "Z-index" : 10,
                  "__TypeDisplayName" : "Container",
                  "userCannotRemove" : true
                },
                "Widgets" : [ {
                  "Properties" : {
                    "Area" : "UI",
                    "Columns" : 2,
                    "DisplayName" : "layout-13",
                    "Footer" : false,
                    "FooterHeight" : 0,
                    "Header" : false,
                    "HeaderHeight" : 0,
                    "Id" : "layout-13",
                    "IncludeSpacingInFixedAreas" : false,
                    "IsPrintLayout" : false,
                    "Left" : 355,
                    "LeftSidebar" : false,
                    "LeftSidebarWidth" : 0,
                    "Orientation" : "horizontal",
                    "PctColumn1" : 50,
                    "PctColumn2" : 50,
                    "PctColumn3" : 1,
                    "PctColumn4" : 1,
                    "PctColumn5" : 1,
                    "PctColumn6" : 1,
                    "PctColumn7" : 1,
                    "PctColumn8" : 1,
                    "PctRow1" : 50,
                    "PctRow2" : 50,
                    "PctRow3" : 0,
                    "PctRow4" : 0,
                    "PctRow5" : 0,
                    "PctRow6" : 0,
                    "PctRow7" : 0,
                    "PctRow8" : 0,
                    "PrintMarginLeftRight" : 0.5,
                    "PrintMarginTopBottom" : 0.5,
                    "PrintWidth" : 650,
                    "ResponsiveLayout" : true,
                    "RightSidebar" : false,
                    "RightSidebarWidth" : 0,
                    "Rows" : 0,
                    "ShowDataLoading" : true,
                    "Spacing" : 2,
                    "Top" : 75,
                    "Type" : "layout",
                    "Visible" : true,
                    "Z-index" : 10,
                    "__TypeDisplayName" : "Layout"
                  },
                  "Widgets" : [ {
                    "Properties" : {
                      "AnimateExpandCollapse" : true,
                      "Area" : "UI",
                      "BGImageRepeat" : "no-repeat",
                      "BGImageSize" : "auto",
                      "DisplayName" : "Column 1",
                      "ExpandCollapseTabLocation" : "outside",
                      "Expanded" : true,
                      "Id" : "container-14",
                      "MinHeight" : 0,
                      "MinWidth" : 0,
                      "Overlay" : false,
                      "OverlayIsTransparent" : false,
                      "ResponsiveLayout" : true,
                      "ShowDataLoading" : true,
                      "ShowExpandCollapseTab" : false,
                      "Style" : "DefaultContainerStyle",
                      "TabCollapseStyle" : "DefaultTabCollapseStyle",
                      "TabExpandStyle" : "DefaultTabExpandStyle",
                      "TabHeight" : 36,
                      "TabLocation" : "center",
                      "TabOffset" : 0,
                      "TabWidth" : 36,
                      "Type" : "container",
                      "Visible" : true,
                      "Z-index" : 10,
                      "__TypeDisplayName" : "Container",
                      "userCannotRemove" : true
                    },
                    "Widgets" : [ {
                      "Properties" : {
                        "AllowSelection" : false,
                        "Area" : "UI",
                        "AutoSelectFirstRow" : false,
                        "DisplayName" : "repeater-22",
                        "EndDate" : "EndDate",
                        "FixedMashupHeight" : 300,
                        "FixedMashupWidth" : 200,
                        "Height" : 300,
                        "HideInnerScrollbars" : false,
                        "Id" : "repeater-22",
                        "ItemLoadBehavior" : "load-destroy-on-demand",
                        "Left" : 165,
                        "Machine" : "Machine",
                        "Mashup" : "KBLocalSmartKPIMachineLevelProcessDataTimeChartMashup",
                        "MashupHeight" : 200,
                        "MashupParameters" : [ {
                          "BaseType" : "DATETIME",
                          "Description" : "",
                          "ParameterName" : "StartDate"
                        }, {
                          "BaseType" : "STRING",
                          "Description" : "",
                          "ParameterName" : "ProcessParameterType"
                        }, {
                          "BaseType" : "DATETIME",
                          "Description" : "",
                          "ParameterName" : "EndDate"
                        }, {
                          "BaseType" : "STRING",
                          "Description" : "",
                          "ParameterName" : "Machine"
                        } ],
                        "MashupWidth" : 200,
                        "ProcessParameterType" : "ProcessDataType",
                        "RepeaterCellStyle" : "DefaultRepeaterCellStyle",
                        "RepeaterSelectedStyle" : "DefaultRepeaterSelectedStyle",
                        "RepeaterStyle" : "DefaultRepeaterStyle",
                        "RepeaterUnselectedStyle" : "DefaultRepeaterUnselectedStyle",
                        "ResponsiveLayout" : true,
                        "ReuseMashups" : true,
                        "SelectionHeight" : 25,
                        "SelectionWidth" : 25,
                        "ShowDataLoading" : true,
                        "StartDate" : "StartDate",
                        "Top" : 75,
                        "Type" : "repeater",
                        "View" : "vertical",
                        "Visible" : true,
                        "Width" : 400,
                        "Z-index" : 10,
                        "__TypeDisplayName" : "Repeater"
                      },
                      "Widgets" : [ ]
                    } ]
                  }, {
                    "Properties" : {
                      "AnimateExpandCollapse" : true,
                      "Area" : "UI",
                      "BGImageRepeat" : "no-repeat",
                      "BGImageSize" : "auto",
                      "DisplayName" : "Column 2",
                      "ExpandCollapseTabLocation" : "outside",
                      "Expanded" : true,
                      "Id" : "container-15",
                      "MinHeight" : 0,
                      "MinWidth" : 0,
                      "Overlay" : false,
                      "OverlayIsTransparent" : false,
                      "ResponsiveLayout" : true,
                      "ShowDataLoading" : true,
                      "ShowExpandCollapseTab" : false,
                      "Style" : "DefaultContainerStyle",
                      "TabCollapseStyle" : "DefaultTabCollapseStyle",
                      "TabExpandStyle" : "DefaultTabExpandStyle",
                      "TabHeight" : 36,
                      "TabLocation" : "center",
                      "TabOffset" : 0,
                      "TabWidth" : 36,
                      "Type" : "container",
                      "Visible" : true,
                      "Z-index" : 10,
                      "__TypeDisplayName" : "Container",
                      "userCannotRemove" : true
                    },
                    "Widgets" : [ {
                      "Properties" : {
                        "AllowSelection" : false,
                        "Area" : "UI",
                        "AutoSelectFirstRow" : false,
                        "DisplayName" : "repeater-19",
                        "EndDate" : "EndDate",
                        "FixedMashupHeight" : 300,
                        "FixedMashupWidth" : 200,
                        "Height" : 300,
                        "HideInnerScrollbars" : false,
                        "Id" : "repeater-19",
                        "ItemLoadBehavior" : "load-destroy-on-demand",
                        "Left" : 145,
                        "Machine" : "Machine",
                        "Mashup" : "KBLocalSmartKPIMachineLevelProcessDataBoxplotMashup",
                        "MashupHeight" : 200,
                        "MashupParameters" : [ {
                          "BaseType" : "DATETIME",
                          "Description" : "",
                          "ParameterName" : "StartDate"
                        }, {
                          "BaseType" : "STRING",
                          "Description" : "",
                          "ParameterName" : "ProcessParameterType"
                        }, {
                          "BaseType" : "DATETIME",
                          "Description" : "",
                          "ParameterName" : "EndDate"
                        }, {
                          "BaseType" : "STRING",
                          "Description" : "",
                          "ParameterName" : "Machine"
                        } ],
                        "MashupWidth" : 200,
                        "ProcessParameterType" : "ProcessDataType",
                        "RepeaterCellStyle" : "DefaultRepeaterCellStyle",
                        "RepeaterSelectedStyle" : "DefaultRepeaterSelectedStyle",
                        "RepeaterStyle" : "DefaultRepeaterStyle",
                        "RepeaterUnselectedStyle" : "DefaultRepeaterUnselectedStyle",
                        "ResponsiveLayout" : true,
                        "ReuseMashups" : true,
                        "SelectionHeight" : 25,
                        "SelectionWidth" : 25,
                        "ShowDataLoading" : true,
                        "StartDate" : "StartDate",
                        "Top" : 125,
                        "Type" : "repeater",
                        "View" : "vertical",
                        "Visible" : true,
                        "Width" : 400,
                        "Z-index" : 10,
                        "__TypeDisplayName" : "Repeater"
                      },
                      "Widgets" : [ ]
                    } ]
                  } ]
                } ]
              } ]
            } ]
          } ]
        } ]
      } ]
    } ]
  },
  "mashupType" : "mashup"
}]]></mashupContent>
			<preview />
			<ConfigurationChanges>
				<ConfigurationChange changeAction="CREATE"
					changeReason="" timestamp="2020-06-18T08:11:45.218+02:00"
					user="adm-flassakm" />
				<ConfigurationChange changeAction="MODIFY"
					changeReason="Mashup : design : updated&#10;"
					timestamp="2020-06-18T08:29:27.021+02:00" user="adm-flassakm" />
				<ConfigurationChange changeAction="MODIFY"
					changeReason="Mashup : design : updated&#10;"
					timestamp="2020-06-18T08:30:05.647+02:00" user="adm-flassakm" />
			</ConfigurationChanges>
		</Mashup>
	</Mashups>
</Entities>