<?xml version="1.0" encoding="UTF-8" standalone="no"?><Entities build="b706" majorVersion="9" minorVersion="0" modelPersistenceProviderPackage="MssqlPersistenceProviderPackage" revision="12" schemaVersion="1109" universal=""><Mashups><Mashup aspect.isResponsive="true" aspect.mashupType="mashup" columns="0.0" description="" documentationContent="" homeMashup="" lastModifiedDate="2022-10-14T06:43:44.958Z" name="KBKpiDbLocalDailyTimeSeriesMashup" projectName="KBsmartKPI" rows="0.0" tags="KBThingWorxInstallationVocabulary:ExtensionSmartKPI"><Owner name="adm-srivastn" type="User"/><avatar/><DesignTimePermissions><Create/><Read/><Update/><Delete/><Metadata/></DesignTimePermissions><RunTimePermissions><Permissions resourceName="*"><PropertyRead><Principal isPermitted="true" name="KBUserGroup" type="Group"/></PropertyRead><PropertyWrite/><ServiceInvoke><Principal isPermitted="true" name="KBUserGroup" type="Group"/></ServiceInvoke><EventInvoke/><EventSubscribe/></Permissions></RunTimePermissions><VisibilityPermissions><Visibility><Principal isPermitted="true" name="KBOrganization" type="Organization"/></Visibility></VisibilityPermissions><ConfigurationTableDefinitions/><ConfigurationTables><ConfigurationTable dataShapeName="" description="Mashup Mobile Settings" isHidden="true" isMultiRow="false" name="MobileSettings" ordinal="0"><DataShape><FieldDefinitions><FieldDefinition aspect.defaultValue="false" baseType="BOOLEAN" description="" name="disableZoom" ordinal="0"/><FieldDefinition aspect.defaultValue="true" baseType="BOOLEAN" description="" name="fullScreenMode" ordinal="0"/><FieldDefinition baseType="STRING" description="" name="height" ordinal="0"/><FieldDefinition aspect.defaultValue="device-height" baseType="STRING" description="" name="heightType" ordinal="0"/><FieldDefinition aspect.defaultValue="1.0" baseType="NUMBER" description="" name="initialScale" ordinal="0"/><FieldDefinition baseType="STRING" description="" name="iosShortcutIconTitle" ordinal="0"/><FieldDefinition aspect.defaultValue="black-translucent" baseType="STRING" description="" name="iosStatusBarAppearance" ordinal="0"/><FieldDefinition aspect.defaultValue="10.0" baseType="NUMBER" description="" name="maximumScale" ordinal="0"/><FieldDefinition aspect.defaultValue="0.1" baseType="NUMBER" description="" name="minimumScale" ordinal="0"/><FieldDefinition baseType="STRING" description="" name="width" ordinal="0"/><FieldDefinition aspect.defaultValue="device-width" baseType="STRING" description="" name="widthType" ordinal="0"/></FieldDefinitions></DataShape><Rows><Row><disableZoom>false</disableZoom><fullScreenMode>true</fullScreenMode><height/><heightType><![CDATA[device-height]]></heightType><initialScale>1.0</initialScale><iosShortcutIconTitle/><iosStatusBarAppearance><![CDATA[black-translucent]]></iosStatusBarAppearance><maximumScale>10.0</maximumScale><minimumScale>0.1</minimumScale><width/><widthType><![CDATA[device-width]]></widthType></Row></Rows></ConfigurationTable></ConfigurationTables><ParameterDefinitions><FieldDefinition aspect.bindingDirection="BOTH" aspect.isMandatory="false" baseType="STRING" description="" name="MachineThingName" ordinal="0"/><FieldDefinition aspect.bindingDirection="BOTH" aspect.dataShape="KBNameForMenuDataShape" aspect.isDataTableEntry="true" aspect.isMandatory="false" baseType="INFOTABLE" description="" name="SelectedKPI" ordinal="0"/></ParameterDefinitions><Things/><ThingShapes/><ThingTemplates/><mashupContent><![CDATA[{
  "CustomMashupCss" : "",
  "Data" : {
    "Session" : {
      "DataName" : "Session",
      "EntityName" : "",
      "EntityType" : "Session",
      "Id" : "session",
      "Services" : [ {
        "APIMethod" : "post",
        "Characteristic" : "Services",
        "Id" : "SessionInterface",
        "Name" : "GetGlobalSessionValues",
        "Parameters" : { },
        "RefreshInterval" : 0,
        "Target" : "GetGlobalSessionValues"
      } ]
    },
    "Things_KBSmartKPIHelperThing" : {
      "DataName" : "Things_KBSmartKPIHelperThing",
      "EntityName" : "KBSmartKPIHelperThing",
      "EntityType" : "Things",
      "Id" : "2b735025-d83c-4aad-b468-584b27a19bd3",
      "RefreshInterval" : 0,
      "Services" : [ {
        "APIMethod" : "post",
        "Characteristic" : "Services",
        "Id" : "5f3c5cbf-aadc-4a12-90fc-7641ec065890",
        "Name" : "GetMultiselctLast30KpiTruck",
        "Parameters" : { },
        "RefreshInterval" : 0,
        "Target" : "GetMultiselctLast30KpiTruck"
      } ]
    },
    "Things_KBTimeHelperThing" : {
      "DataName" : "Things_KBTimeHelperThing",
      "EntityName" : "KBTimeHelperThing",
      "EntityType" : "Things",
      "Id" : "8ff2891f-678f-4c77-bf6a-1d42bf38a9cf",
      "Services" : [ {
        "APIMethod" : "post",
        "Characteristic" : "Services",
        "Id" : "9fbe53d5-190b-4399-b8f4-fda142819e97",
        "Name" : "GetNow",
        "Parameters" : {
          "RoundToNextHour" : true
        },
        "RefreshInterval" : 0,
        "Target" : "GetNow"
      }, {
        "APIMethod" : "post",
        "Characteristic" : "Services",
        "Id" : "f0f11089-0e5a-46ca-9d34-592d760b1149",
        "Name" : "GetLast30dStart",
        "Parameters" : {
          "RoundToNextHour" : true
        },
        "RefreshInterval" : 0,
        "Target" : "GetLast30dStart"
      } ]
    },
    "UserExtensions" : {
      "DataName" : "UserExtensions",
      "EntityName" : "",
      "EntityType" : "UserExtensions",
      "Id" : "UserExtensions",
      "Services" : [ {
        "APIMethod" : "post",
        "Characteristic" : "Services",
        "Id" : "UserExtensionInterface",
        "Name" : "GetCurrentUserExtensionProperties",
        "Parameters" : { },
        "RefreshInterval" : 0,
        "Target" : "GetCurrentUserExtensionProperties"
      } ]
    }
  },
  "DataBindings" : [ {
    "Id" : "1609750a-62e9-40b3-8bce-bd95940836aa",
    "PropertyMaps" : [ {
      "SourceProperty" : "result",
      "SourcePropertyBaseType" : "DATETIME",
      "SourcePropertyType" : "Field",
      "TargetProperty" : "XAxisMinimum",
      "TargetPropertyBaseType" : "DATETIME",
      "TargetPropertyType" : "property"
    } ],
    "SourceArea" : "Data",
    "SourceDetails" : "AllData",
    "SourceId" : "GetLast30dStart",
    "SourceSection" : "Things_KBTimeHelperThing",
    "TargetArea" : "UI",
    "TargetId" : "timeserieschart-11",
    "TargetSection" : ""
  }, {
    "Id" : "37c9cd53-3834-4d97-ab87-d3afa3add814",
    "PropertyMaps" : [ {
      "SourceProperty" : "result",
      "SourcePropertyBaseType" : "DATETIME",
      "SourcePropertyType" : "Field",
      "TargetProperty" : "XAxisMaximum",
      "TargetPropertyBaseType" : "DATETIME",
      "TargetPropertyType" : "property"
    } ],
    "SourceArea" : "Data",
    "SourceDetails" : "AllData",
    "SourceId" : "GetNow",
    "SourceSection" : "Things_KBTimeHelperThing",
    "TargetArea" : "UI",
    "TargetId" : "timeserieschart-11",
    "TargetSection" : ""
  }, {
    "Id" : "18a040d2-e6ab-429a-b74f-0a06bc65afae",
    "PropertyMaps" : [ {
      "SourceProperty" : "MachineThingName",
      "SourcePropertyBaseType" : "STRING",
      "SourcePropertyType" : "property",
      "TargetProperty" : "Machine",
      "TargetPropertyBaseType" : "STRING",
      "TargetPropertyType" : "Parameter"
    } ],
    "SourceArea" : "Mashup",
    "SourceId" : "mashup-root",
    "SourceSection" : "",
    "TargetArea" : "Data",
    "TargetId" : "GetMultiselctLast30KpiTruck",
    "TargetSection" : "Things_KBSmartKPIHelperThing"
  }, {
    "Id" : "1e7a5505-16fe-4d10-bbf7-6a347ee3d16f",
    "PropertyMaps" : [ {
      "SourceProperty" : "SelectedKPI",
      "SourcePropertyBaseType" : "INFOTABLE",
      "SourcePropertyType" : "property",
      "TargetProperty" : "SelectedKPIList",
      "TargetPropertyBaseType" : "INFOTABLE",
      "TargetPropertyType" : "Parameter"
    } ],
    "SourceArea" : "Mashup",
    "SourceId" : "mashup-root",
    "SourceSection" : "",
    "TargetArea" : "Data",
    "TargetId" : "GetMultiselctLast30KpiTruck",
    "TargetSection" : "Things_KBSmartKPIHelperThing"
  }, {
    "Id" : "83d4fd12-04d4-403d-8ccc-15a35758c36f",
    "PropertyMaps" : [ {
      "SourceProperty" : "",
      "SourcePropertyBaseType" : "INFOTABLE",
      "SourcePropertyType" : "InfoTable",
      "TargetProperty" : "Data",
      "TargetPropertyBaseType" : "INFOTABLE",
      "TargetPropertyType" : "property"
    } ],
    "SourceArea" : "Data",
    "SourceDetails" : "AllData",
    "SourceId" : "GetMultiselctLast30KpiTruck",
    "SourceSection" : "Things_KBSmartKPIHelperThing",
    "TargetArea" : "UI",
    "TargetId" : "timeserieschart-11",
    "TargetSection" : ""
  } ],
  "DesignTimePermissions" : { },
  "Events" : [ {
    "EventHandlerArea" : "Data",
    "EventHandlerId" : "Things_KBTimeHelperThing",
    "EventHandlerService" : "GetLast30dStart",
    "EventTriggerArea" : "Mashup",
    "EventTriggerEvent" : "Loaded",
    "EventTriggerId" : "mashup-root",
    "EventTriggerSection" : "",
    "Id" : "15ebc404-4980-492e-a665-0ad28cab2419"
  }, {
    "EventHandlerArea" : "Data",
    "EventHandlerId" : "Things_KBTimeHelperThing",
    "EventHandlerService" : "GetLast30dStart",
    "EventTriggerArea" : "Mashup",
    "EventTriggerEvent" : "RefreshRequested",
    "EventTriggerId" : "mashup-root",
    "EventTriggerSection" : "",
    "Id" : "2991627a-98d3-4e71-bd37-c58bc82e963e"
  }, {
    "EventHandlerArea" : "Data",
    "EventHandlerId" : "Things_KBTimeHelperThing",
    "EventHandlerService" : "GetLast30dStart",
    "EventTriggerArea" : "Mashup",
    "EventTriggerEvent" : "MachineThingNameChanged",
    "EventTriggerId" : "mashup-root",
    "EventTriggerSection" : "",
    "Id" : "479a1a80-99ac-47bf-bed9-bd23143c9586"
  }, {
    "EventHandlerArea" : "Data",
    "EventHandlerId" : "Things_KBTimeHelperThing",
    "EventHandlerService" : "GetNow",
    "EventTriggerArea" : "Mashup",
    "EventTriggerEvent" : "Loaded",
    "EventTriggerId" : "mashup-root",
    "EventTriggerSection" : "",
    "Id" : "f4ae405c-deb6-4041-ab6a-4a6b838b62c8"
  }, {
    "EventHandlerArea" : "Data",
    "EventHandlerId" : "Things_KBSmartKPIHelperThing",
    "EventHandlerService" : "GetMultiselctLast30KpiTruck",
    "EventTriggerArea" : "Mashup",
    "EventTriggerEvent" : "Loaded",
    "EventTriggerId" : "mashup-root",
    "EventTriggerSection" : "",
    "Id" : "de73c227-e083-4167-a62d-321dfebe0ff2"
  }, {
    "EventHandlerArea" : "Data",
    "EventHandlerId" : "Things_KBSmartKPIHelperThing",
    "EventHandlerService" : "GetMultiselctLast30KpiTruck",
    "EventTriggerArea" : "Mashup",
    "EventTriggerEvent" : "RefreshRequested",
    "EventTriggerId" : "mashup-root",
    "EventTriggerSection" : "",
    "Id" : "a94d0e57-c559-4d5a-a42d-efc186e7123e"
  }, {
    "EventHandlerArea" : "Data",
    "EventHandlerId" : "Things_KBSmartKPIHelperThing",
    "EventHandlerService" : "GetMultiselctLast30KpiTruck",
    "EventTriggerArea" : "Mashup",
    "EventTriggerEvent" : "MachineThingNameChanged",
    "EventTriggerId" : "mashup-root",
    "EventTriggerSection" : "",
    "Id" : "032b998d-9d2f-4dc9-961f-b2d52649eeeb"
  }, {
    "EventHandlerArea" : "Data",
    "EventHandlerId" : "Things_KBSmartKPIHelperThing",
    "EventHandlerService" : "GetMultiselctLast30KpiTruck",
    "EventTriggerArea" : "Mashup",
    "EventTriggerEvent" : "SelectedKPIChanged",
    "EventTriggerId" : "mashup-root",
    "EventTriggerSection" : "",
    "Id" : "58d76239-7856-4287-9021-475b61f3ca2b"
  }, {
    "EventHandlerArea" : "Data",
    "EventHandlerId" : "Things_KBSmartKPIHelperThing",
    "EventHandlerService" : "GetMultiselctLast30KpiTruck",
    "EventTriggerArea" : "Data",
    "EventTriggerEvent" : "ServiceInvokeCompleted",
    "EventTriggerId" : "GetNow",
    "EventTriggerSection" : "Things_KBTimeHelperThing",
    "Id" : "26e91533-2735-4942-ada0-0da629930bde"
  } ],
  "RunTimePermissions" : { },
  "UI" : {
    "Properties" : {
      "AddToDashboardButton" : "SimplePlus",
      "AddToDashboardButtonStyle" : "DefaultAddToDashboardButtonStyle",
      "Area" : "Mashup",
      "BGImage" : "",
      "BGImageRepeat" : "no-repeat",
      "BGImageSize" : "auto",
      "Columns" : 0,
      "ConfigureGadgetButton" : "SimpleGear",
      "ConfigureGadgetButtonStyle" : "DefaultConfigureGadgetButtonStyle",
      "DisplayName" : "Mashup",
      "EnableParameterEditing" : false,
      "Height" : 618,
      "Id" : "mashup-root",
      "IgnoreWarningsInViewMashup" : false,
      "IsPrintLayout" : false,
      "Left" : 0,
      "MachineThingName" : "-nothing-",
      "MashupToEditGadget" : "DefaultMashupToEditGadget",
      "MinHeight" : 0,
      "MinWidth" : 0,
      "ResponsiveLayout" : true,
      "Rows" : 0,
      "ShowDataLoading" : true,
      "Style" : "DefaultMashupStyle",
      "StyleTheme" : "PTC Convergence Theme",
      "Title" : "",
      "TitleBar" : false,
      "TitleBarStyle" : "DefaultTitleBarStyle",
      "TitleBarText" : "Gadget Title Here",
      "Top" : 0,
      "Type" : "mashup",
      "UseMasterTheme" : false,
      "UseTheme" : false,
      "Visible" : true,
      "Width" : 1024,
      "Z-index" : 10,
      "__TypeDisplayName" : "Mashup",
      "_currentParameterDefs" : [ {
        "Aspects" : {
          "bindingDirection" : "BOTH",
          "isMandatory" : false
        },
        "BaseType" : "STRING",
        "DefaultValue" : "-nothing-",
        "Description" : "",
        "ParameterName" : "MachineThingName"
      }, {
        "Aspects" : {
          "bindingDirection" : "BOTH",
          "dataShape" : "KBNameForMenuDataShape",
          "isDataTableEntry" : true,
          "isMandatory" : false
        },
        "BaseType" : "INFOTABLE",
        "Description" : "",
        "ParameterName" : "SelectedKPI"
      } ],
      "id_index" : 11,
      "supportsAutoResize" : true
    },
    "Widgets" : [ {
      "Properties" : {
        "AllowSelection" : true,
        "AllowXAxisZoom" : true,
        "AllowYAxisZoom" : true,
        "Area" : "UI",
        "AxisAutoscale1" : true,
        "AxisAutoscale10" : true,
        "AxisAutoscale11" : true,
        "AxisAutoscale12" : true,
        "AxisAutoscale13" : true,
        "AxisAutoscale14" : true,
        "AxisAutoscale15" : true,
        "AxisAutoscale16" : true,
        "AxisAutoscale2" : true,
        "AxisAutoscale3" : true,
        "AxisAutoscale4" : true,
        "AxisAutoscale5" : true,
        "AxisAutoscale6" : true,
        "AxisAutoscale7" : true,
        "AxisAutoscale8" : true,
        "AxisAutoscale9" : true,
        "AxisFormat1" : "0000.0",
        "AxisFormat10" : "0000.0",
        "AxisFormat11" : "0000.0",
        "AxisFormat12" : "0000.0",
        "AxisFormat13" : "0000.0",
        "AxisFormat14" : "0000.0",
        "AxisFormat15" : "0000.0",
        "AxisFormat16" : "0000.0",
        "AxisFormat2" : "0000.0",
        "AxisFormat3" : "0000.0",
        "AxisFormat4" : "0000.0",
        "AxisFormat5" : "0000.0",
        "AxisFormat6" : "0000.0",
        "AxisFormat7" : "0000.0",
        "AxisFormat8" : "0000.0",
        "AxisFormat9" : "0000.0",
        "AxisMaximum1" : 100,
        "AxisMaximum10" : 100,
        "AxisMaximum11" : 100,
        "AxisMaximum12" : 100,
        "AxisMaximum13" : 100,
        "AxisMaximum14" : 100,
        "AxisMaximum15" : 100,
        "AxisMaximum16" : 100,
        "AxisMaximum2" : 100,
        "AxisMaximum3" : 100,
        "AxisMaximum4" : 100,
        "AxisMaximum5" : 100,
        "AxisMaximum6" : 100,
        "AxisMaximum7" : 100,
        "AxisMaximum8" : 100,
        "AxisMaximum9" : 100,
        "AxisMinimum1" : 0,
        "AxisMinimum10" : 0,
        "AxisMinimum11" : 0,
        "AxisMinimum12" : 0,
        "AxisMinimum13" : 0,
        "AxisMinimum14" : 0,
        "AxisMinimum15" : 0,
        "AxisMinimum16" : 0,
        "AxisMinimum2" : 0,
        "AxisMinimum3" : 0,
        "AxisMinimum4" : 0,
        "AxisMinimum5" : 0,
        "AxisMinimum6" : 0,
        "AxisMinimum7" : 0,
        "AxisMinimum8" : 0,
        "AxisMinimum9" : 0,
        "AxisZeroscale1" : false,
        "AxisZeroscale10" : false,
        "AxisZeroscale11" : false,
        "AxisZeroscale12" : false,
        "AxisZeroscale13" : false,
        "AxisZeroscale14" : false,
        "AxisZeroscale15" : false,
        "AxisZeroscale16" : false,
        "AxisZeroscale2" : false,
        "AxisZeroscale3" : false,
        "AxisZeroscale4" : false,
        "AxisZeroscale5" : false,
        "AxisZeroscale6" : false,
        "AxisZeroscale7" : false,
        "AxisZeroscale8" : false,
        "AxisZeroscale9" : false,
        "ChartAreaStyle" : "DefaultChartAreaStyle",
        "ChartLegendStyle" : "DefaultChartLegendStyle",
        "ChartMinWidth" : 450,
        "ChartOrientation" : "vertical",
        "ChartStyle" : "DefaultChartStyle",
        "ChartTitle" : "Daily Based (last 30 days)",
        "ChartTitleStyle" : "DefaultChartTitleStyle",
        "ChartType" : "line",
        "DataLabel1" : "",
        "DisplayName" : "timeserieschart-11",
        "EnableHover" : true,
        "GridStyle" : "DefaultChartGridStyle",
        "Height" : 240,
        "Id" : "timeserieschart-11",
        "LastContainer" : false,
        "Left" : null,
        "LegendLocation" : "right",
        "LegendOrientation" : "vertical",
        "LegendWidth" : 0,
        "MarkerSize" : 3,
        "MarkerType" : "circle",
        "NumberOfSeries" : 6,
        "ResponsiveLayout" : true,
        "SecondaryYAxisAutoscale" : true,
        "SecondaryYAxisFormat" : "0000.0",
        "SecondaryYAxisMaximum" : 100,
        "SecondaryYAxisMinimum" : 0,
        "SecondaryYAxisZeroscale" : false,
        "SelectedItemStyle" : "DefaultChartSelectionStyle",
        "SeriesDataStyle10_StateParameters" : [ ],
        "SeriesDataStyle11_StateParameters" : [ ],
        "SeriesDataStyle12_StateParameters" : [ ],
        "SeriesDataStyle13_StateParameters" : [ ],
        "SeriesDataStyle14_StateParameters" : [ ],
        "SeriesDataStyle15_StateParameters" : [ ],
        "SeriesDataStyle16_StateParameters" : [ ],
        "SeriesDataStyle1_StateParameters" : [ ],
        "SeriesDataStyle2_StateParameters" : [ ],
        "SeriesDataStyle3_StateParameters" : [ ],
        "SeriesDataStyle4_StateParameters" : [ ],
        "SeriesDataStyle5_StateParameters" : [ ],
        "SeriesDataStyle6_StateParameters" : [ ],
        "SeriesDataStyle7_StateParameters" : [ ],
        "SeriesDataStyle8_StateParameters" : [ ],
        "SeriesDataStyle9_StateParameters" : [ ],
        "SeriesMarkerType1" : "chart",
        "SeriesMarkerType10" : "chart",
        "SeriesMarkerType11" : "chart",
        "SeriesMarkerType12" : "chart",
        "SeriesMarkerType13" : "chart",
        "SeriesMarkerType14" : "chart",
        "SeriesMarkerType15" : "chart",
        "SeriesMarkerType16" : "chart",
        "SeriesMarkerType2" : "chart",
        "SeriesMarkerType3" : "chart",
        "SeriesMarkerType4" : "chart",
        "SeriesMarkerType5" : "chart",
        "SeriesMarkerType6" : "chart",
        "SeriesMarkerType7" : "chart",
        "SeriesMarkerType8" : "chart",
        "SeriesMarkerType9" : "chart",
        "SeriesStyle1" : "KPI1StyleDefiniiton",
        "SeriesStyle10" : "DefaultChartStyle10",
        "SeriesStyle11" : "DefaultChartStyle11",
        "SeriesStyle12" : "DefaultChartStyle12",
        "SeriesStyle13" : "DefaultChartStyle13",
        "SeriesStyle14" : "DefaultChartStyle14",
        "SeriesStyle15" : "DefaultChartStyle15",
        "SeriesStyle16" : "DefaultChartStyle16",
        "SeriesStyle2" : "KPI2StyleDefiniiton",
        "SeriesStyle3" : "KPI3StyleDefiniiton",
        "SeriesStyle4" : "KPI4StyleDefiniiton",
        "SeriesStyle5" : "KPI5StyleDefiniiton",
        "SeriesStyle6" : "KPI6StyleDefiniiton",
        "SeriesStyle7" : "DefaultChartStyle7",
        "SeriesStyle8" : "DefaultChartStyle8",
        "SeriesStyle9" : "DefaultChartStyle9",
        "SeriesType1" : "line",
        "SeriesType10" : "chart",
        "SeriesType11" : "chart",
        "SeriesType12" : "chart",
        "SeriesType13" : "chart",
        "SeriesType14" : "chart",
        "SeriesType15" : "chart",
        "SeriesType16" : "chart",
        "SeriesType2" : "chart",
        "SeriesType3" : "chart",
        "SeriesType4" : "chart",
        "SeriesType5" : "chart",
        "SeriesType6" : "chart",
        "SeriesType7" : "chart",
        "SeriesType8" : "chart",
        "SeriesType9" : "chart",
        "ShowDataLoading" : true,
        "ShowLegend" : false,
        "ShowXAxis" : true,
        "ShowXAxisGrid" : true,
        "ShowXAxisLabels" : true,
        "ShowXAxisTicks" : true,
        "ShowYAxis" : true,
        "ShowYAxisGrid" : true,
        "ShowYAxisLabels" : true,
        "ShowYAxisTicks" : true,
        "SingleDataSource" : true,
        "Smoothing" : false,
        "ToolTipStyle" : "DefaultTooltipStyle",
        "Top" : null,
        "TruncateX-AxisLabels" : 0,
        "TruncateY-AxisLabels" : 0,
        "Type" : "timeserieschart",
        "UseSecondaryAxis1" : true,
        "UseSecondaryAxis10" : false,
        "UseSecondaryAxis11" : false,
        "UseSecondaryAxis12" : false,
        "UseSecondaryAxis13" : false,
        "UseSecondaryAxis14" : false,
        "UseSecondaryAxis15" : false,
        "UseSecondaryAxis16" : false,
        "UseSecondaryAxis2" : false,
        "UseSecondaryAxis3" : false,
        "UseSecondaryAxis4" : false,
        "UseSecondaryAxis5" : false,
        "UseSecondaryAxis6" : false,
        "UseSecondaryAxis7" : false,
        "UseSecondaryAxis8" : false,
        "UseSecondaryAxis9" : false,
        "Visible" : true,
        "Width" : 640,
        "XAxisAutoscale" : false,
        "XAxisFormat" : "dd.MM.",
        "XAxisIntervals" : 10,
        "XAxisLabels" : 2,
        "XAxisMinorTicks" : 3,
        "XAxisSmoothScaling" : false,
        "XAxisStyle" : "DefaultChartAxisStyle",
        "XAxisZeroscale" : false,
        "YAxisAutoscale" : true,
        "YAxisAutoscale1" : true,
        "YAxisAutoscale10" : true,
        "YAxisAutoscale11" : true,
        "YAxisAutoscale12" : true,
        "YAxisAutoscale13" : true,
        "YAxisAutoscale14" : true,
        "YAxisAutoscale15" : true,
        "YAxisAutoscale16" : true,
        "YAxisAutoscale2" : true,
        "YAxisAutoscale3" : true,
        "YAxisAutoscale4" : true,
        "YAxisAutoscale5" : true,
        "YAxisAutoscale6" : true,
        "YAxisAutoscale7" : true,
        "YAxisAutoscale8" : true,
        "YAxisAutoscale9" : true,
        "YAxisFormat" : "0000.0",
        "YAxisFormat1" : "0000.0",
        "YAxisFormat10" : "0000.0",
        "YAxisFormat11" : "0000.0",
        "YAxisFormat12" : "0000.0",
        "YAxisFormat13" : "0000.0",
        "YAxisFormat14" : "0000.0",
        "YAxisFormat15" : "0000.0",
        "YAxisFormat16" : "0000.0",
        "YAxisFormat2" : "0000.0",
        "YAxisFormat3" : "0000.0",
        "YAxisFormat4" : "0000.0",
        "YAxisFormat5" : "0000.0",
        "YAxisFormat6" : "0000.0",
        "YAxisFormat7" : "0000.0",
        "YAxisFormat8" : "0000.0",
        "YAxisFormat9" : "0000.0",
        "YAxisIntervals" : 10,
        "YAxisLabels" : 2,
        "YAxisMaximum" : 100,
        "YAxisMaximum1" : 100,
        "YAxisMaximum10" : 100,
        "YAxisMaximum11" : 100,
        "YAxisMaximum12" : 100,
        "YAxisMaximum13" : 100,
        "YAxisMaximum14" : 100,
        "YAxisMaximum15" : 100,
        "YAxisMaximum16" : 100,
        "YAxisMaximum2" : 100,
        "YAxisMaximum3" : 100,
        "YAxisMaximum4" : 100,
        "YAxisMaximum5" : 100,
        "YAxisMaximum6" : 100,
        "YAxisMaximum7" : 100,
        "YAxisMaximum8" : 100,
        "YAxisMaximum9" : 100,
        "YAxisMinimum" : 0,
        "YAxisMinimum1" : 0,
        "YAxisMinimum10" : 0,
        "YAxisMinimum11" : 0,
        "YAxisMinimum12" : 0,
        "YAxisMinimum13" : 0,
        "YAxisMinimum14" : 0,
        "YAxisMinimum15" : 0,
        "YAxisMinimum16" : 0,
        "YAxisMinimum2" : 0,
        "YAxisMinimum3" : 0,
        "YAxisMinimum4" : 0,
        "YAxisMinimum5" : 0,
        "YAxisMinimum6" : 0,
        "YAxisMinimum7" : 0,
        "YAxisMinimum8" : 0,
        "YAxisMinimum9" : 0,
        "YAxisMinorTicks" : 1,
        "YAxisMode" : "dual",
        "YAxisStyle" : "DefaultChartAxisStyle",
        "YAxisZeroscale" : true,
        "YAxisZeroscale1" : false,
        "YAxisZeroscale10" : false,
        "YAxisZeroscale11" : false,
        "YAxisZeroscale12" : false,
        "YAxisZeroscale13" : false,
        "YAxisZeroscale14" : false,
        "YAxisZeroscale15" : false,
        "YAxisZeroscale16" : false,
        "YAxisZeroscale2" : false,
        "YAxisZeroscale3" : false,
        "YAxisZeroscale4" : false,
        "YAxisZeroscale5" : false,
        "YAxisZeroscale6" : false,
        "YAxisZeroscale7" : false,
        "YAxisZeroscale8" : false,
        "YAxisZeroscale9" : false,
        "Z-index" : 10,
        "__TypeDisplayName" : "Time Series Chart",
        "__supportsTooltip" : true
      },
      "Widgets" : [ ]
    } ]
  },
  "mashupType" : "mashup"
}]]></mashupContent><preview/><ConfigurationChanges><ConfigurationChange changeAction="CREATE" changeReason="" timestamp="2022-10-13T09:16:18.122Z" user="adm-srivastn"/><ConfigurationChange changeAction="MODIFY" changeReason="Mashup : design : updated&#10;" timestamp="2022-10-13T09:18:08.900Z" user="adm-srivastn"/><ConfigurationChange changeAction="MODIFY" changeReason="Mashup : design : updated&#10;" timestamp="2022-10-13T09:34:12.775Z" user="adm-srivastn"/><ConfigurationChange changeAction="MODIFY" changeReason="Mashup : design : updated&#10;" timestamp="2022-10-13T11:57:16.278Z" user="adm-srivastn"/><ConfigurationChange changeAction="MODIFY" changeReason="Mashup : design : updated&#10;" timestamp="2022-10-13T11:57:59.087Z" user="adm-srivastn"/><ConfigurationChange changeAction="MODIFY" changeReason="Mashup : design : updated&#10;" timestamp="2022-10-13T12:02:27.190Z" user="adm-srivastn"/><ConfigurationChange changeAction="MODIFY" changeReason="Mashup : design : updated&#10;" timestamp="2022-10-13T12:24:00.285Z" user="adm-srivastn"/><ConfigurationChange changeAction="MODIFY" changeReason="Mashup : design : updated&#10;" timestamp="2022-10-13T12:25:00.538Z" user="adm-srivastn"/><ConfigurationChange changeAction="MODIFY" changeReason="Mashup : design : updated&#10;" timestamp="2022-10-13T12:31:06.572Z" user="adm-srivastn"/><ConfigurationChange changeAction="MODIFY" changeReason="Mashup : design : updated&#10;" timestamp="2022-10-13T12:35:29.643Z" user="adm-srivastn"/><ConfigurationChange changeAction="MODIFY" changeReason="Mashup : design : updated&#10;" timestamp="2022-10-13T13:14:26.431Z" user="adm-srivastn"/><ConfigurationChange changeAction="MODIFY" changeReason="Mashup : design : updated&#10;" timestamp="2022-10-13T13:17:19.386Z" user="adm-srivastn"/><ConfigurationChange changeAction="MODIFY" changeReason="Mashup : design : updated&#10;" timestamp="2022-10-13T13:57:25.298Z" user="adm-srivastn"/><ConfigurationChange changeAction="MODIFY" changeReason="Mashup : design : updated&#10;" timestamp="2022-10-13T13:58:26.934Z" user="adm-srivastn"/><ConfigurationChange changeAction="MODIFY" changeReason="Mashup : design : updated&#10;" timestamp="2022-10-13T14:40:39.998Z" user="adm-srivastn"/><ConfigurationChange changeAction="MODIFY" changeReason="Mashup : design : updated&#10;" timestamp="2022-10-14T02:31:39.459Z" user="adm-srivastn"/><ConfigurationChange changeAction="MODIFY" changeReason="Mashup : design : updated&#10;" timestamp="2022-10-14T03:23:02.516Z" user="adm-srivastn"/><ConfigurationChange changeAction="MODIFY" changeReason="Mashup : design : updated&#10;" timestamp="2022-10-14T04:32:35.480Z" user="adm-srivastn"/><ConfigurationChange changeAction="MODIFY" changeReason="Mashup : design : updated&#10;" timestamp="2022-10-14T04:43:43.667Z" user="adm-srivastn"/><ConfigurationChange changeAction="MODIFY" changeReason="Mashup : design : updated&#10;" timestamp="2022-10-14T04:46:32.875Z" user="adm-srivastn"/><ConfigurationChange changeAction="MODIFY" changeReason="Mashup : design : updated&#10;" timestamp="2022-10-14T04:51:28.511Z" user="adm-srivastn"/><ConfigurationChange changeAction="MODIFY" changeReason="Mashup : design : updated&#10;" timestamp="2022-10-14T06:43:44.958Z" user="adm-srivastn"/></ConfigurationChanges></Mashup></Mashups></Entities>