<?xml version="1.0" encoding="UTF-8"?>
<Entities
 build="b97"
 majorVersion="8"
 minorVersion="4"
 modelPersistenceProviderPackage="MssqlPersistenceProviderPackage"
 revision="11"
 schemaVersion="1044"
 universal="password">
    <Mashups>
        <Mashup
         aspect.isResponsive="true"
         aspect.mashupType="mashup"
         columns="0.0"
         description=""
         documentationContent=""
         homeMashup=""
         lastModifiedDate="2021-03-28T20:40:25.216+02:00"
         name="KBProductionAdvisorCvsMashup"
         projectName=""
         rows="0.0"
         tags="">
            <avatar></avatar>
            <DesignTimePermissions>
                <Create></Create>
                <Read></Read>
                <Update></Update>
                <Delete></Delete>
                <Metadata></Metadata>
            </DesignTimePermissions>
            <RunTimePermissions>
                <Permissions
                 resourceName="*">
                    <PropertyRead>
                        <Principal
                         isPermitted="true"
                         name="KBUserGroup"
                         type="Group"></Principal>
                    </PropertyRead>
                    <PropertyWrite></PropertyWrite>
                    <ServiceInvoke>
                        <Principal
                         isPermitted="true"
                         name="KBUserGroup"
                         type="Group"></Principal>
                    </ServiceInvoke>
                    <EventInvoke></EventInvoke>
                    <EventSubscribe></EventSubscribe>
                </Permissions>
            </RunTimePermissions>
            <VisibilityPermissions>
                <Visibility>
                    <Principal
                     isPermitted="true"
                     name="KBOrganization"
                     type="Organization"></Principal>
                </Visibility>
            </VisibilityPermissions>
            <ConfigurationTableDefinitions></ConfigurationTableDefinitions>
            <ConfigurationTables></ConfigurationTables>
            <ParameterDefinitions>
                <FieldDefinition
                 aspect.bindingDirection="IN"
                 aspect.isMandatory="false"
                 aspect.ordinal="0"
                 baseType="STRING"
                 description=""
                 name="DefaultArea"
                 ordinal="0"></FieldDefinition>
            </ParameterDefinitions>
            <Things>
                <Thing>KBSmartKPIHelperThing</Thing>
            </Things>
            <ThingShapes></ThingShapes>
            <ThingTemplates></ThingTemplates>
            <mashupContent>
            <![CDATA[
            {
              "CustomMashupCss" : "",
              "Data" : {
                "Session" : {
                  "DataName" : "Session",
                  "EntityName" : "",
                  "EntityType" : "Session",
                  "Id" : "session",
                  "Services" : [ {
                    "APIMethod" : "post",
                    "Characteristic" : "Services",
                    "Id" : "SessionInterface",
                    "Name" : "GetGlobalSessionValues",
                    "Parameters" : { },
                    "RefreshInterval" : 0,
                    "Target" : "GetGlobalSessionValues"
                  } ]
                },
                "Things_KBSmartKPIHelperThing" : {
                  "DataName" : "Things_KBSmartKPIHelperThing",
                  "EntityName" : "KBSmartKPIHelperThing",
                  "EntityType" : "Things",
                  "Id" : "d74efa9a-3205-41b0-8304-7c07e682f01a",
                  "Services" : [ {
                    "APIMethod" : "post",
                    "Characteristic" : "Services",
                    "Id" : "baa4d879-9f1a-411f-8db9-04a66f0bbc11",
                    "Name" : "GetCVSMachinesForProductionAdvisor",
                    "Parameters" : { },
                    "RefreshInterval" : 0,
                    "Target" : "GetCVSMachinesForProductionAdvisor"
                  }, {
                    "APIMethod" : "post",
                    "Characteristic" : "Services",
                    "Id" : "38698d9f-37b3-4eec-806c-6adcbdbca064",
                    "Name" : "GetCVSGlobalKpiCalculationBaseForMenue",
                    "Parameters" : { },
                    "RefreshInterval" : 0,
                    "Target" : "GetCVSGlobalKpiCalculationBaseForMenue"
                  }, {
                    "APIMethod" : "post",
                    "Characteristic" : "Services",
                    "Id" : "ee35e223-31d6-487a-86b0-4533e057afce",
                    "Name" : "GetLocalCVSAreasforProductionAdvisor",
                    "Parameters" : { },
                    "RefreshInterval" : 0,
                    "Target" : "GetLocalCVSAreasforProductionAdvisor"
                  } ]
                },
                "UserExtensions" : {
                  "DataName" : "UserExtensions",
                  "EntityName" : "",
                  "EntityType" : "UserExtensions",
                  "Id" : "UserExtensions",
                  "Services" : [ {
                    "APIMethod" : "post",
                    "Characteristic" : "Services",
                    "Id" : "UserExtensionInterface",
                    "Name" : "GetCurrentUserExtensionProperties",
                    "Parameters" : { },
                    "RefreshInterval" : 0,
                    "Target" : "GetCurrentUserExtensionProperties"
                  } ]
                }
              },
              "DataBindings" : [ {
                "Id" : "8efe1c36-dd0e-499c-b58a-9b5c2cbf3b24",
                "PropertyMaps" : [ {
                  "SourceProperty" : "",
                  "SourcePropertyBaseType" : "INFOTABLE",
                  "SourcePropertyType" : "InfoTable",
                  "TargetProperty" : "Data",
                  "TargetPropertyBaseType" : "INFOTABLE",
                  "TargetPropertyType" : "property"
                } ],
                "SourceArea" : "Data",
                "SourceDetails" : "AllData",
                "SourceId" : "GetCVSGlobalKpiCalculationBaseForMenue",
                "SourceSection" : "Things_KBSmartKPIHelperThing",
                "TargetArea" : "UI",
                "TargetId" : "dhxlist-6",
                "TargetSection" : ""
              }, {
                "Id" : "d72cedc9-7aee-4daf-ba62-2d3555af31cc",
                "PropertyMaps" : [ {
                  "SourceProperty" : "DisplayName",
                  "SourcePropertyBaseType" : "STRING",
                  "TargetProperty" : "KPICalculationBase",
                  "TargetPropertyBaseType" : "STRING",
                  "TargetPropertyType" : "Parameter"
                } ],
                "SourceArea" : "Data",
                "SourceDetails" : "SelectedRows",
                "SourceId" : "GetCVSGlobalKpiCalculationBaseForMenue",
                "SourceSection" : "Things_KBSmartKPIHelperThing",
                "TargetArea" : "Data",
                "TargetId" : "GetCVSMachinesForProductionAdvisor",
                "TargetSection" : "Things_KBSmartKPIHelperThing"
              }, {
                "Id" : "ee2e7719-5309-491d-ab07-9498f3759cc6",
                "PropertyMaps" : [ {
                  "SourceProperty" : "",
                  "SourcePropertyBaseType" : "INFOTABLE",
                  "SourcePropertyType" : "InfoTable",
                  "TargetProperty" : "Data",
                  "TargetPropertyBaseType" : "INFOTABLE",
                  "TargetPropertyType" : "property"
                } ],
                "SourceArea" : "Data",
                "SourceDetails" : "AllData",
                "SourceId" : "GetCVSMachinesForProductionAdvisor",
                "SourceSection" : "Things_KBSmartKPIHelperThing",
                "TargetArea" : "UI",
                "TargetId" : "repeater-4",
                "TargetSection" : ""
              }, {
                "Id" : "3a34c2e6-f9e9-4575-924f-646badf662ad",
                "PropertyMaps" : [ {
                  "SourceProperty" : "Output",
                  "SourcePropertyBaseType" : "STRING",
                  "SourcePropertyType" : "Property",
                  "TargetProperty" : "SelectedText",
                  "TargetPropertyBaseType" : "STRING",
                  "TargetPropertyType" : "property"
                } ],
                "SourceArea" : "UI",
                "SourceId" : "expression-14",
                "SourceSection" : "",
                "TargetArea" : "UI",
                "TargetId" : "dhxlist-6",
                "TargetSection" : ""
              }, {
                "Id" : "51bdf088-d268-4b0b-a53a-665b00e12be0",
                "PropertyMaps" : [ {
                  "SourceProperty" : "DisplayName",
                  "SourcePropertyBaseType" : "STRING",
                  "SourcePropertyType" : "Field",
                  "TargetProperty" : "calculationBase",
                  "TargetPropertyBaseType" : "STRING",
                  "TargetPropertyType" : "property"
                } ],
                "SourceArea" : "Data",
                "SourceDetails" : "SelectedRows",
                "SourceId" : "GetCVSGlobalKpiCalculationBaseForMenue",
                "SourceSection" : "Things_KBSmartKPIHelperThing",
                "TargetArea" : "UI",
                "TargetId" : "expression-25",
                "TargetSection" : ""
              }, {
                "Id" : "dcc4513c-4f66-4ce2-abd9-0955341ebbce",
                "PropertyMaps" : [ {
                  "SourceProperty" : "Output",
                  "SourcePropertyBaseType" : "BOOLEAN",
                  "SourcePropertyType" : "Property",
                  "TargetProperty" : "Visible",
                  "TargetPropertyBaseType" : "BOOLEAN",
                  "TargetPropertyType" : "property"
                } ],
                "SourceArea" : "UI",
                "SourceId" : "expression-25",
                "SourceSection" : "",
                "TargetArea" : "UI",
                "TargetId" : "datetimepicker-27",
                "TargetSection" : ""
              }, {
                "Id" : "cc9f0c86-d0cc-4dc8-a6d1-77ea8818699e",
                "PropertyMaps" : [ {
                  "SourceProperty" : "Output",
                  "SourcePropertyBaseType" : "BOOLEAN",
                  "SourcePropertyType" : "Property",
                  "TargetProperty" : "Visible",
                  "TargetPropertyBaseType" : "BOOLEAN",
                  "TargetPropertyType" : "property"
                } ],
                "SourceArea" : "UI",
                "SourceId" : "expression-25",
                "SourceSection" : "",
                "TargetArea" : "UI",
                "TargetId" : "datetimepicker-26",
                "TargetSection" : ""
              }, {
                "Id" : "2a824fb3-f783-4d17-88f5-9b9e1f2e2e44",
                "PropertyMaps" : [ {
                  "SourceProperty" : "DateTime",
                  "SourcePropertyBaseType" : "DATETIME",
                  "TargetProperty" : "StartDate",
                  "TargetPropertyBaseType" : "DATETIME",
                  "TargetPropertyType" : "Parameter"
                } ],
                "SourceArea" : "UI",
                "SourceId" : "datetimepicker-26",
                "SourceSection" : "",
                "TargetArea" : "Data",
                "TargetId" : "GetCVSMachinesForProductionAdvisor",
                "TargetSection" : "Things_KBSmartKPIHelperThing"
              }, {
                "Id" : "22b1c086-b86d-4ac0-afcd-261bf88dc55f",
                "PropertyMaps" : [ {
                  "SourceProperty" : "DateTime",
                  "SourcePropertyBaseType" : "DATETIME",
                  "TargetProperty" : "EndDate",
                  "TargetPropertyBaseType" : "DATETIME",
                  "TargetPropertyType" : "Parameter"
                } ],
                "SourceArea" : "UI",
                "SourceId" : "datetimepicker-27",
                "SourceSection" : "",
                "TargetArea" : "Data",
                "TargetId" : "GetCVSMachinesForProductionAdvisor",
                "TargetSection" : "Things_KBSmartKPIHelperThing"
              }, {
                "Id" : "f5e041de-0a4d-418b-afe3-46671bcc2da2",
                "PropertyMaps" : [ {
                  "SourceProperty" : "Output",
                  "SourcePropertyBaseType" : "BOOLEAN",
                  "SourcePropertyType" : "Property",
                  "TargetProperty" : "Visible",
                  "TargetPropertyBaseType" : "BOOLEAN",
                  "TargetPropertyType" : "property"
                } ],
                "SourceArea" : "UI",
                "SourceId" : "expression-25",
                "SourceSection" : "",
                "TargetArea" : "UI",
                "TargetId" : "label-28",
                "TargetSection" : ""
              }, {
                "Id" : "f738d591-9f0e-486f-bd3a-030c8fab722b",
                "PropertyMaps" : [ {
                  "SourceProperty" : "Output",
                  "SourcePropertyBaseType" : "BOOLEAN",
                  "SourcePropertyType" : "Property",
                  "TargetProperty" : "Visible",
                  "TargetPropertyBaseType" : "BOOLEAN",
                  "TargetPropertyType" : "property"
                } ],
                "SourceArea" : "UI",
                "SourceId" : "expression-25",
                "SourceSection" : "",
                "TargetArea" : "UI",
                "TargetId" : "label-29",
                "TargetSection" : ""
              }, {
                "Id" : "6581d950-b889-4ac1-9d51-79a7d2f0af86",
                "PropertyMaps" : [ {
                  "SourceProperty" : "",
                  "SourcePropertyBaseType" : "INFOTABLE",
                  "SourcePropertyType" : "InfoTable",
                  "TargetProperty" : "Data",
                  "TargetPropertyBaseType" : "INFOTABLE",
                  "TargetPropertyType" : "property"
                } ],
                "SourceArea" : "Data",
                "SourceDetails" : "AllData",
                "SourceId" : "GetLocalCVSAreasforProductionAdvisor",
                "SourceSection" : "Things_KBSmartKPIHelperThing",
                "TargetArea" : "UI",
                "TargetId" : "dhxlist-30",
                "TargetSection" : ""
              }, {
                "Id" : "f189a182-d17d-4403-a68f-6a44b23188eb",
                "PropertyMaps" : [ {
                  "SourceProperty" : "ThingName",
                  "SourcePropertyBaseType" : "STRING",
                  "TargetProperty" : "Area",
                  "TargetPropertyBaseType" : "STRING",
                  "TargetPropertyType" : "Parameter"
                } ],
                "SourceArea" : "Data",
                "SourceDetails" : "SelectedRows",
                "SourceId" : "GetLocalCVSAreasforProductionAdvisor",
                "SourceSection" : "Things_KBSmartKPIHelperThing",
                "TargetArea" : "Data",
                "TargetId" : "GetCVSMachinesForProductionAdvisor",
                "TargetSection" : "Things_KBSmartKPIHelperThing"
              }, {
                "Id" : "4a4ebe98-3b27-4373-819a-ace44fbddaff",
                "PropertyMaps" : [ {
                  "SourceProperty" : "DefaultArea",
                  "SourcePropertyBaseType" : "STRING",
                  "SourcePropertyType" : "Property",
                  "TargetProperty" : "SelectedText",
                  "TargetPropertyBaseType" : "STRING",
                  "TargetPropertyType" : "property"
                } ],
                "SourceArea" : "Mashup",
                "SourceId" : "mashup-root",
                "SourceSection" : "",
                "TargetArea" : "UI",
                "TargetId" : "dhxlist-30",
                "TargetSection" : ""
              }, {
                "Id" : "14122ed3-b5f8-4a57-ab71-11490d95e269",
                "PropertyMaps" : [ {
                  "SourceProperty" : "Output",
                  "SourcePropertyBaseType" : "NUMBER",
                  "SourcePropertyType" : "Property",
                  "TargetProperty" : "Input1",
                  "TargetPropertyBaseType" : "NUMBER",
                  "TargetPropertyType" : "property"
                } ],
                "SourceArea" : "UI",
                "SourceId" : "expression-62",
                "SourceSection" : "",
                "TargetArea" : "UI",
                "TargetId" : "eventsrouter-61",
                "TargetSection" : ""
              }, {
                "Id" : "5145b2f1-d2cc-408e-9668-1bf239d9d75b",
                "PropertyMaps" : [ {
                  "SourceProperty" : "Output",
                  "SourcePropertyBaseType" : "NUMBER",
                  "SourcePropertyType" : "Property",
                  "TargetProperty" : "Input2",
                  "TargetPropertyBaseType" : "NUMBER",
                  "TargetPropertyType" : "property"
                } ],
                "SourceArea" : "UI",
                "SourceId" : "expression-63",
                "SourceSection" : "",
                "TargetArea" : "UI",
                "TargetId" : "eventsrouter-61",
                "TargetSection" : ""
              }, {
                "Id" : "b9f73b9d-b174-4309-b819-2b95b64e24a1",
                "PropertyMaps" : [ {
                  "SourceProperty" : "Output",
                  "SourcePropertyBaseType" : "NUMBER",
                  "SourcePropertyType" : "Property",
                  "TargetProperty" : "Value",
                  "TargetPropertyBaseType" : "NUMBER",
                  "TargetPropertyType" : "property"
                } ],
                "SourceArea" : "UI",
                "SourceId" : "eventsrouter-61",
                "SourceSection" : "",
                "TargetArea" : "UI",
                "TargetId" : "numericentry-60",
                "TargetSection" : ""
              }, {
                "Id" : "4de58011-8d26-488a-bd8f-b4593cf5bb0f",
                "PropertyMaps" : [ {
                  "SourceProperty" : "Value",
                  "SourcePropertyBaseType" : "NUMBER",
                  "SourcePropertyType" : "Property",
                  "TargetProperty" : "currentvalue",
                  "TargetPropertyBaseType" : "NUMBER",
                  "TargetPropertyType" : "property"
                } ],
                "SourceArea" : "UI",
                "SourceId" : "numericentry-60",
                "SourceSection" : "",
                "TargetArea" : "UI",
                "TargetId" : "expression-62",
                "TargetSection" : ""
              }, {
                "Id" : "c557f807-6d0e-4dea-ba37-99011bfe0909",
                "PropertyMaps" : [ {
                  "SourceProperty" : "Value",
                  "SourcePropertyBaseType" : "NUMBER",
                  "SourcePropertyType" : "Property",
                  "TargetProperty" : "currentvalue",
                  "TargetPropertyBaseType" : "NUMBER",
                  "TargetPropertyType" : "property"
                } ],
                "SourceArea" : "UI",
                "SourceId" : "numericentry-60",
                "SourceSection" : "",
                "TargetArea" : "UI",
                "TargetId" : "expression-63",
                "TargetSection" : ""
              }, {
                "Id" : "3974be36-fe72-4b0c-abb0-aa7d4cc2308d",
                "PropertyMaps" : [ {
                  "SourceProperty" : "Value",
                  "SourcePropertyBaseType" : "NUMBER",
                  "SourcePropertyType" : "Property",
                  "TargetProperty" : "Text",
                  "TargetPropertyBaseType" : "STRING",
                  "TargetPropertyType" : "property"
                } ],
                "SourceArea" : "UI",
                "SourceId" : "numericentry-60",
                "SourceSection" : "",
                "TargetArea" : "UI",
                "TargetId" : "label-66",
                "TargetSection" : ""
              }, {
                "Id" : "9a27f269-30cc-454f-bd71-2172edf4755b",
                "PropertyMaps" : [ {
                  "SourceProperty" : "Value",
                  "SourcePropertyBaseType" : "NUMBER",
                  "TargetProperty" : "Offset",
                  "TargetPropertyBaseType" : "NUMBER",
                  "TargetPropertyType" : "Parameter"
                } ],
                "SourceArea" : "UI",
                "SourceId" : "numericentry-60",
                "SourceSection" : "",
                "TargetArea" : "Data",
                "TargetId" : "GetCVSMachinesForProductionAdvisor",
                "TargetSection" : "Things_KBSmartKPIHelperThing"
              } ],
              "DesignTimePermissions" : {
                "Create" : [ ],
                "Delete" : [ ],
                "Metadata" : [ ],
                "Read" : [ ],
                "Update" : [ ]
              },
              "Events" : [ {
                "EventHandlerArea" : "Data",
                "EventHandlerId" : "Things_KBSmartKPIHelperThing",
                "EventHandlerService" : "GetCVSGlobalKpiCalculationBaseForMenue",
                "EventTriggerArea" : "Mashup",
                "EventTriggerEvent" : "Loaded",
                "EventTriggerId" : "mashup-root",
                "EventTriggerSection" : "",
                "Id" : "ad01d617-3d97-4983-99d9-9646578c3647"
              }, {
                "EventHandlerArea" : "Data",
                "EventHandlerId" : "Things_KBSmartKPIHelperThing",
                "EventHandlerService" : "GetCVSMachinesForProductionAdvisor",
                "EventTriggerArea" : "Data",
                "EventTriggerEvent" : "SelectedRowsChanged",
                "EventTriggerId" : "GetCVSGlobalKpiCalculationBaseForMenue",
                "EventTriggerSection" : "Things_KBSmartKPIHelperThing",
                "Id" : "8cf9797b-a879-4a8f-8918-b3bee048b7c4"
              }, {
                "EventHandlerArea" : "UI",
                "EventHandlerId" : "expression-14",
                "EventHandlerService" : "Evaluate",
                "EventTriggerArea" : "Mashup",
                "EventTriggerEvent" : "Loaded",
                "EventTriggerId" : "mashup-root",
                "EventTriggerSection" : "",
                "Id" : "fa4d95b9-f5c9-499d-b7fc-794b4936587c"
              }, {
                "EventHandlerArea" : "UI",
                "EventHandlerId" : "expression-25",
                "EventHandlerService" : "Evaluate",
                "EventTriggerArea" : "Data",
                "EventTriggerEvent" : "SelectedRowsChanged",
                "EventTriggerId" : "GetCVSGlobalKpiCalculationBaseForMenue",
                "EventTriggerSection" : "Things_KBSmartKPIHelperThing",
                "Id" : "bbcfe5be-185f-4124-8215-2b2bb722d440"
              }, {
                "EventHandlerArea" : "Data",
                "EventHandlerId" : "Things_KBSmartKPIHelperThing",
                "EventHandlerService" : "GetCVSMachinesForProductionAdvisor",
                "EventTriggerArea" : "UI",
                "EventTriggerEvent" : "Changed",
                "EventTriggerId" : "datetimepicker-27",
                "EventTriggerSection" : "",
                "Id" : "9349758a-7fa1-4c5d-beaf-49b7395168f9"
              }, {
                "EventHandlerArea" : "Data",
                "EventHandlerId" : "Things_KBSmartKPIHelperThing",
                "EventHandlerService" : "GetCVSMachinesForProductionAdvisor",
                "EventTriggerArea" : "UI",
                "EventTriggerEvent" : "Changed",
                "EventTriggerId" : "datetimepicker-26",
                "EventTriggerSection" : "",
                "Id" : "3943b129-9b78-4ab4-a711-b9bc60b4bb39"
              }, {
                "EventHandlerArea" : "Data",
                "EventHandlerId" : "Things_KBSmartKPIHelperThing",
                "EventHandlerService" : "GetLocalCVSAreasforProductionAdvisor",
                "EventTriggerArea" : "Mashup",
                "EventTriggerEvent" : "Loaded",
                "EventTriggerId" : "mashup-root",
                "EventTriggerSection" : "",
                "Id" : "68083573-89d9-4f76-997c-ae9ecf742f64"
              }, {
                "EventHandlerArea" : "Data",
                "EventHandlerId" : "Things_KBSmartKPIHelperThing",
                "EventHandlerService" : "GetCVSMachinesForProductionAdvisor",
                "EventTriggerArea" : "Data",
                "EventTriggerEvent" : "SelectedRowsChanged",
                "EventTriggerId" : "GetLocalCVSAreasforProductionAdvisor",
                "EventTriggerSection" : "Things_KBSmartKPIHelperThing",
                "Id" : "f1aff037-5772-48d7-ae22-7fcafcc92982"
              }, {
                "EventHandlerArea" : "UI",
                "EventHandlerId" : "expression-62",
                "EventHandlerService" : "Evaluate",
                "EventTriggerArea" : "UI",
                "EventTriggerEvent" : "Clicked",
                "EventTriggerId" : "button-65",
                "EventTriggerSection" : "",
                "Id" : "9a61dcbd-2c09-400e-90a2-abc6708a1ca2"
              }, {
                "EventHandlerArea" : "UI",
                "EventHandlerId" : "expression-63",
                "EventHandlerService" : "Evaluate",
                "EventTriggerArea" : "UI",
                "EventTriggerEvent" : "Clicked",
                "EventTriggerId" : "button-64",
                "EventTriggerSection" : "",
                "Id" : "d0e429ed-0e85-442c-9422-cb27ed09d72e"
              }, {
                "EventHandlerArea" : "Data",
                "EventHandlerId" : "Things_KBSmartKPIHelperThing",
                "EventHandlerService" : "GetCVSMachinesForProductionAdvisor",
                "EventTriggerArea" : "UI",
                "EventTriggerEvent" : "Changed",
                "EventTriggerId" : "numericentry-60",
                "EventTriggerSection" : "",
                "Id" : "6b7a8061-6dff-4fb0-88d7-e5f6c335c739"
              }, {
                "EventHandlerArea" : "Data",
                "EventHandlerId" : "Things_KBSmartKPIHelperThing",
                "EventHandlerService" : "GetCVSMachinesForProductionAdvisor",
                "EventTriggerArea" : "UI",
                "EventTriggerEvent" : "Changed",
                "EventTriggerId" : "expression-62",
                "EventTriggerSection" : "",
                "Id" : "229bcd88-d05e-480c-8fce-4bc45812b937"
              }, {
                "EventHandlerArea" : "Data",
                "EventHandlerId" : "Things_KBSmartKPIHelperThing",
                "EventHandlerService" : "GetCVSMachinesForProductionAdvisor",
                "EventTriggerArea" : "UI",
                "EventTriggerEvent" : "Changed",
                "EventTriggerId" : "expression-63",
                "EventTriggerSection" : "",
                "Id" : "47fddcac-5a00-4060-aa2b-f2f2755d9512"
              }, {
                "EventHandlerArea" : "UI",
                "EventHandlerId" : "numericentry-60",
                "EventHandlerService" : "ResetToDefaultValue",
                "EventTriggerArea" : "Data",
                "EventTriggerEvent" : "SelectedRowsChanged",
                "EventTriggerId" : "GetCVSGlobalKpiCalculationBaseForMenue",
                "EventTriggerSection" : "Things_KBSmartKPIHelperThing",
                "Id" : "d2524275-104f-44a9-87ec-0fb47960b856"
              } ],
              "RunTimePermissions" : {
                "permissions" : [ {
                  "EventInvoke" : [ ],
                  "EventSubscribe" : [ ],
                  "PropertyRead" : [ {
                    "isPermitted" : true,
                    "name" : "KBUserGroup",
                    "type" : "Group"
                  } ],
                  "PropertyWrite" : [ ],
                  "ServiceInvoke" : [ {
                    "isPermitted" : true,
                    "name" : "KBUserGroup",
                    "type" : "Group"
                  } ],
                  "resourceName" : "*"
                } ]
              },
              "UI" : {
                "Properties" : {
                  "AddToDashboardButton" : "SimplePlus",
                  "AddToDashboardButtonStyle" : "DefaultAddToDashboardButtonStyle",
                  "Area" : "Mashup",
                  "BGImage" : "",
                  "BGImageRepeat" : "no-repeat",
                  "BGImageSize" : "auto",
                  "Columns" : 0,
                  "ConfigureGadgetButton" : "SimpleGear",
                  "ConfigureGadgetButtonStyle" : "DefaultConfigureGadgetButtonStyle",
                  "DisplayName" : "Mashup",
                  "EnableParameterEditing" : false,
                  "Height" : 618,
                  "Id" : "mashup-root",
                  "IgnoreWarningsInViewMashup" : false,
                  "IsPrintLayout" : false,
                  "Left" : 0,
                  "MashupToEditGadget" : "DefaultMashupToEditGadget",
                  "Master" : "KBSmartProductionMaster1Mashup",
                  "MinHeight" : 0,
                  "MinWidth" : 0,
                  "ResponsiveLayout" : true,
                  "Rows" : 0,
                  "ShowDataLoading" : true,
                  "Style" : "DefaultMashupStyle",
                  "StyleTheme" : "Base Theme",
                  "Title" : "",
                  "TitleBar" : false,
                  "TitleBarStyle" : "DefaultTitleBarStyle",
                  "TitleBarText" : "Gadget Title Here",
                  "Top" : 0,
                  "Type" : "mashup",
                  "UseTheme" : false,
                  "UseThemeForHybrids" : false,
                  "Visible" : true,
                  "Width" : 1024,
                  "Z-index" : 10,
                  "__TypeDisplayName" : "Mashup",
                  "_currentParameterDefs" : [ {
                    "Aspects" : {
                      "bindingDirection" : "IN",
                      "isMandatory" : false
                    },
                    "BaseType" : "STRING",
                    "Description" : "",
                    "ParameterName" : "DefaultArea"
                  } ],
                  "id_index" : 67,
                  "supportsAutoResize" : true
                },
                "Widgets" : [ {
                  "Properties" : {
                    "Area" : "UI",
                    "Columns" : 0,
                    "DisplayName" : "layout-1",
                    "Footer" : false,
                    "FooterHeight" : 0,
                    "Header" : true,
                    "HeaderHeight" : 160,
                    "Id" : "layout-1",
                    "IncludeSpacingInFixedAreas" : false,
                    "IsPrintLayout" : false,
                    "Left" : 325,
                    "LeftSidebar" : false,
                    "LeftSidebarWidth" : 0,
                    "Orientation" : "vertical",
                    "PctColumn1" : 50,
                    "PctColumn2" : 50,
                    "PctColumn3" : 1,
                    "PctColumn4" : 1,
                    "PctColumn5" : 1,
                    "PctColumn6" : 1,
                    "PctColumn7" : 1,
                    "PctColumn8" : 1,
                    "PctRow1" : 100,
                    "PctRow2" : 0,
                    "PctRow3" : 0,
                    "PctRow4" : 0,
                    "PctRow5" : 0,
                    "PctRow6" : 0,
                    "PctRow7" : 0,
                    "PctRow8" : 0,
                    "PrintMarginLeftRight" : 0.5,
                    "PrintMarginTopBottom" : 0.5,
                    "PrintWidth" : 650,
                    "ResponsiveLayout" : true,
                    "RightSidebar" : false,
                    "RightSidebarWidth" : 0,
                    "Rows" : 1,
                    "ShowDataLoading" : true,
                    "Spacing" : 2,
                    "Top" : 110,
                    "Type" : "layout",
                    "Visible" : true,
                    "Z-index" : 10,
                    "__TypeDisplayName" : "Layout"
                  },
                  "Widgets" : [ {
                    "Properties" : {
                      "AnimateExpandCollapse" : true,
                      "Area" : "UI",
                      "BGImageRepeat" : "no-repeat",
                      "BGImageSize" : "auto",
                      "DisplayName" : "Header",
                      "ExpandCollapseTabLocation" : "outside",
                      "Expanded" : true,
                      "Id" : "container-2",
                      "MinHeight" : 0,
                      "MinWidth" : 0,
                      "Overlay" : false,
                      "OverlayIsTransparent" : false,
                      "ResponsiveLayout" : true,
                      "ShowDataLoading" : true,
                      "ShowExpandCollapseTab" : false,
                      "Style" : "DefaultContainerStyle",
                      "TabCollapseStyle" : "DefaultTabCollapseStyle",
                      "TabExpandStyle" : "DefaultTabExpandStyle",
                      "TabHeight" : 36,
                      "TabLocation" : "center",
                      "TabOffset" : 0,
                      "TabWidth" : 36,
                      "Type" : "container",
                      "Visible" : true,
                      "Z-index" : 10,
                      "__TypeDisplayName" : "Container",
                      "userCannotRemove" : true
                    },
                    "Widgets" : [ {
                      "Properties" : {
                        "Area" : "UI",
                        "ContainerClass" : "",
                        "DisplayName" : "panel-5",
                        "Height" : 200,
                        "HideScrollbars" : false,
                        "HorizontalAnchor" : "left",
                        "Id" : "panel-5",
                        "Left" : 120,
                        "ResponsiveLayout" : true,
                        "ShowDataLoading" : true,
                        "Style" : "DefaultPanelStyle",
                        "Top" : 25,
                        "Type" : "panel",
                        "VerticalAnchor" : "top",
                        "Visible" : true,
                        "Width" : 300,
                        "Z-index" : 10,
                        "__TypeDisplayName" : "Panel"
                      },
                      "Widgets" : [ {
                        "Properties" : {
                          "Alignment" : "left",
                          "Area" : "UI",
                          "AutoSelectFirstRow" : false,
                          "ClearIfNoSelection" : false,
                          "ComboDropdownButtonStyle" : "DefaultComboDropdownButtonStyle",
                          "ComboEnableCheckbox" : false,
                          "ComboItemHighlightedStyle" : "DefaultComboItemHighlightedStyle",
                          "ComboTextboxStyle" : "DefaultComboTextboxStyle",
                          "DisableSelectedStyle" : false,
                          "DisplayField" : "DisplayName",
                          "DisplayName" : "dhxlist-6",
                          "DropdownButtonStyle" : "DefaultDropdownButtonStyle",
                          "DropdownSelectedStyle" : "DefaultDropdownSelectedStyle",
                          "DropdownStyle" : "DefaultDropdownStyle",
                          "EnableKeyboardSelections" : true,
                          "EnableToolTips" : true,
                          "Height" : 28,
                          "HeightOfDropdownView" : 170,
                          "Id" : "dhxlist-6",
                          "Label" : "[[KBProductionAdvisorCvsMashup.CalculationBase]]",
                          "LabelAlignment" : "left",
                          "Left" : 1000,
                          "ListBackgroundStyle" : "DefaultListBackgroundStyle",
                          "ListFocusStyle" : "DefaultFocusStyle",
                          "ListItemAlternateStyle" : "DefaultListItemAlternateStyle",
                          "ListItemHoverStyle" : "DefaultListItemHoverStyle",
                          "ListItemSelectedStyle" : "DefaultListItemSelectedStyle",
                          "ListItemStyle" : "DefaultListItemStyle",
                          "ListLabelStyle" : "DefaultWidgetLabelStyle",
                          "MultiSelect" : false,
                          "NumberOfItemsInDropdownView" : 6,
                          "NumberOfItemsPerPage" : 500,
                          "ResponsiveLayout" : false,
                          "RowHeight" : 28,
                          "ShowDataLoading" : true,
                          "SingleClickSelectOnTablets" : false,
                          "TabSequence" : -1,
                          "TextIfNoSelectionType" : "editable",
                          "TextVerticalAlignment" : 28,
                          "ToolTipStyle" : "DefaultTooltipStyle",
                          "Top" : 5,
                          "Type" : "dhxlist",
                          "ValueField" : "DisplayName",
                          "View" : "dropdown",
                          "Visible" : true,
                          "Width" : 370,
                          "WidthOfDropdownView" : 370,
                          "Z-index" : 10,
                          "__TypeDisplayName" : "List",
                          "__supportsLabel" : true,
                          "__supportsTooltip" : true
                        },
                        "Widgets" : [ ]
                      }, {
                        "Properties" : {
                          "Alignment" : "right",
                          "AllowEllipsis" : false,
                          "Area" : "UI",
                          "Description" : "",
                          "DisplayName" : "Status",
                          "Height" : 22,
                          "Id" : "label-8",
                          "Left" : 9,
                          "ResponsiveLayout" : false,
                          "ShowDataLoading" : true,
                          "Style" : "DefaultLabelStyle",
                          "Text" : "[[KBProductionAdvisorCvsMashup.Status]]",
                          "ToolTipField" : "",
                          "ToolTipStyle" : "DefaultTooltipStyle",
                          "Top" : 111,
                          "Type" : "label",
                          "Visible" : true,
                          "Width" : 285,
                          "Z-index" : 10,
                          "__TypeDisplayName" : "Label",
                          "__supportsTooltip" : true
                        },
                        "Widgets" : [ ]
                      }, {
                        "Properties" : {
                          "Alignment" : "center",
                          "AllowEllipsis" : false,
                          "Area" : "UI",
                          "DisplayName" : "label-9",
                          "Height" : 22,
                          "Id" : "label-9",
                          "Left" : 1014,
                          "ResponsiveLayout" : false,
                          "ShowDataLoading" : true,
                          "Style" : "DefaultLabelStyle",
                          "Text" : "[[KBProductionAdvisorCvsMashup.OEE]]",
                          "ToolTipField" : "",
                          "ToolTipStyle" : "DefaultTooltipStyle",
                          "Top" : 60,
                          "Type" : "label",
                          "Visible" : true,
                          "Width" : 105,
                          "Z-index" : 10,
                          "__TypeDisplayName" : "Label",
                          "__supportsTooltip" : true
                        },
                        "Widgets" : [ ]
                      }, {
                        "Properties" : {
                          "Alignment" : "center",
                          "AllowEllipsis" : false,
                          "Area" : "UI",
                          "DisplayName" : "label-11",
                          "Height" : 22,
                          "Id" : "label-11",
                          "Left" : 466,
                          "ResponsiveLayout" : false,
                          "ShowDataLoading" : true,
                          "Style" : "DefaultLabelStyle",
                          "Text" : "[[KBProductionAdvisorCvsMashup.RQ]]",
                          "ToolTipField" : "",
                          "ToolTipStyle" : "DefaultTooltipStyle",
                          "Top" : 60,
                          "Type" : "label",
                          "Visible" : true,
                          "Width" : 180,
                          "Z-index" : 10,
                          "__TypeDisplayName" : "Label",
                          "__supportsTooltip" : true
                        },
                        "Widgets" : [ ]
                      }, {
                        "Properties" : {
                          "Alignment" : "left",
                          "AllowEllipsis" : false,
                          "Area" : "UI",
                          "DisplayName" : "label-12",
                          "Height" : 22,
                          "Id" : "label-12",
                          "Left" : 305,
                          "ResponsiveLayout" : false,
                          "ShowDataLoading" : true,
                          "Style" : "DefaultLabelStyle",
                          "Text" : "[[KBProductionAdvisorCvsMashup.OKParts]]",
                          "ToolTipField" : "",
                          "ToolTipStyle" : "DefaultTooltipStyle",
                          "Top" : 110,
                          "Type" : "label",
                          "Visible" : true,
                          "Width" : 75,
                          "Z-index" : 10,
                          "__TypeDisplayName" : "Label",
                          "__supportsTooltip" : true
                        },
                        "Widgets" : [ ]
                      }, {
                        "Properties" : {
                          "Alignment" : "right",
                          "AllowEllipsis" : false,
                          "Area" : "UI",
                          "DisplayName" : "label-13",
                          "Height" : 22,
                          "Id" : "label-13",
                          "Left" : 466,
                          "ResponsiveLayout" : false,
                          "ShowDataLoading" : true,
                          "Style" : "DefaultLabelStyle",
                          "Text" : "[[KBProductionAdvisorCvsMashup.Retests]]",
                          "ToolTipField" : "",
                          "ToolTipStyle" : "DefaultTooltipStyle",
                          "Top" : 95,
                          "Type" : "label",
                          "Visible" : true,
                          "Width" : 180,
                          "Z-index" : 10,
                          "__TypeDisplayName" : "Label",
                          "__supportsTooltip" : true
                        },
                        "Widgets" : [ ]
                      }, {
                        "Properties" : {
                          "Area" : "UI",
                          "AutoEvaluate" : false,
                          "DataChangeType" : "VALUE",
                          "DisplayName" : "expression-14",
                          "Expression" : "",
                          "FireOnFirstValue" : false,
                          "Height" : 28,
                          "Id" : "expression-14",
                          "Left" : 655,
                          "Output" : "Shift",
                          "OutputBaseType" : "STRING",
                          "ResponsiveLayout" : false,
                          "ShowDataLoading" : true,
                          "Top" : 70,
                          "Type" : "expression",
                          "Visible" : true,
                          "Width" : 200,
                          "Z-index" : 10,
                          "__TypeDisplayName" : "Expression"
                        },
                        "Widgets" : [ ]
                      }, {
                        "Properties" : {
                          "Alignment" : "left",
                          "AllowEllipsis" : false,
                          "Area" : "UI",
                          "DisplayName" : "label-19",
                          "Height" : 37,
                          "Id" : "label-19",
                          "Left" : 25,
                          "ResponsiveLayout" : false,
                          "ShowDataLoading" : true,
                          "Style" : "KBDefaultSmartKPITitleStyle",
                          "Text" : "[[KBProductionAdvisorCvsMashup.CVSProductionAdvisor]]",
                          "ToolTipField" : "",
                          "ToolTipStyle" : "DefaultTooltipStyle",
                          "Top" : 15,
                          "Type" : "label",
                          "Visible" : true,
                          "Width" : 600,
                          "Z-index" : 10,
                          "__TypeDisplayName" : "Label",
                          "__supportsTooltip" : true
                        },
                        "Widgets" : [ ]
                      }, {
                        "Properties" : {
                          "Alignment" : "left",
                          "AllowEllipsis" : false,
                          "Area" : "UI",
                          "CustomClass" : "",
                          "DisplayName" : "label-21",
                          "Height" : 22,
                          "Id" : "label-21",
                          "Left" : 1230,
                          "ResponsiveLayout" : false,
                          "ShowDataLoading" : true,
                          "Style" : "DefaultLabelStyle",
                          "Text" : "[[KBProductionAdvisorCvsMashup.TimeBase]]",
                          "ToolTipField" : "",
                          "ToolTipStyle" : "DefaultTooltipStyle",
                          "Top" : 110,
                          "Type" : "label",
                          "Visible" : true,
                          "Width" : 305,
                          "Z-index" : 10,
                          "__TypeDisplayName" : "Label",
                          "__supportsTooltip" : true
                        },
                        "Widgets" : [ ]
                      }, {
                        "Properties" : {
                          "Alignment" : "right",
                          "AllowEllipsis" : false,
                          "Area" : "UI",
                          "DisplayName" : "label-22",
                          "Height" : 22,
                          "Id" : "label-22",
                          "Left" : 370,
                          "ResponsiveLayout" : false,
                          "ShowDataLoading" : true,
                          "Style" : "DefaultLabelStyle",
                          "Text" : "[[KBProductionAdvisorCvsMashup.TargetDelta]]",
                          "ToolTipField" : "",
                          "ToolTipStyle" : "DefaultTooltipStyle",
                          "Top" : 110,
                          "Type" : "label",
                          "Visible" : true,
                          "Width" : 85,
                          "Z-index" : 10,
                          "__TypeDisplayName" : "Label",
                          "__supportsTooltip" : true
                        },
                        "Widgets" : [ ]
                      }, {
                        "Properties" : {
                          "Alignment" : "left",
                          "AllowEllipsis" : false,
                          "Area" : "UI",
                          "DisplayName" : "label-23",
                          "Height" : 22,
                          "Id" : "label-23",
                          "Left" : 1130,
                          "ResponsiveLayout" : false,
                          "ShowDataLoading" : true,
                          "Style" : "DefaultLabelStyle",
                          "Text" : "[[KBProductionAdvisorCvsMashup.ShiftFactor]]",
                          "ToolTipField" : "",
                          "ToolTipStyle" : "DefaultTooltipStyle",
                          "Top" : 95,
                          "Type" : "label",
                          "Visible" : true,
                          "Width" : 410,
                          "Z-index" : 10,
                          "__TypeDisplayName" : "Label",
                          "__supportsTooltip" : true
                        },
                        "Widgets" : [ ]
                      }, {
                        "Properties" : {
                          "Area" : "UI",
                          "DateDelimiter" : "-",
                          "DateDisplay" : "short",
                          "DateFormat" : "yyyy-M-dd",
                          "DateFormatToken" : "",
                          "DateOnly" : false,
                          "DateOrder" : "yy-mm-dd",
                          "DecadeView" : false,
                          "DisplayName" : "datetimepicker-26",
                          "DisplaySeconds" : true,
                          "Height" : 28,
                          "Id" : "datetimepicker-26",
                          "InitializeWithCurrentDateTime" : true,
                          "Interval" : 1,
                          "IntervalType" : "d",
                          "Label" : "",
                          "Left" : 1585,
                          "ResponsiveLayout" : false,
                          "ShowDataLoading" : true,
                          "Style" : "DefaultTimePickerStyle",
                          "TabSequence" : 0,
                          "TimeFormat" : "hh:mm:ss",
                          "ToolTipField" : "",
                          "ToolTipStyle" : "DefaultTooltipStyle",
                          "Top" : 20,
                          "Type" : "datetimepicker",
                          "Visible" : true,
                          "Width" : 155,
                          "Z-index" : 10,
                          "__TypeDisplayName" : "Datums-/Zeitauswahl",
                          "__supportsLabel" : true,
                          "__supportsTooltip" : true
                        },
                        "Widgets" : [ ]
                      }, {
                        "Properties" : {
                          "Area" : "UI",
                          "DateDelimiter" : "-",
                          "DateDisplay" : "short",
                          "DateFormat" : "yyyy-M-dd",
                          "DateFormatToken" : "",
                          "DateOnly" : false,
                          "DateOrder" : "yy-mm-dd",
                          "DecadeView" : false,
                          "DisplayName" : "datetimepicker-27",
                          "DisplaySeconds" : true,
                          "Height" : 28,
                          "Id" : "datetimepicker-27",
                          "InitializeWithCurrentDateTime" : true,
                          "Interval" : 0,
                          "IntervalType" : "h",
                          "Label" : "",
                          "Left" : 1760,
                          "ResponsiveLayout" : false,
                          "ShowDataLoading" : true,
                          "Style" : "DefaultTimePickerStyle",
                          "TabSequence" : 0,
                          "TimeFormat" : "hh:mm:ss",
                          "ToolTipField" : "",
                          "ToolTipStyle" : "DefaultTooltipStyle",
                          "Top" : 20,
                          "Type" : "datetimepicker",
                          "Visible" : true,
                          "Width" : 155,
                          "Z-index" : 10,
                          "__TypeDisplayName" : "Datums-/Zeitauswahl",
                          "__supportsLabel" : true,
                          "__supportsTooltip" : true
                        },
                        "Widgets" : [ ]
                      }, {
                        "Properties" : {
                          "Alignment" : "left",
                          "AllowEllipsis" : false,
                          "Area" : "UI",
                          "DisplayName" : "label-28",
                          "Height" : 22,
                          "Id" : "label-28",
                          "Left" : 1587,
                          "ResponsiveLayout" : false,
                          "ShowDataLoading" : true,
                          "Style" : "DefaultLabelStyle",
                          "Text" : "[[KBProductionAdvisorCvsMashup.UserDateStart]]",
                          "ToolTipField" : "",
                          "ToolTipStyle" : "DefaultTooltipStyle",
                          "Top" : 0,
                          "Type" : "label",
                          "Visible" : true,
                          "Width" : 165,
                          "Z-index" : 10,
                          "__TypeDisplayName" : "Beschriftung",
                          "__supportsTooltip" : true
                        },
                        "Widgets" : [ ]
                      }, {
                        "Properties" : {
                          "Alignment" : "left",
                          "AllowEllipsis" : false,
                          "Area" : "UI",
                          "DisplayName" : "label-29",
                          "Height" : 22,
                          "Id" : "label-29",
                          "Left" : 1760,
                          "ResponsiveLayout" : false,
                          "ShowDataLoading" : true,
                          "Style" : "DefaultLabelStyle",
                          "Text" : "[[KBProductionAdvisorCvsMashup.UserDateEnd]]",
                          "ToolTipField" : "",
                          "ToolTipStyle" : "DefaultTooltipStyle",
                          "Top" : 0,
                          "Type" : "label",
                          "Visible" : true,
                          "Width" : 190,
                          "Z-index" : 10,
                          "__TypeDisplayName" : "Beschriftung",
                          "__supportsTooltip" : true
                        },
                        "Widgets" : [ ]
                      }, {
                        "Properties" : {
                          "Alignment" : "left",
                          "Area" : "UI",
                          "AutoSelectFirstRow" : true,
                          "ClearIfNoSelection" : false,
                          "ComboDropdownButtonStyle" : "DefaultComboDropdownButtonStyle",
                          "ComboEnableCheckbox" : false,
                          "ComboItemHighlightedStyle" : "DefaultComboItemHighlightedStyle",
                          "ComboTextboxStyle" : "DefaultComboTextboxStyle",
                          "DisableSelectedStyle" : false,
                          "DisplayField" : "DisplayName",
                          "DisplayName" : "dhxlist-30",
                          "DropdownButtonStyle" : "DefaultDropdownButtonStyle",
                          "DropdownSelectedStyle" : "DefaultDropdownSelectedStyle",
                          "DropdownStyle" : "DefaultDropdownStyle",
                          "EnableKeyboardSelections" : true,
                          "EnableToolTips" : true,
                          "Height" : 28,
                          "HeightOfDropdownView" : 170,
                          "Id" : "dhxlist-30",
                          "Label" : "[[KBProductionAdvisorCvsMashup.Area]]",
                          "LabelAlignment" : "left",
                          "Left" : 625,
                          "ListBackgroundStyle" : "DefaultListBackgroundStyle",
                          "ListFocusStyle" : "DefaultFocusStyle",
                          "ListItemAlternateStyle" : "DefaultListItemAlternateStyle",
                          "ListItemHoverStyle" : "DefaultListItemHoverStyle",
                          "ListItemSelectedStyle" : "DefaultListItemSelectedStyle",
                          "ListItemStyle" : "DefaultListItemStyle",
                          "ListLabelStyle" : "DefaultWidgetLabelStyle",
                          "MultiSelect" : false,
                          "NumberOfItemsInDropdownView" : 6,
                          "NumberOfItemsPerPage" : 500,
                          "ResponsiveLayout" : false,
                          "RowHeight" : 28,
                          "ShowDataLoading" : true,
                          "SingleClickSelectOnTablets" : false,
                          "TabSequence" : -1,
                          "TextIfNoSelectionType" : "editable",
                          "TextVerticalAlignment" : 28,
                          "ToolTipStyle" : "DefaultTooltipStyle",
                          "Top" : 5,
                          "Type" : "dhxlist",
                          "ValueField" : "ThingName",
                          "View" : "dropdown",
                          "Visible" : true,
                          "Width" : 370,
                          "WidthOfDropdownView" : 370,
                          "Z-index" : 10,
                          "__TypeDisplayName" : "Liste",
                          "__supportsLabel" : true,
                          "__supportsTooltip" : true
                        },
                        "Widgets" : [ ]
                      }, {
                        "Properties" : {
                          "Alignment" : "right",
                          "AllowEllipsis" : false,
                          "Area" : "UI",
                          "DisplayName" : "label-32",
                          "Height" : 22,
                          "Id" : "label-32",
                          "Left" : 466,
                          "ResponsiveLayout" : false,
                          "ShowDataLoading" : true,
                          "Style" : "DefaultLabelStyle",
                          "Text" : "[[KBProductionAdvisorCvsMashup.ReworkParts]]",
                          "ToolTipField" : "",
                          "ToolTipStyle" : "DefaultTooltipStyle",
                          "Top" : 125,
                          "Type" : "label",
                          "Visible" : true,
                          "Width" : 180,
                          "Z-index" : 10,
                          "__TypeDisplayName" : "Beschriftung",
                          "__supportsTooltip" : true
                        },
                        "Widgets" : [ ]
                      }, {
                        "Properties" : {
                          "Alignment" : "left",
                          "AllowEllipsis" : false,
                          "Area" : "UI",
                          "CustomClass" : "",
                          "DisplayName" : "label-33",
                          "Height" : 22,
                          "Id" : "label-33",
                          "Left" : 1130,
                          "ResponsiveLayout" : false,
                          "ShowDataLoading" : true,
                          "Style" : "DefaultLabelStyle",
                          "Text" : "[[KBProductionAdvisorCvsMashup.Average]]",
                          "ToolTipField" : "",
                          "ToolTipStyle" : "DefaultTooltipStyle",
                          "Top" : 125,
                          "Type" : "label",
                          "Visible" : false,
                          "Width" : 410,
                          "Z-index" : 10,
                          "__TypeDisplayName" : "Beschriftung",
                          "__supportsTooltip" : true
                        },
                        "Widgets" : [ ]
                      }, {
                        "Properties" : {
                          "Area" : "UI",
                          "DisplayName" : "divider-34",
                          "Height" : 87,
                          "Id" : "divider-34",
                          "Left" : 300,
                          "ResponsiveLayout" : false,
                          "ShowDataLoading" : true,
                          "Style" : "DefaultDividerStyle",
                          "Top" : 60,
                          "Type" : "divider",
                          "Visible" : true,
                          "Width" : 4,
                          "Z-index" : 10,
                          "__TypeDisplayName" : "Trennlinie"
                        },
                        "Widgets" : [ ]
                      }, {
                        "Properties" : {
                          "Area" : "UI",
                          "DisplayName" : "divider-35",
                          "Height" : 87,
                          "Id" : "divider-35",
                          "Left" : 770,
                          "ResponsiveLayout" : false,
                          "ShowDataLoading" : true,
                          "Style" : "DefaultDividerStyle",
                          "Top" : 60,
                          "Type" : "divider",
                          "Visible" : true,
                          "Width" : 4,
                          "Z-index" : 10,
                          "__TypeDisplayName" : "Trennlinie"
                        },
                        "Widgets" : [ ]
                      }, {
                        "Properties" : {
                          "Alignment" : "center",
                          "AllowEllipsis" : false,
                          "Area" : "UI",
                          "DisplayName" : "label-36",
                          "Height" : 22,
                          "Id" : "label-36",
                          "Left" : 656,
                          "ResponsiveLayout" : false,
                          "ShowDataLoading" : true,
                          "Style" : "DefaultLabelStyle",
                          "Text" : "[[KBProductionAdvisorCvsMashup.Workers]]",
                          "ToolTipField" : "",
                          "ToolTipStyle" : "DefaultTooltipStyle",
                          "Top" : 60,
                          "Type" : "label",
                          "Visible" : true,
                          "Width" : 110,
                          "Z-index" : 10,
                          "__TypeDisplayName" : "Label",
                          "__supportsTooltip" : true
                        },
                        "Widgets" : [ ]
                      }, {
                        "Properties" : {
                          "Alignment" : "right",
                          "AllowEllipsis" : false,
                          "Area" : "UI",
                          "DisplayName" : "label-37",
                          "Height" : 22,
                          "Id" : "label-37",
                          "Left" : 660,
                          "ResponsiveLayout" : false,
                          "ShowDataLoading" : true,
                          "Style" : "DefaultLabelStyle",
                          "Text" : "[[KBProductionAdvisorCvsMashup.WorkersPlanned]]",
                          "ToolTipField" : "",
                          "ToolTipStyle" : "DefaultTooltipStyle",
                          "Top" : 125,
                          "Type" : "label",
                          "Visible" : true,
                          "Width" : 105,
                          "Z-index" : 10,
                          "__TypeDisplayName" : "Label",
                          "__supportsTooltip" : true
                        },
                        "Widgets" : [ ]
                      }, {
                        "Properties" : {
                          "Alignment" : "left",
                          "AllowEllipsis" : false,
                          "Area" : "UI",
                          "DisplayName" : "label-38",
                          "Height" : 22,
                          "Id" : "label-38",
                          "Left" : 660,
                          "ResponsiveLayout" : false,
                          "ShowDataLoading" : true,
                          "Style" : "DefaultLabelStyle",
                          "Text" : "[[KBProductionAdvisorCvsMashup.WorkersAtLine]]",
                          "ToolTipField" : "",
                          "ToolTipStyle" : "DefaultTooltipStyle",
                          "Top" : 95,
                          "Type" : "label",
                          "Visible" : false,
                          "Width" : 105,
                          "Z-index" : 10,
                          "__TypeDisplayName" : "Label",
                          "__supportsTooltip" : true
                        },
                        "Widgets" : [ ]
                      }, {
                        "Properties" : {
                          "Area" : "UI",
                          "DisplayName" : "divider-39",
                          "Height" : 87,
                          "Id" : "divider-39",
                          "Left" : 460,
                          "ResponsiveLayout" : false,
                          "ShowDataLoading" : true,
                          "Style" : "DefaultDividerStyle",
                          "Top" : 60,
                          "Type" : "divider",
                          "Visible" : true,
                          "Width" : 4,
                          "Z-index" : 10,
                          "__TypeDisplayName" : "Trennlinie"
                        },
                        "Widgets" : [ ]
                      }, {
                        "Properties" : {
                          "Area" : "UI",
                          "DisplayName" : "divider-41",
                          "Height" : 4,
                          "Id" : "divider-41",
                          "Left" : 0,
                          "ResponsiveLayout" : false,
                          "ShowDataLoading" : true,
                          "Style" : "DefaultDividerStyle",
                          "Top" : 90,
                          "Type" : "divider",
                          "Visible" : true,
                          "Width" : 1540,
                          "Z-index" : 10,
                          "__TypeDisplayName" : "Trennlinie"
                        },
                        "Widgets" : [ ]
                      }, {
                        "Properties" : {
                          "Alignment" : "center",
                          "AllowEllipsis" : false,
                          "Area" : "UI",
                          "DisplayName" : "label-42",
                          "Height" : 22,
                          "Id" : "label-42",
                          "Left" : 300,
                          "ResponsiveLayout" : false,
                          "ShowDataLoading" : true,
                          "Style" : "DefaultLabelStyle",
                          "Text" : "[[KBProductionAdvisorCvsMashup.Parts]]",
                          "ToolTipField" : "",
                          "ToolTipStyle" : "DefaultTooltipStyle",
                          "Top" : 60,
                          "Type" : "label",
                          "Visible" : true,
                          "Width" : 160,
                          "Z-index" : 10,
                          "__TypeDisplayName" : "Label",
                          "__supportsTooltip" : true
                        },
                        "Widgets" : [ ]
                      }, {
                        "Properties" : {
                          "Alignment" : "center",
                          "AllowEllipsis" : false,
                          "Area" : "UI",
                          "DisplayName" : "label-43",
                          "Height" : 22,
                          "Id" : "label-43",
                          "Left" : 10,
                          "ResponsiveLayout" : false,
                          "ShowDataLoading" : true,
                          "Style" : "DefaultLabelStyle",
                          "Text" : "[[KBProductionAdvisorCvsMashup.Lines]]",
                          "ToolTipField" : "",
                          "ToolTipStyle" : "DefaultTooltipStyle",
                          "Top" : 60,
                          "Type" : "label",
                          "Visible" : true,
                          "Width" : 285,
                          "Z-index" : 10,
                          "__TypeDisplayName" : "Label",
                          "__supportsTooltip" : true
                        },
                        "Widgets" : [ ]
                      }, {
                        "Properties" : {
                          "Alignment" : "center",
                          "AllowEllipsis" : false,
                          "Area" : "UI",
                          "DisplayName" : "label-44",
                          "Height" : 22,
                          "Id" : "label-44",
                          "Left" : 776,
                          "ResponsiveLayout" : false,
                          "ShowDataLoading" : true,
                          "Style" : "DefaultLabelStyle",
                          "Text" : "[[KBProductionAdvisorCvsMashup.DLP1]]",
                          "ToolTipField" : "",
                          "ToolTipStyle" : "DefaultTooltipStyle",
                          "Top" : 60,
                          "Type" : "label",
                          "Visible" : true,
                          "Width" : 110,
                          "Z-index" : 10,
                          "__TypeDisplayName" : "Label",
                          "__supportsTooltip" : true
                        },
                        "Widgets" : [ ]
                      }, {
                        "Properties" : {
                          "Alignment" : "left",
                          "AllowEllipsis" : false,
                          "Area" : "UI",
                          "DisplayName" : "label-45",
                          "Height" : 22,
                          "Id" : "label-45",
                          "Left" : 780,
                          "ResponsiveLayout" : false,
                          "ShowDataLoading" : true,
                          "Style" : "DefaultLabelStyle",
                          "Text" : "[[KBProductionAdvisorCvsMashup.Actual]]",
                          "ToolTipField" : "",
                          "ToolTipStyle" : "DefaultTooltipStyle",
                          "Top" : 95,
                          "Type" : "label",
                          "Visible" : false,
                          "Width" : 105,
                          "Z-index" : 10,
                          "__TypeDisplayName" : "Label",
                          "__supportsTooltip" : true
                        },
                        "Widgets" : [ ]
                      }, {
                        "Properties" : {
                          "Alignment" : "right",
                          "AllowEllipsis" : false,
                          "Area" : "UI",
                          "DisplayName" : "label-47",
                          "Height" : 22,
                          "Id" : "label-47",
                          "Left" : 780,
                          "ResponsiveLayout" : false,
                          "ShowDataLoading" : true,
                          "Style" : "DefaultLabelStyle",
                          "Text" : "[[KBProductionAdvisorCvsMashup.Target]]",
                          "ToolTipField" : "",
                          "ToolTipStyle" : "DefaultTooltipStyle",
                          "Top" : 125,
                          "Type" : "label",
                          "Visible" : true,
                          "Width" : 105,
                          "Z-index" : 10,
                          "__TypeDisplayName" : "Label",
                          "__supportsTooltip" : true
                        },
                        "Widgets" : [ ]
                      }, {
                        "Properties" : {
                          "Area" : "UI",
                          "DisplayName" : "divider-48",
                          "Height" : 87,
                          "Id" : "divider-48",
                          "Left" : 650,
                          "ResponsiveLayout" : false,
                          "ShowDataLoading" : true,
                          "Style" : "DefaultDividerStyle",
                          "Top" : 60,
                          "Type" : "divider",
                          "Visible" : true,
                          "Width" : 4,
                          "Z-index" : 10,
                          "__TypeDisplayName" : "Trennlinie"
                        },
                        "Widgets" : [ ]
                      }, {
                        "Properties" : {
                          "Alignment" : "center",
                          "AllowEllipsis" : false,
                          "Area" : "UI",
                          "DisplayName" : "label-49",
                          "Height" : 22,
                          "Id" : "label-49",
                          "Left" : 906,
                          "ResponsiveLayout" : false,
                          "ShowDataLoading" : true,
                          "Style" : "DefaultLabelStyle",
                          "Text" : "[[KBProductionAdvisorCvsMashup.DLP3]]",
                          "ToolTipField" : "",
                          "ToolTipStyle" : "DefaultTooltipStyle",
                          "Top" : 60,
                          "Type" : "label",
                          "Visible" : false,
                          "Width" : 85,
                          "Z-index" : 10,
                          "__TypeDisplayName" : "Label",
                          "__supportsTooltip" : true
                        },
                        "Widgets" : [ ]
                      }, {
                        "Properties" : {
                          "Area" : "UI",
                          "DisplayName" : "divider-50",
                          "Height" : 87,
                          "Id" : "divider-50",
                          "Left" : 890,
                          "ResponsiveLayout" : false,
                          "ShowDataLoading" : true,
                          "Style" : "DefaultDividerStyle",
                          "Top" : 60,
                          "Type" : "divider",
                          "Visible" : true,
                          "Width" : 4,
                          "Z-index" : 10,
                          "__TypeDisplayName" : "Trennlinie"
                        },
                        "Widgets" : [ ]
                      }, {
                        "Properties" : {
                          "Alignment" : "left",
                          "AllowEllipsis" : false,
                          "Area" : "UI",
                          "DisplayName" : "label-51",
                          "Height" : 22,
                          "Id" : "label-51",
                          "Left" : 900,
                          "ResponsiveLayout" : false,
                          "ShowDataLoading" : true,
                          "Style" : "DefaultLabelStyle",
                          "Text" : "[[KBProductionAdvisorCvsMashup.KB]]",
                          "ToolTipField" : "",
                          "ToolTipStyle" : "DefaultTooltipStyle",
                          "Top" : 95,
                          "Type" : "label",
                          "Visible" : false,
                          "Width" : 105,
                          "Z-index" : 10,
                          "__TypeDisplayName" : "Label",
                          "__supportsTooltip" : true
                        },
                        "Widgets" : [ ]
                      }, {
                        "Properties" : {
                          "Alignment" : "right",
                          "AllowEllipsis" : false,
                          "Area" : "UI",
                          "DisplayName" : "label-53",
                          "Height" : 22,
                          "Id" : "label-53",
                          "Left" : 900,
                          "ResponsiveLayout" : false,
                          "ShowDataLoading" : true,
                          "Style" : "DefaultLabelStyle",
                          "Text" : "[[KBProductionAdvisorCvsMashup.Customer]]",
                          "ToolTipField" : "",
                          "ToolTipStyle" : "DefaultTooltipStyle",
                          "Top" : 125,
                          "Type" : "label",
                          "Visible" : false,
                          "Width" : 105,
                          "Z-index" : 10,
                          "__TypeDisplayName" : "Label",
                          "__supportsTooltip" : true
                        },
                        "Widgets" : [ ]
                      }, {
                        "Properties" : {
                          "Area" : "UI",
                          "DisplayName" : "divider-54",
                          "Height" : 87,
                          "Id" : "divider-54",
                          "Left" : 1010,
                          "ResponsiveLayout" : false,
                          "ShowDataLoading" : true,
                          "Style" : "DefaultDividerStyle",
                          "Top" : 60,
                          "Type" : "divider",
                          "Visible" : true,
                          "Width" : 4,
                          "Z-index" : 10,
                          "__TypeDisplayName" : "Trennlinie"
                        },
                        "Widgets" : [ ]
                      }, {
                        "Properties" : {
                          "Area" : "UI",
                          "DisplayName" : "divider-55",
                          "Height" : 87,
                          "Id" : "divider-55",
                          "Left" : 1120,
                          "ResponsiveLayout" : false,
                          "ShowDataLoading" : true,
                          "Style" : "DefaultDividerStyle",
                          "Top" : 60,
                          "Type" : "divider",
                          "Visible" : true,
                          "Width" : 4,
                          "Z-index" : 10,
                          "__TypeDisplayName" : "Trennlinie"
                        },
                        "Widgets" : [ ]
                      }, {
                        "Properties" : {
                          "Alignment" : "center",
                          "AllowEllipsis" : false,
                          "Area" : "UI",
                          "DisplayName" : "label-57",
                          "Height" : 22,
                          "Id" : "label-57",
                          "Left" : 1130,
                          "ResponsiveLayout" : false,
                          "ShowDataLoading" : true,
                          "Style" : "DefaultLabelStyle",
                          "Text" : "[[KBProductionAdvisorCvsMashup.Info]]",
                          "ToolTipField" : "",
                          "ToolTipStyle" : "DefaultTooltipStyle",
                          "Top" : 60,
                          "Type" : "label",
                          "Visible" : true,
                          "Width" : 410,
                          "Z-index" : 10,
                          "__TypeDisplayName" : "Label",
                          "__supportsTooltip" : true
                        },
                        "Widgets" : [ ]
                      }, {
                        "Properties" : {
                          "AllowDecimals" : false,
                          "AllowNegatives" : true,
                          "Area" : "UI",
                          "ConstrainValue" : true,
                          "DisplayName" : "numericentry-60",
                          "FixedDigits" : 0,
                          "Height" : 24,
                          "Id" : "numericentry-60",
                          "InnerShadow" : true,
                          "Label" : "",
                          "LabelAlignment" : "left",
                          "Left" : 1551,
                          "Maximum" : 0,
                          "Minimum" : -100,
                          "NumericEntryFocusStyle" : "DefaultFocusStyle",
                          "NumericEntryLabelStyle" : "DefaultWidgetLabelStyle",
                          "ResponsiveLayout" : false,
                          "ShowDataLoading" : true,
                          "Style" : "DefaultTextBoxStyle",
                          "TabSequence" : 0,
                          "ToolTipField" : "",
                          "ToolTipStyle" : "DefaultTooltipStyle",
                          "Top" : 80,
                          "Type" : "numericentry",
                          "UseTheme" : false,
                          "Value" : 0,
                          "ValueAlign" : "right",
                          "Visible" : false,
                          "Width" : 65,
                          "Z-index" : 10,
                          "__TypeDisplayName" : "Numerische Eingabe",
                          "__supportsLabel" : true,
                          "__supportsTooltip" : true
                        },
                        "Widgets" : [ ]
                      }, {
                        "Properties" : {
                          "Area" : "UI",
                          "DataShape" : "",
                          "DataType" : "NUMBER",
                          "DisplayName" : "eventsrouter-61",
                          "Id" : "eventsrouter-61",
                          "Left" : 1635,
                          "NumberOfInputs" : 2,
                          "ResponsiveLayout" : false,
                          "ShowDataLoading" : true,
                          "Top" : 60,
                          "Type" : "eventsrouter",
                          "Visible" : true,
                          "Z-index" : 10,
                          "__TypeDisplayName" : "Ereignis-Router"
                        },
                        "Widgets" : [ ]
                      }, {
                        "Properties" : {
                          "ActiveStyle" : "DefaultButtonActiveStyle",
                          "Area" : "UI",
                          "CancelConfirmationButton" : "button2",
                          "ConfirmationButton1Label" : "Yes",
                          "ConfirmationButton2Label" : "No",
                          "ConfirmationPrompt" : "Do Action?",
                          "ConfirmationRequired" : false,
                          "ConfirmationTitle" : "Confirm Action",
                          "ContextId" : "",
                          "DefaultConfirmationButton" : "button1",
                          "Disabled" : false,
                          "DisabledStyle" : "DefaultButtonDisabledStyle",
                          "DisplayName" : "button-64",
                          "FocusStyle" : "DefaultButtonFocusStyle",
                          "Height" : 30,
                          "HoverStyle" : "DefaultButtonHoverStyle",
                          "IconAlignment" : "left",
                          "Id" : "button-64",
                          "Label" : "+",
                          "Left" : 1470,
                          "ResponsiveLayout" : false,
                          "RoundedCorners" : true,
                          "ShowDataLoading" : true,
                          "SingleClickSelectOnTablets" : true,
                          "Style" : "DefaultButtonStyle",
                          "TabSequence" : 0,
                          "ToolTipField" : "",
                          "ToolTipStyle" : "DefaultTooltipStyle",
                          "Top" : 20,
                          "Type" : "button",
                          "Visible" : true,
                          "Width" : 30,
                          "Z-index" : 10,
                          "__TypeDisplayName" : "Schaltfläche",
                          "__supportsTooltip" : true
                        },
                        "Widgets" : [ ]
                      }, {
                        "Properties" : {
                          "ActiveStyle" : "DefaultButtonActiveStyle",
                          "Area" : "UI",
                          "CancelConfirmationButton" : "button2",
                          "ConfirmationButton1Label" : "Yes",
                          "ConfirmationButton2Label" : "No",
                          "ConfirmationPrompt" : "Do Action?",
                          "ConfirmationRequired" : false,
                          "ConfirmationTitle" : "Confirm Action",
                          "ContextId" : "",
                          "DefaultConfirmationButton" : "button1",
                          "Disabled" : false,
                          "DisabledStyle" : "DefaultButtonDisabledStyle",
                          "DisplayName" : "button-65",
                          "FocusStyle" : "DefaultButtonFocusStyle",
                          "Height" : 30,
                          "HoverStyle" : "DefaultButtonHoverStyle",
                          "IconAlignment" : "left",
                          "Id" : "button-65",
                          "Label" : "-",
                          "Left" : 1391,
                          "ResponsiveLayout" : false,
                          "RoundedCorners" : true,
                          "ShowDataLoading" : true,
                          "SingleClickSelectOnTablets" : true,
                          "Style" : "DefaultButtonStyle",
                          "TabSequence" : 0,
                          "ToolTipField" : "",
                          "ToolTipStyle" : "DefaultTooltipStyle",
                          "Top" : 20,
                          "Type" : "button",
                          "Visible" : true,
                          "Width" : 30,
                          "Z-index" : 10,
                          "__TypeDisplayName" : "Schaltfläche",
                          "__supportsTooltip" : true
                        },
                        "Widgets" : [ ]
                      }, {
                        "Properties" : {
                          "Alignment" : "center",
                          "AllowEllipsis" : false,
                          "Area" : "UI",
                          "DisplayName" : "label-66",
                          "Height" : 22,
                          "Id" : "label-66",
                          "Left" : 1426,
                          "ResponsiveLayout" : false,
                          "ShowDataLoading" : true,
                          "Style" : "DefaultLabelStyle",
                          "ToolTipField" : "",
                          "ToolTipStyle" : "DefaultTooltipStyle",
                          "Top" : 25,
                          "Type" : "label",
                          "Visible" : true,
                          "Width" : 40,
                          "Z-index" : 10,
                          "__TypeDisplayName" : "Beschriftung",
                          "__supportsTooltip" : true
                        },
                        "Widgets" : [ ]
                      }, {
                        "Properties" : {
                          "Alignment" : "center",
                          "AllowEllipsis" : false,
                          "Area" : "UI",
                          "Description" : "",
                          "DisplayName" : "Time_back",
                          "Height" : 22,
                          "Id" : "label-67",
                          "Left" : 1391,
                          "ResponsiveLayout" : false,
                          "ShowDataLoading" : true,
                          "Style" : "DefaultLabelStyle",
                          "Text" : "[[KBProductionAdvisorCvsMashup.StepTimeback]]",
                          "ToolTipField" : "",
                          "ToolTipStyle" : "DefaultTooltipStyle",
                          "Top" : 0,
                          "Type" : "label",
                          "Visible" : true,
                          "Width" : 110,
                          "Z-index" : 10,
                          "__TypeDisplayName" : "Beschriftung",
                          "__supportsTooltip" : true
                        },
                        "Widgets" : [ ]
                      } ]
                    } ]
                  }, {
                    "Properties" : {
                      "AnimateExpandCollapse" : true,
                      "Area" : "UI",
                      "BGImageRepeat" : "no-repeat",
                      "BGImageSize" : "auto",
                      "DisplayName" : "Row 1",
                      "ExpandCollapseTabLocation" : "outside",
                      "Expanded" : true,
                      "Id" : "container-3",
                      "MinHeight" : 0,
                      "MinWidth" : 0,
                      "Overlay" : false,
                      "OverlayIsTransparent" : false,
                      "ResponsiveLayout" : true,
                      "ShowDataLoading" : true,
                      "ShowExpandCollapseTab" : false,
                      "Style" : "DefaultContainerStyle",
                      "TabCollapseStyle" : "DefaultTabCollapseStyle",
                      "TabExpandStyle" : "DefaultTabExpandStyle",
                      "TabHeight" : 36,
                      "TabLocation" : "center",
                      "TabOffset" : 0,
                      "TabWidth" : 36,
                      "Type" : "container",
                      "Visible" : true,
                      "Z-index" : 10,
                      "__TypeDisplayName" : "Container",
                      "userCannotRemove" : true
                    },
                    "Widgets" : [ {
                      "Properties" : {
                        "AllowSelection" : false,
                        "Area" : "UI",
                        "AutoSelectFirstRow" : false,
                        "CustomClass" : "",
                        "Description" : "",
                        "DisplayName" : "repeater-4",
                        "FixedMashupHeight" : 50,
                        "FixedMashupWidth" : 1600,
                        "GlobalDBName" : "GlobalDBName",
                        "Height" : 300,
                        "HideInnerScrollbars" : false,
                        "Id" : "repeater-4",
                        "ItemLoadBehavior" : "load-destroy-on-demand",
                        "KPICalculationBase" : "KPICalculationBase",
                        "KPIDateTime" : "KPIDateTime",
                        "KPIDateTimeEnd" : "KPIDateTimeEnd",
                        "KPIDateTimeStart" : "KPIDateTimeStart",
                        "Left" : 0,
                        "LocalDBName" : "LocalDBName",
                        "MachineThingName" : "MachineThingName",
                        "Mashup" : "KBProductionAdvisorCvsSingleMachineMashupV2",
                        "MashupHeight" : 45,
                        "MashupParameters" : [ {
                          "BaseType" : "STRING",
                          "Description" : "",
                          "ParameterName" : "MachineThingName"
                        }, {
                          "BaseType" : "NUMBER",
                          "Description" : "",
                          "ParameterName" : "ShiftIterations"
                        }, {
                          "BaseType" : "STRING",
                          "Description" : "",
                          "ParameterName" : "Division"
                        }, {
                          "BaseType" : "DATETIME",
                          "Description" : "",
                          "ParameterName" : "KPIDateTimeEnd"
                        }, {
                          "BaseType" : "STRING",
                          "Description" : "",
                          "ParameterName" : "KPICalculationBase"
                        }, {
                          "BaseType" : "DATETIME",
                          "Description" : "",
                          "ParameterName" : "KPIDateTimeStart"
                        } ],
                        "MashupWidth" : 1600,
                        "RepeaterCellStyle" : "DefaultRepeaterCellStyle",
                        "RepeaterSelectedStyle" : "DefaultRepeaterSelectedStyle",
                        "RepeaterStyle" : "DefaultRepeaterStyle",
                        "RepeaterUnselectedStyle" : "DefaultRepeaterUnselectedStyle",
                        "ResponsiveLayout" : true,
                        "ReuseMashups" : true,
                        "SelectionHeight" : 25,
                        "SelectionWidth" : 25,
                        "ShiftIterations" : "ShiftIterations",
                        "ShowDataLoading" : true,
                        "Top" : 0,
                        "Type" : "repeater",
                        "View" : "vertical",
                        "Visible" : true,
                        "Width" : 400,
                        "Z-index" : 10,
                        "__TypeDisplayName" : "Repeater"
                      },
                      "Widgets" : [ ]
                    } ]
                  } ]
                }, {
                  "Properties" : {
                    "Area" : "UI",
                    "AutoEvaluate" : false,
                    "DataChangeType" : "ALWAYS",
                    "DisplayName" : "isTimeframeUserSet",
                    "Expression" : "if (calculationBase==\"User set\") {Output=true;} else {Output=false;}",
                    "FireOnFirstValue" : false,
                    "Height" : 28,
                    "Id" : "expression-25",
                    "Left" : 0,
                    "OutputBaseType" : "BOOLEAN",
                    "ShowDataLoading" : true,
                    "Top" : 0,
                    "Type" : "expression",
                    "Visible" : true,
                    "Width" : 200,
                    "Z-index" : 10,
                    "__TypeDisplayName" : "Ausdruck",
                    "_currentParameterDefs" : [ {
                      "BaseType" : "STRING",
                      "Description" : "",
                      "ParameterName" : "calculationBase",
                      "isValid" : true
                    } ],
                    "editMode" : "edit",
                    "helperType" : "expression",
                    "parameters" : [ {
                      "BaseType" : "STRING",
                      "Description" : "",
                      "ParameterName" : "calculationBase",
                      "isValid" : true
                    } ],
                    "parametersToDelete" : [ ]
                  },
                  "Widgets" : [ ]
                }, {
                  "Properties" : {
                    "Area" : "UI",
                    "AutoEvaluate" : false,
                    "DataChangeType" : "ALWAYS",
                    "DisplayName" : "goback",
                    "Expression" : "Output = currentvalue - 1;",
                    "FireOnFirstValue" : false,
                    "Height" : 28,
                    "Id" : "expression-62",
                    "Left" : 0,
                    "OutputBaseType" : "NUMBER",
                    "ShowDataLoading" : true,
                    "Top" : 0,
                    "Type" : "expression",
                    "Visible" : true,
                    "Width" : 200,
                    "Z-index" : 10,
                    "__TypeDisplayName" : "Ausdruck",
                    "_currentParameterDefs" : [ {
                      "BaseType" : "NUMBER",
                      "Description" : "",
                      "ParameterName" : "currentvalue",
                      "isValid" : true
                    } ],
                    "parameters" : [ {
                      "BaseType" : "NUMBER",
                      "Description" : "",
                      "ParameterName" : "currentvalue",
                      "isValid" : true
                    } ]
                  },
                  "Widgets" : [ ]
                }, {
                  "Properties" : {
                    "Area" : "UI",
                    "AutoEvaluate" : false,
                    "DataChangeType" : "ALWAYS",
                    "DisplayName" : "goforward",
                    "Expression" : "if (currentvalue < 0) {\n\tOutput = currentvalue + 1;\n}   ",
                    "FireOnFirstValue" : false,
                    "Height" : 28,
                    "Id" : "expression-63",
                    "Left" : 0,
                    "OutputBaseType" : "NUMBER",
                    "ShowDataLoading" : true,
                    "Top" : 0,
                    "Type" : "expression",
                    "Visible" : true,
                    "Width" : 200,
                    "Z-index" : 10,
                    "__TypeDisplayName" : "Ausdruck",
                    "_currentParameterDefs" : [ {
                      "BaseType" : "NUMBER",
                      "Description" : "",
                      "ParameterName" : "currentvalue",
                      "isValid" : true
                    } ],
                    "editMode" : "edit",
                    "helperType" : "expression",
                    "parameters" : [ {
                      "BaseType" : "NUMBER",
                      "Description" : "",
                      "ParameterName" : "currentvalue",
                      "isValid" : true
                    } ],
                    "parametersToDelete" : [ ]
                  },
                  "Widgets" : [ ]
                } ]
              },
              "mashupType" : "mashup"
            }
            ]]>
            </mashupContent>
            <preview></preview>
        </Mashup>
    </Mashups>
</Entities>
