<?xml version="1.0" encoding="UTF-8" standalone="no"?>
<Entities build="b52" majorVersion="8" minorVersion="0"
	modelPersistenceProviderPackage="MssqlPersistenceProviderPackage"
	revision="3" schemaVersion="1000">
	<Mashups>
		<Mashup aspect.isResponsive="true" aspect.mashupType="mashup"
			columns="0.0" description="" documentationContent="" homeMashup=""
			lastModifiedDate="2017-12-11T12:34:43.386+01:00"
			name="KBLocalSmartKPIMachineLevelOrderandShiftInfoFrameMashup"
			projectName="KBsmartKPI" rows="0.0"
			tags="KBThingWorxInstallationVocabulary:ExtensionSmartKPI">
			<Owner name="adm-flassakm" type="User" />
			<avatar />
			<DesignTimePermissions>
				<Create />
				<Read />
				<Update />
				<Delete />
				<Metadata />
			</DesignTimePermissions>
			<RunTimePermissions>
				<Permissions resourceName="*">
					<PropertyRead>
						<Principal isPermitted="true" name="KBUserGroup"
							type="Group" />
					</PropertyRead>
					<PropertyWrite />
					<ServiceInvoke>
						<Principal isPermitted="true" name="KBUserGroup"
							type="Group" />
					</ServiceInvoke>
					<EventInvoke />
					<EventSubscribe />
				</Permissions>
			</RunTimePermissions>
			<VisibilityPermissions>
				<Visibility>
					<Principal isPermitted="true" name="KBOrganization"
						type="Organization" />
				</Visibility>
			</VisibilityPermissions>
			<ConfigurationTables />
			<ParameterDefinitions />
			<Things>
				<Thing>KBsmartKPILocalHelper</Thing>
			</Things>
			<ThingShapes />
			<ThingTemplates>
				<ThingTemplate>KBGenericThingTemplate</ThingTemplate>
			</ThingTemplates>
			<mashupContent><![CDATA[{
  "RunTimePermissions" : { },
  "UI" : {
    "Widgets" : [ {
      "Widgets" : [ {
        "Widgets" : [ {
          "Widgets" : [ ],
          "Properties" : {
            "ComboTextboxStyle" : "DefaultComboTextboxStyle",
            "Left" : 30,
            "ComboDropdownButtonStyle" : "DefaultComboDropdownButtonStyle",
            "ListBackgroundStyle" : "DefaultListBackgroundStyle",
            "ShowDataLoading" : true,
            "Label" : "",
            "WidthOfDropdownView" : 500,
            "ToolTipStyle" : "DefaultTooltipStyle",
            "TabSequence" : 0,
            "__supportsTooltip" : true,
            "ComboItemHighlightedStyle" : "DefaultComboItemHighlightedStyle",
            "Alignment" : "left",
            "DropdownStyle" : "DefaultDropdownStyle",
            "DisplayField" : "DisplayName",
            "Visible" : true,
            "DisplayName" : "dhxlist-4",
            "Height" : 170,
            "DisableSelectedStyle" : false,
            "ListItemSelectedStyle" : "DefaultListItemSelectedStyle",
            "Width" : 110,
            "DropdownButtonStyle" : "DefaultDropdownButtonStyle",
            "ValueField" : "ThingName",
            "ClearIfNoSelection" : false,
            "ListItemHoverStyle" : "DefaultListItemHoverStyle",
            "ListLabelStyle" : "DefaultWidgetLabelStyle",
            "MultiSelect" : false,
            "__supportsLabel" : true,
            "ResponsiveLayout" : true,
            "LabelAlignment" : "left",
            "Z-index" : 10,
            "HeightOfDropdownView" : 170,
            "View" : "list",
            "__TypeDisplayName" : "List",
            "RowHeight" : 28,
            "ListItemStyle" : "DefaultListItemStyle",
            "NumberOfItemsInDropdownView" : 6,
            "Area" : "UI",
            "Type" : "dhxlist",
            "ComboEnableCheckbox" : false,
            "Top" : 135,
            "DropdownSelectedStyle" : "DefaultDropdownSelectedStyle",
            "Id" : "dhxlist-4",
            "ListItemAlternateStyle" : "DefaultListItemAlternateStyle",
            "AutoSelectFirstRow" : true
          }
        } ],
        "Properties" : {
          "MinHeight" : 0,
          "TabWidth" : 36,
          "BGImageRepeat" : "no-repeat",
          "ShowDataLoading" : true,
          "ShowExpandCollapseTab" : false,
          "ExpandCollapseTabLocation" : "outside",
          "TabExpandStyle" : "DefaultTabExpandStyle",
          "Visible" : true,
          "DisplayName" : "Left Sidebar",
          "Style" : "DefaultContainerStyle",
          "BGImageSize" : "auto",
          "Overlay" : false,
          "Expanded" : true,
          "TabCollapseStyle" : "DefaultTabCollapseStyle",
          "OverlayIsTransparent" : false,
          "ResponsiveLayout" : true,
          "Z-index" : 10,
          "TabOffset" : 0,
          "MinWidth" : 0,
          "__TypeDisplayName" : "Container",
          "TabLocation" : "center",
          "Area" : "UI",
          "Type" : "container",
          "AnimateExpandCollapse" : true,
          "TabHeight" : 36,
          "Id" : "container-2"
        }
      }, {
        "Widgets" : [ {
          "Widgets" : [ {
            "Widgets" : [ {
              "Widgets" : [ {
                "Widgets" : [ ],
                "Properties" : {
                  "Left" : 25,
                  "Description" : "",
                  "ShowDataLoading" : true,
                  "ResponsiveLayout" : false,
                  "Z-index" : 10,
                  "Text" : "Order and Shift Info, Line:",
                  "ToolTipStyle" : "DefaultTooltipStyle",
                  "__TypeDisplayName" : "Label",
                  "__supportsTooltip" : true,
                  "ToolTipField" : "",
                  "Area" : "UI",
                  "Type" : "label",
                  "Alignment" : "left",
                  "Top" : 10,
                  "Visible" : true,
                  "DisplayName" : "label-16",
                  "Style" : "KBDefaultSmartKPITitleStyle",
                  "Height" : 32,
                  "Id" : "label-16",
                  "Width" : 325
                }
              }, {
                "Widgets" : [ ],
                "Properties" : {
                  "Left" : 25,
                  "ShowDataLoading" : true,
                  "ResponsiveLayout" : false,
                  "Z-index" : 10,
                  "ToolTipStyle" : "DefaultTooltipStyle",
                  "__TypeDisplayName" : "Label",
                  "__supportsTooltip" : true,
                  "ToolTipField" : "",
                  "Area" : "UI",
                  "Type" : "label",
                  "Alignment" : "left",
                  "Top" : 50,
                  "Visible" : true,
                  "DisplayName" : "label-17",
                  "Style" : "KBDefaultSmartKPITitleStyle",
                  "Height" : 27,
                  "Id" : "label-17",
                  "Width" : 135
                }
              }, {
                "Widgets" : [ ],
                "Properties" : {
                  "Left" : 460,
                  "IntervalType" : "d",
                  "UseIntervalAsMax" : false,
                  "ShowDataLoading" : true,
                  "ShowLockControls" : false,
                  "FocusStyle" : "DefaultButtonFocusStyle",
                  "TabSequence" : 0,
                  "DateFormatToken" : "",
                  "RefreshInterval" : 30,
                  "Visible" : true,
                  "DisplayName" : "timeselector-19",
                  "DateOrder" : "yy-mm-dd",
                  "Height" : 65,
                  "TimeRefreshBtnStyle" : "DefaultTimeRefreshBtnStyle",
                  "Width" : 450,
                  "DateDisplay" : "short",
                  "TimeFormat" : "hh:mm:ss",
                  "DateDelimiter" : "-",
                  "ResponsiveLayout" : false,
                  "Widescreen" : false,
                  "TimeAutoRefreshBtnStyle" : "DefaultTimeAutoRefreshBtnStyle",
                  "Z-index" : 10,
                  "DecadeView" : false,
                  "__TypeDisplayName" : "Time Selector",
                  "TimeBGStyle" : "DefaultTimeBGStyle",
                  "Area" : "UI",
                  "Type" : "timeselector",
                  "Top" : 10,
                  "DateFormat" : "yy-M-dd",
                  "Id" : "timeselector-19",
                  "DisplaySeconds" : true,
                  "AutoRefresh" : true,
                  "TimeDatePickerStyle" : "DefaultTimeDatePickerStyle",
                  "Interval" : 1
                }
              } ],
              "Properties" : {
                "Left" : 40,
                "HideScrollbars" : false,
                "ResponsiveLayout" : true,
                "ShowDataLoading" : true,
                "Z-index" : 10,
                "VerticalAnchor" : "top",
                "__TypeDisplayName" : "Panel",
                "HorizontalAnchor" : "left",
                "Area" : "UI",
                "Type" : "panel",
                "Top" : 10,
                "Visible" : true,
                "DisplayName" : "panel-15",
                "Style" : "DefaultPanelStyle",
                "Height" : 200,
                "Id" : "panel-15",
                "Width" : 300
              }
            } ],
            "Properties" : {
              "MinHeight" : 0,
              "TabWidth" : 36,
              "BGImageRepeat" : "no-repeat",
              "ShowDataLoading" : true,
              "ShowExpandCollapseTab" : false,
              "ExpandCollapseTabLocation" : "outside",
              "TabExpandStyle" : "DefaultTabExpandStyle",
              "Visible" : true,
              "DisplayName" : "Header",
              "Style" : "DefaultContainerStyle",
              "BGImageSize" : "auto",
              "Overlay" : false,
              "Expanded" : true,
              "TabCollapseStyle" : "DefaultTabCollapseStyle",
              "OverlayIsTransparent" : false,
              "ResponsiveLayout" : true,
              "Z-index" : 10,
              "TabOffset" : 0,
              "MinWidth" : 0,
              "__TypeDisplayName" : "Container",
              "TabLocation" : "center",
              "Area" : "UI",
              "Type" : "container",
              "AnimateExpandCollapse" : true,
              "TabHeight" : 36,
              "Id" : "container-6"
            }
          }, {
            "Widgets" : [ {
              "Widgets" : [ ],
              "Properties" : {
                "Left" : 460,
                "ShowDataLoading" : true,
                "ResponsiveLayout" : true,
                "Z-index" : 10,
                "MashupParameters" : [ {
                  "Description" : "",
                  "BaseType" : "DATETIME",
                  "ParmDef" : {
                    "name" : "StartDate",
                    "aspects" : {
                      "ordinal" : "0"
                    },
                    "description" : "",
                    "baseType" : "DATETIME",
                    "ordinal" : 0
                  },
                  "ParameterName" : "StartDate"
                }, {
                  "Description" : "",
                  "BaseType" : "DATETIME",
                  "ParmDef" : {
                    "name" : "EndDate",
                    "aspects" : {
                      "ordinal" : "1"
                    },
                    "description" : "",
                    "baseType" : "DATETIME",
                    "ordinal" : 0
                  },
                  "ParameterName" : "EndDate"
                }, {
                  "Description" : "",
                  "BaseType" : "STRING",
                  "ParmDef" : {
                    "name" : "Machine",
                    "aspects" : {
                      "ordinal" : "2"
                    },
                    "description" : "",
                    "baseType" : "STRING",
                    "ordinal" : 0
                  },
                  "ParameterName" : "Machine"
                } ],
                "__TypeDisplayName" : "Contained Mashup",
                "Name" : "KBLocalSmartKPIMachineLevelOrderInfoMashup",
                "Area" : "UI",
                "Type" : "mashupcontainer",
                "TabSequenceGroup" : 0,
                "Top" : 25,
                "Visible" : true,
                "DisplayName" : "mashupcontainer-13",
                "Height" : 300,
                "Id" : "mashupcontainer-13",
                "Width" : 400
              }
            } ],
            "Properties" : {
              "MinHeight" : 0,
              "TabWidth" : 36,
              "BGImageRepeat" : "no-repeat",
              "ShowDataLoading" : true,
              "ShowExpandCollapseTab" : false,
              "ExpandCollapseTabLocation" : "outside",
              "TabExpandStyle" : "DefaultTabExpandStyle",
              "Visible" : true,
              "DisplayName" : "Row 1",
              "Style" : "DefaultContainerStyle",
              "BGImageSize" : "auto",
              "Overlay" : false,
              "Expanded" : true,
              "TabCollapseStyle" : "DefaultTabCollapseStyle",
              "OverlayIsTransparent" : false,
              "ResponsiveLayout" : true,
              "Z-index" : 10,
              "TabOffset" : 0,
              "MinWidth" : 0,
              "__TypeDisplayName" : "Container",
              "TabLocation" : "center",
              "Area" : "UI",
              "Type" : "container",
              "AnimateExpandCollapse" : true,
              "TabHeight" : 36,
              "Id" : "container-7"
            }
          }, {
            "Widgets" : [ {
              "Widgets" : [ ],
              "Properties" : {
                "Left" : 440,
                "ShowDataLoading" : true,
                "ResponsiveLayout" : true,
                "Z-index" : 10,
                "MashupParameters" : [ {
                  "Description" : "",
                  "BaseType" : "DATETIME",
                  "ParmDef" : {
                    "name" : "StartDate",
                    "aspects" : {
                      "ordinal" : "0"
                    },
                    "description" : "",
                    "baseType" : "DATETIME",
                    "ordinal" : 0
                  },
                  "ParameterName" : "StartDate"
                }, {
                  "Description" : "",
                  "BaseType" : "STRING",
                  "ParmDef" : {
                    "name" : "MachineSAP",
                    "aspects" : {
                      "ordinal" : "2"
                    },
                    "description" : "",
                    "baseType" : "STRING",
                    "ordinal" : 0
                  },
                  "ParameterName" : "MachineSAP"
                }, {
                  "Description" : "",
                  "BaseType" : "DATETIME",
                  "ParmDef" : {
                    "name" : "EndDate",
                    "aspects" : {
                      "ordinal" : "1"
                    },
                    "description" : "",
                    "baseType" : "DATETIME",
                    "ordinal" : 0
                  },
                  "ParameterName" : "EndDate"
                }, {
                  "Description" : "",
                  "BaseType" : "STRING",
                  "ParmDef" : {
                    "name" : "PlantSAP",
                    "aspects" : {
                      "ordinal" : "3"
                    },
                    "description" : "",
                    "baseType" : "STRING",
                    "ordinal" : 0
                  },
                  "ParameterName" : "PlantSAP"
                } ],
                "__TypeDisplayName" : "Contained Mashup",
                "Name" : "KBLocalSmartKPIMachineLevelShiftInfoMashup",
                "Area" : "UI",
                "Type" : "mashupcontainer",
                "TabSequenceGroup" : 0,
                "Top" : 40,
                "Visible" : true,
                "DisplayName" : "mashupcontainer-14",
                "Height" : 300,
                "Id" : "mashupcontainer-14",
                "Width" : 400
              }
            } ],
            "Properties" : {
              "MinHeight" : 0,
              "TabWidth" : 36,
              "BGImageRepeat" : "no-repeat",
              "ShowDataLoading" : true,
              "ShowExpandCollapseTab" : false,
              "ExpandCollapseTabLocation" : "outside",
              "TabExpandStyle" : "DefaultTabExpandStyle",
              "Visible" : true,
              "DisplayName" : "Row 2",
              "Style" : "DefaultContainerStyle",
              "BGImageSize" : "auto",
              "Overlay" : false,
              "Expanded" : true,
              "TabCollapseStyle" : "DefaultTabCollapseStyle",
              "OverlayIsTransparent" : false,
              "ResponsiveLayout" : true,
              "Z-index" : 10,
              "TabOffset" : 0,
              "MinWidth" : 0,
              "__TypeDisplayName" : "Container",
              "TabLocation" : "center",
              "Area" : "UI",
              "Type" : "container",
              "AnimateExpandCollapse" : true,
              "TabHeight" : 36,
              "Id" : "container-8"
            }
          } ],
          "Properties" : {
            "Left" : 365,
            "IncludeSpacingInFixedAreas" : false,
            "ShowDataLoading" : true,
            "HeaderHeight" : 100,
            "PctRow4" : 0,
            "PctRow3" : 0,
            "PctRow2" : 50,
            "FooterHeight" : 0,
            "PctRow1" : 50,
            "PctRow8" : 0,
            "PctRow7" : 0,
            "PctRow6" : 0,
            "PctRow5" : 0,
            "LeftSidebar" : false,
            "RightSidebar" : false,
            "PctColumn5" : 1,
            "Visible" : true,
            "DisplayName" : "layout-5",
            "PctColumn6" : 1,
            "PctColumn3" : 1,
            "PrintWidth" : 650,
            "PctColumn4" : 1,
            "PctColumn1" : 50,
            "PctColumn2" : 50,
            "PrintMarginTopBottom" : 0.5,
            "Rows" : 2,
            "RightSidebarWidth" : 0,
            "PrintMarginLeftRight" : 0.5,
            "PctColumn7" : 1,
            "PctColumn8" : 1,
            "ResponsiveLayout" : true,
            "Columns" : 0,
            "Z-index" : 10,
            "Spacing" : 2,
            "Orientation" : "vertical",
            "__TypeDisplayName" : "Layout",
            "Area" : "UI",
            "Type" : "layout",
            "LeftSidebarWidth" : 0,
            "Header" : true,
            "Top" : 70,
            "IsPrintLayout" : false,
            "Footer" : false,
            "Id" : "layout-5"
          }
        } ],
        "Properties" : {
          "MinHeight" : 0,
          "TabWidth" : 36,
          "BGImageRepeat" : "no-repeat",
          "ShowDataLoading" : true,
          "ShowExpandCollapseTab" : false,
          "ExpandCollapseTabLocation" : "outside",
          "TabExpandStyle" : "DefaultTabExpandStyle",
          "Visible" : true,
          "DisplayName" : "Column 1",
          "Style" : "DefaultContainerStyle",
          "BGImageSize" : "auto",
          "Overlay" : false,
          "Expanded" : true,
          "TabCollapseStyle" : "DefaultTabCollapseStyle",
          "OverlayIsTransparent" : false,
          "ResponsiveLayout" : true,
          "Z-index" : 10,
          "TabOffset" : 0,
          "MinWidth" : 0,
          "__TypeDisplayName" : "Container",
          "TabLocation" : "center",
          "Area" : "UI",
          "Type" : "container",
          "AnimateExpandCollapse" : true,
          "TabHeight" : 36,
          "Id" : "container-3"
        }
      } ],
      "Properties" : {
        "Left" : 445,
        "IncludeSpacingInFixedAreas" : false,
        "ShowDataLoading" : true,
        "HeaderHeight" : 0,
        "PctRow4" : 0,
        "PctRow3" : 0,
        "PctRow2" : 50,
        "FooterHeight" : 0,
        "PctRow1" : 50,
        "PctRow8" : 0,
        "PctRow7" : 0,
        "PctRow6" : 0,
        "PctRow5" : 0,
        "LeftSidebar" : true,
        "RightSidebar" : false,
        "PctColumn5" : 1,
        "Visible" : true,
        "DisplayName" : "layout-1",
        "PctColumn6" : 1,
        "PctColumn3" : 1,
        "PrintWidth" : 650,
        "PctColumn4" : 1,
        "PctColumn1" : 100,
        "PctColumn2" : 0,
        "PrintMarginTopBottom" : 0.5,
        "Rows" : 0,
        "RightSidebarWidth" : 0,
        "PrintMarginLeftRight" : 0.5,
        "PctColumn7" : 1,
        "PctColumn8" : 1,
        "ResponsiveLayout" : true,
        "Columns" : 1,
        "Z-index" : 10,
        "Spacing" : 2,
        "Orientation" : "horizontal",
        "__TypeDisplayName" : "Layout",
        "Area" : "UI",
        "Type" : "layout",
        "LeftSidebarWidth" : 100,
        "Header" : false,
        "Top" : 125,
        "IsPrintLayout" : false,
        "Footer" : false,
        "Id" : "layout-1"
      }
    } ],
    "Properties" : {
      "MinHeight" : 0,
      "Left" : 0,
      "BGImageRepeat" : "no-repeat",
      "ShowDataLoading" : true,
      "AddToDashboardButtonStyle" : "DefaultAddToDashboardButtonStyle",
      "id_index" : 19,
      "supportsAutoResize" : true,
      "Visible" : true,
      "DisplayName" : "Mashup",
      "Style" : "DefaultMashupStyle",
      "BGImageSize" : "auto",
      "Height" : 618,
      "Width" : 1024,
      "TitleBar" : false,
      "Rows" : 0,
      "ConfigureGadgetButtonStyle" : "DefaultConfigureGadgetButtonStyle",
      "TitleBarStyle" : "DefaultTitleBarStyle",
      "ResponsiveLayout" : true,
      "Title" : "",
      "Columns" : 0,
      "Z-index" : 10,
      "TitleBarText" : "Gadget Title Here",
      "MinWidth" : 0,
      "__TypeDisplayName" : "Mashup",
      "EnableParameterEditing" : false,
      "Master" : "KBSmartProductionMaster1Mashup",
      "Area" : "Mashup",
      "Type" : "mashup",
      "Top" : 0,
      "IsPrintLayout" : false,
      "MashupToEditGadget" : "DefaultMashupToEditGadget",
      "Id" : "mashup-root",
      "IgnoreWarningsInViewMashup" : false
    }
  },
  "Events" : [ {
    "EventTriggerArea" : "Mashup",
    "EventHandlerService" : "GetMachinesforSmartKPIVisualization",
    "EventTriggerSection" : "",
    "EventHandlerId" : "Things_KBsmartKPILocalHelper",
    "EventTriggerEvent" : "Loaded",
    "Id" : "7d653973-8a46-4794-a61d-21c93a0f40b6",
    "EventTriggerId" : "mashup-root",
    "EventHandlerArea" : "Data"
  }, {
    "EventTriggerArea" : "Data",
    "EventHandlerService" : "GetStringPropertyValue",
    "EventTriggerSection" : "Things_KBsmartKPILocalHelper",
    "EventHandlerId" : "DynamicThingTemplates_KBGenericThingTemplate",
    "EventTriggerEvent" : "SelectedRowsChanged",
    "Id" : "b376b909-0350-4780-87cd-abcf5ae5bf25",
    "EventTriggerId" : "GetMachinesforSmartKPIVisualization",
    "EventHandlerArea" : "Data"
  }, {
    "EventTriggerArea" : "Data",
    "EventHandlerService" : "GetStringPropertyValue1",
    "EventTriggerSection" : "Things_KBsmartKPILocalHelper",
    "EventHandlerId" : "DynamicThingTemplates_KBGenericThingTemplate",
    "EventTriggerEvent" : "SelectedRowsChanged",
    "Id" : "d36d746b-64c8-470d-b4da-4f9aededf13f",
    "EventTriggerId" : "GetMachinesforSmartKPIVisualization",
    "EventHandlerArea" : "Data"
  }, {
    "EventTriggerArea" : "Data",
    "EventHandlerService" : "GetStringPropertyValue",
    "EventTriggerSection" : "DynamicThingTemplates_KBGenericThingTemplate",
    "EventHandlerId" : "DynamicThingTemplates_KBGenericThingTemplate1",
    "EventTriggerEvent" : "ServiceInvokeCompleted",
    "Id" : "b71f7863-d957-4e46-9a1d-52227a6cc73c",
    "EventTriggerId" : "GetStringPropertyValue1",
    "EventHandlerArea" : "Data"
  }, {
    "EventTriggerArea" : "Data",
    "EventHandlerService" : "Refresh",
    "EventTriggerSection" : "DynamicThingTemplates_KBGenericThingTemplate1",
    "EventHandlerId" : "mashupcontainer-14",
    "EventTriggerEvent" : "ServiceInvokeCompleted",
    "Id" : "bc88dd60-e0c4-432d-8a61-cf42804ac5c0",
    "EventTriggerId" : "GetStringPropertyValue",
    "EventHandlerArea" : "UI"
  }, {
    "EventTriggerArea" : "UI",
    "EventHandlerService" : "Refresh",
    "EventTriggerSection" : "",
    "EventHandlerId" : "mashupcontainer-13",
    "EventTriggerEvent" : "Updated",
    "Id" : "1d581d18-7ae4-4c96-940c-304ac268e5f6",
    "EventTriggerId" : "timeselector-19",
    "EventHandlerArea" : "UI"
  }, {
    "EventTriggerArea" : "UI",
    "EventHandlerService" : "Refresh",
    "EventTriggerSection" : "",
    "EventHandlerId" : "mashupcontainer-14",
    "EventTriggerEvent" : "Updated",
    "Id" : "1b6d3181-b845-4dc4-a68b-7945b6b7ecf3",
    "EventTriggerId" : "timeselector-19",
    "EventHandlerArea" : "UI"
  } ],
  "mashupType" : "mashup",
  "DataBindings" : [ {
    "SourceArea" : "Data",
    "TargetArea" : "UI",
    "TargetSection" : "",
    "SourceId" : "GetMachinesforSmartKPIVisualization",
    "Id" : "cb8f4c6b-964e-4e07-b242-d760443d314e",
    "SourceSection" : "Things_KBsmartKPILocalHelper",
    "SourceDetails" : "SelectedRows",
    "PropertyMaps" : [ {
      "SourcePropertyType" : "Field",
      "TargetProperty" : "Machine",
      "TargetPropertyType" : "property",
      "SourcePropertyBaseType" : "STRING",
      "TargetPropertyBaseType" : "STRING",
      "SourceProperty" : "ThingName"
    } ],
    "TargetId" : "mashupcontainer-13"
  }, {
    "SourceArea" : "Data",
    "TargetArea" : "Data",
    "TargetSection" : "DynamicThingTemplates_KBGenericThingTemplate",
    "SourceId" : "GetMachinesforSmartKPIVisualization",
    "Id" : "c876ffb3-bde0-4955-a1c6-2db98e3f5e57",
    "SourceSection" : "Things_KBsmartKPILocalHelper",
    "SourceDetails" : "SelectedRows",
    "PropertyMaps" : [ {
      "TargetProperty" : "value",
      "TargetPropertyType" : "Entity",
      "SourcePropertyBaseType" : "STRING",
      "TargetPropertyBaseType" : "THINGNAME",
      "SourceProperty" : "ThingName"
    } ],
    "TargetId" : "EntityName"
  }, {
    "SourceArea" : "Data",
    "TargetArea" : "UI",
    "TargetSection" : "",
    "SourceId" : "GetStringPropertyValue",
    "Id" : "a3a7a703-012a-4443-8a9f-de82f94caf29",
    "SourceSection" : "DynamicThingTemplates_KBGenericThingTemplate",
    "SourceDetails" : "AllData",
    "PropertyMaps" : [ {
      "SourcePropertyType" : "Field",
      "TargetProperty" : "MachineSAP",
      "TargetPropertyType" : "property",
      "SourcePropertyBaseType" : "STRING",
      "TargetPropertyBaseType" : "STRING",
      "SourceProperty" : "result"
    } ],
    "TargetId" : "mashupcontainer-14"
  }, {
    "SourceArea" : "Data",
    "TargetArea" : "Data",
    "TargetSection" : "DynamicThingTemplates_KBGenericThingTemplate1",
    "SourceId" : "GetStringPropertyValue1",
    "Id" : "24f96527-e3bd-4af9-b6bb-2f3be153b8a2",
    "SourceSection" : "DynamicThingTemplates_KBGenericThingTemplate",
    "SourceDetails" : "AllData",
    "PropertyMaps" : [ {
      "TargetProperty" : "value",
      "TargetPropertyType" : "Entity",
      "SourcePropertyBaseType" : "STRING",
      "TargetPropertyBaseType" : "THINGNAME",
      "SourceProperty" : "result"
    } ],
    "TargetId" : "EntityName"
  }, {
    "SourceArea" : "Data",
    "TargetArea" : "UI",
    "TargetSection" : "",
    "SourceId" : "GetMachinesforSmartKPIVisualization",
    "Id" : "fc478742-a5c3-47b1-b9a7-9fa9ff540143",
    "SourceSection" : "Things_KBsmartKPILocalHelper",
    "SourceDetails" : "SelectedRows",
    "PropertyMaps" : [ {
      "SourcePropertyType" : "Field",
      "TargetProperty" : "Text",
      "TargetPropertyType" : "property",
      "SourcePropertyBaseType" : "STRING",
      "TargetPropertyBaseType" : "STRING",
      "SourceProperty" : "DisplayName"
    } ],
    "TargetId" : "label-17"
  }, {
    "SourceArea" : "Data",
    "TargetArea" : "UI",
    "TargetSection" : "",
    "SourceId" : "GetStringPropertyValue",
    "Id" : "3b4a01bb-66d2-402a-902c-14aef44c11f4",
    "SourceSection" : "DynamicThingTemplates_KBGenericThingTemplate1",
    "SourceDetails" : "AllData",
    "PropertyMaps" : [ {
      "SourcePropertyType" : "Field",
      "TargetProperty" : "PlantSAP",
      "TargetPropertyType" : "property",
      "SourcePropertyBaseType" : "STRING",
      "TargetPropertyBaseType" : "STRING",
      "SourceProperty" : "result"
    } ],
    "TargetId" : "mashupcontainer-14"
  }, {
    "SourceArea" : "UI",
    "TargetArea" : "UI",
    "TargetSection" : "",
    "SourceId" : "timeselector-19",
    "Id" : "85e8d146-d8ff-45c6-a1ed-ad140c640dff",
    "SourceSection" : "",
    "PropertyMaps" : [ {
      "SourcePropertyType" : "Property",
      "TargetProperty" : "StartDate",
      "TargetPropertyType" : "property",
      "SourcePropertyBaseType" : "DATETIME",
      "TargetPropertyBaseType" : "DATETIME",
      "SourceProperty" : "StartDateTime"
    } ],
    "TargetId" : "mashupcontainer-13"
  }, {
    "SourceArea" : "UI",
    "TargetArea" : "UI",
    "TargetSection" : "",
    "SourceId" : "timeselector-19",
    "Id" : "1b911267-f118-42f8-8708-ea75fa92c916",
    "SourceSection" : "",
    "PropertyMaps" : [ {
      "SourcePropertyType" : "Property",
      "TargetProperty" : "EndDate",
      "TargetPropertyType" : "property",
      "SourcePropertyBaseType" : "DATETIME",
      "TargetPropertyBaseType" : "DATETIME",
      "SourceProperty" : "EndDateTime"
    } ],
    "TargetId" : "mashupcontainer-13"
  }, {
    "SourceArea" : "UI",
    "TargetArea" : "UI",
    "TargetSection" : "",
    "SourceId" : "timeselector-19",
    "Id" : "84143a5e-d882-498f-91d7-08e166aa8505",
    "SourceSection" : "",
    "PropertyMaps" : [ {
      "SourcePropertyType" : "Property",
      "TargetProperty" : "StartDate",
      "TargetPropertyType" : "property",
      "SourcePropertyBaseType" : "DATETIME",
      "TargetPropertyBaseType" : "DATETIME",
      "SourceProperty" : "StartDateTime"
    } ],
    "TargetId" : "mashupcontainer-14"
  }, {
    "SourceArea" : "UI",
    "TargetArea" : "UI",
    "TargetSection" : "",
    "SourceId" : "timeselector-19",
    "Id" : "cbd4bb24-6096-4732-bb88-500c52aed44d",
    "SourceSection" : "",
    "PropertyMaps" : [ {
      "SourcePropertyType" : "Property",
      "TargetProperty" : "EndDate",
      "TargetPropertyType" : "property",
      "SourcePropertyBaseType" : "DATETIME",
      "TargetPropertyBaseType" : "DATETIME",
      "SourceProperty" : "EndDateTime"
    } ],
    "TargetId" : "mashupcontainer-14"
  }, {
    "SourceArea" : "Data",
    "TargetArea" : "UI",
    "TargetSection" : "",
    "SourceId" : "GetMachinesforSmartKPIVisualization",
    "Id" : "3adc96af-271c-4db6-928f-b4029bde3fdb",
    "SourceSection" : "Things_KBsmartKPILocalHelper",
    "SourceDetails" : "AllData",
    "PropertyMaps" : [ {
      "SourcePropertyType" : "InfoTable",
      "TargetProperty" : "Data",
      "TargetPropertyType" : "property",
      "SourcePropertyBaseType" : "INFOTABLE",
      "TargetPropertyBaseType" : "INFOTABLE",
      "SourceProperty" : ""
    } ],
    "TargetId" : "dhxlist-4"
  } ],
  "Data" : {
    "DynamicThingTemplates_KBGenericThingTemplate" : {
      "EntityType" : "DynamicThingTemplates",
      "Services" : [ {
        "Target" : "GetStringPropertyValue",
        "Parameters" : {
          "propertyName" : "SAPWorkcenterNumber"
        },
        "APIMethod" : "post",
        "Characteristic" : "Services",
        "RefreshInterval" : 0,
        "Id" : "dae14bb3-7fac-4b78-9d33-a19c1c385e61",
        "Name" : "GetStringPropertyValue"
      }, {
        "Target" : "GetStringPropertyValue",
        "Parameters" : {
          "propertyName" : "KBPlantThing"
        },
        "APIMethod" : "post",
        "Characteristic" : "Services",
        "RefreshInterval" : 0,
        "Id" : "3708a77a-4d19-425c-85d5-f5a2432fadf5",
        "Name" : "GetStringPropertyValue1"
      } ],
      "EntityName" : "KBGenericThingTemplate",
      "Id" : "4f560ace-c5d1-451e-b9d7-bcc9bb36720a",
      "DataName" : "DynamicThingTemplates_KBGenericThingTemplate"
    },
    "DynamicThingTemplates_KBGenericThingTemplate1" : {
      "EntityType" : "DynamicThingTemplates",
      "Services" : [ {
        "Target" : "GetStringPropertyValue",
        "Parameters" : {
          "propertyName" : "SAPPlantId"
        },
        "APIMethod" : "post",
        "Characteristic" : "Services",
        "RefreshInterval" : 0,
        "Id" : "79809aba-5004-42fd-9d3a-dd161d23b2eb",
        "Name" : "GetStringPropertyValue"
      } ],
      "EntityName" : "KBGenericThingTemplate",
      "Id" : "196073fb-da1f-4302-899a-2788a8e34123",
      "DataName" : "DynamicThingTemplates_KBGenericThingTemplate1"
    },
    "Things_KBsmartKPILocalHelper" : {
      "EntityType" : "Things",
      "Services" : [ {
        "Target" : "GetMachinesforSmartKPIVisualization",
        "Parameters" : { },
        "APIMethod" : "post",
        "Characteristic" : "Services",
        "RefreshInterval" : 0,
        "Id" : "8d63ab1c-bb16-4a43-9c97-621ab030149d",
        "Name" : "GetMachinesforSmartKPIVisualization"
      } ],
      "EntityName" : "KBsmartKPILocalHelper",
      "Id" : "c6164ca7-32a0-4106-86f1-f809f2abb62f",
      "DataName" : "Things_KBsmartKPILocalHelper"
    },
    "UserExtensions" : {
      "EntityType" : "UserExtensions",
      "Services" : [ {
        "Target" : "GetCurrentUserExtensionProperties",
        "Parameters" : { },
        "APIMethod" : "post",
        "Characteristic" : "Services",
        "RefreshInterval" : 0,
        "Id" : "UserExtensionInterface",
        "Name" : "GetCurrentUserExtensionProperties"
      } ],
      "EntityName" : "",
      "Id" : "UserExtensions",
      "DataName" : "UserExtensions"
    },
    "Session" : {
      "EntityType" : "Session",
      "Services" : [ {
        "Target" : "GetGlobalSessionValues",
        "Parameters" : { },
        "APIMethod" : "post",
        "Characteristic" : "Services",
        "RefreshInterval" : 0,
        "Id" : "SessionInterface",
        "Name" : "GetGlobalSessionValues"
      } ],
      "EntityName" : "",
      "Id" : "session",
      "DataName" : "Session"
    }
  },
  "DesignTimePermissions" : { }
}]]></mashupContent>
			<ConfigurationChanges>
				<ConfigurationChange changeAction="CREATE"
					changeReason="header : name : updated, projectName : updated, tags : updated&#10;documentation : updated&#10;"
					timestamp="2017-12-11T10:10:03.958+01:00" user="adm-flassakm" />
				<ConfigurationChange changeAction="MODIFY"
					changeReason="" timestamp="2017-12-11T10:13:04.164+01:00"
					user="adm-flassakm" />
				<ConfigurationChange changeAction="MODIFY"
					changeReason="" timestamp="2017-12-11T10:15:43.760+01:00"
					user="adm-flassakm" />
				<ConfigurationChange changeAction="MODIFY"
					changeReason="" timestamp="2017-12-11T10:19:33.779+01:00"
					user="adm-flassakm" />
				<ConfigurationChange changeAction="MODIFY"
					changeReason="" timestamp="2017-12-11T10:31:08.040+01:00"
					user="adm-flassakm" />
				<ConfigurationChange changeAction="MODIFY"
					changeReason="" timestamp="2017-12-11T10:35:46.794+01:00"
					user="adm-flassakm" />
				<ConfigurationChange changeAction="MODIFY"
					changeReason="" timestamp="2017-12-11T10:38:33.843+01:00"
					user="adm-flassakm" />
				<ConfigurationChange changeAction="MODIFY"
					changeReason="" timestamp="2017-12-11T10:44:50.771+01:00"
					user="adm-flassakm" />
				<ConfigurationChange changeAction="MODIFY"
					changeReason="" timestamp="2017-12-11T11:03:46.038+01:00"
					user="adm-flassakm" />
				<ConfigurationChange changeAction="MODIFY"
					changeReason="" timestamp="2017-12-11T11:04:16.882+01:00"
					user="adm-flassakm" />
				<ConfigurationChange changeAction="MODIFY"
					changeReason="" timestamp="2017-12-11T11:08:19.324+01:00"
					user="adm-flassakm" />
				<ConfigurationChange changeAction="MODIFY"
					changeReason="" timestamp="2017-12-11T12:34:43.386+01:00"
					user="adm-flassakm" />
			</ConfigurationChanges>
		</Mashup>
	</Mashups>
</Entities>