<?xml version="1.0" encoding="UTF-8" standalone="no"?>
<Entities build="b167" majorVersion="8" minorVersion="2"
	modelPersistenceProviderPackage="MssqlPersistenceProviderPackage"
	revision="2" schemaVersion="1020" universal="">
	<Mashups>
		<Mashup aspect.isResponsive="true" aspect.mashupType="mashup"
			columns="0.0" description="" documentationContent="" homeMashup=""
			lastModifiedDate="2019-02-01T07:57:01.406+01:00"
			name="KBGlobalSmartKPIRailOEE2MachineLevelMashup"
			projectName="KBsmartKPI" rows="0.0"
			tags="KBThingWorxInstallationVocabulary:ExtensionSmartKPI">
			<Owner name="adm-flassakm" type="User" />
			<avatar />
			<DesignTimePermissions>
				<Create />
				<Read />
				<Update />
				<Delete />
				<Metadata />
			</DesignTimePermissions>
			<RunTimePermissions>
				<Permissions resourceName="*">
					<PropertyRead>
						<Principal isPermitted="true" name="KBUserGroup"
							type="Group" />
					</PropertyRead>
					<PropertyWrite />
					<ServiceInvoke>
						<Principal isPermitted="true" name="KBUserGroup"
							type="Group" />
					</ServiceInvoke>
					<EventInvoke />
					<EventSubscribe />
				</Permissions>
			</RunTimePermissions>
			<VisibilityPermissions>
				<Visibility>
					<Principal isPermitted="true" name="KBOrganization"
						type="Organization" />
				</Visibility>
			</VisibilityPermissions>
			<ConfigurationTables />
			<ParameterDefinitions>
				<FieldDefinition aspect.ordinal="1"
					baseType="STRING" description="" name="CalculationBase" ordinal="0" />
				<FieldDefinition aspect.ordinal="3"
					baseType="DATETIME" description="" name="EndTime" ordinal="0" />
				<FieldDefinition aspect.ordinal="4"
					baseType="STRING" description="" name="KPIType" ordinal="0" />
				<FieldDefinition aspect.ordinal="0"
					baseType="STRING" description="" name="MachineThingName"
					ordinal="0" />
				<FieldDefinition aspect.ordinal="2"
					baseType="DATETIME" description="" name="StartTime" ordinal="0" />
			</ParameterDefinitions>
			<Things>
				<Thing>KBTimeHelperThing</Thing>
			</Things>
			<ThingShapes />
			<ThingTemplates>
				<ThingTemplate>KBKPIGlobalThingWorxDatabaseTemplate</ThingTemplate>
			</ThingTemplates>
			<mashupContent><![CDATA[{
  "CustomMashupCss" : "",
  "Data" : {
    "DynamicThingTemplates_KBKPIGlobalThingWorxDatabaseTemplate" : {
      "DataName" : "DynamicThingTemplates_KBKPIGlobalThingWorxDatabaseTemplate",
      "EntityName" : "KBKPIGlobalThingWorxDatabaseTemplate",
      "EntityType" : "DynamicThingTemplates",
      "Id" : "7a491fd3-9090-4118-a39b-9356a86f8141",
      "Services" : [ {
        "APIMethod" : "post",
        "Characteristic" : "Services",
        "Id" : "65242144-8ffc-4dd3-abf3-2af00676e39b",
        "Name" : "GetOeeUtilizationRail",
        "Parameters" : { },
        "RefreshInterval" : 0,
        "Target" : "GetOeeUtilizationRail"
      }, {
        "APIMethod" : "post",
        "Characteristic" : "Services",
        "Id" : "8cf9e5ce-1acf-461e-89bc-6777807b60c0",
        "Name" : "GetOeeUtilizationRail1",
        "Parameters" : {
          "CalculationBase" : "Year"
        },
        "RefreshInterval" : 0,
        "Target" : "GetOeeUtilizationRail"
      } ]
    },
    "Resources_KBThingWorxServerSystem" : {
      "DataName" : "Resources_KBThingWorxServerSystem",
      "EntityName" : "KBThingWorxServerSystem",
      "EntityType" : "Resources",
      "Id" : "2b4d777f-b302-4a1f-bf4f-1b6e73430ec2",
      "Services" : [ {
        "APIMethod" : "post",
        "Characteristic" : "Services",
        "Id" : "d7c32976-0e2b-451b-ad49-ed8be7b1ccd0",
        "Name" : "GetKPIThingWorxDatabaseThing",
        "Parameters" : { },
        "RefreshInterval" : 0,
        "Target" : "GetKPIThingWorxDatabaseThing"
      } ]
    },
    "Session" : {
      "DataName" : "Session",
      "EntityName" : "",
      "EntityType" : "Session",
      "Id" : "session",
      "Services" : [ {
        "APIMethod" : "post",
        "Characteristic" : "Services",
        "Id" : "SessionInterface",
        "Name" : "GetGlobalSessionValues",
        "Parameters" : { },
        "RefreshInterval" : 0,
        "Target" : "GetGlobalSessionValues"
      } ]
    },
    "Things_KBTimeHelperThing" : {
      "DataName" : "Things_KBTimeHelperThing",
      "EntityName" : "KBTimeHelperThing",
      "EntityType" : "Things",
      "Id" : "92caa2ac-7b64-41a0-966a-65e3aed70dd0",
      "Services" : [ {
        "APIMethod" : "post",
        "Characteristic" : "Services",
        "Id" : "aab64f39-788b-4371-b450-51b721f846fb",
        "Name" : "GetCurrentYearStart",
        "Parameters" : { },
        "RefreshInterval" : 0,
        "Target" : "GetCurrentYearStart"
      }, {
        "APIMethod" : "post",
        "Characteristic" : "Services",
        "Id" : "6bea960e-a30a-4374-804b-d43250bc7fae",
        "Name" : "GetLastLastYearStart",
        "Parameters" : { },
        "RefreshInterval" : 0,
        "Target" : "GetLastLastYearStart"
      } ]
    },
    "UserExtensions" : {
      "DataName" : "UserExtensions",
      "EntityName" : "",
      "EntityType" : "UserExtensions",
      "Id" : "UserExtensions",
      "Services" : [ {
        "APIMethod" : "post",
        "Characteristic" : "Services",
        "Id" : "UserExtensionInterface",
        "Name" : "GetCurrentUserExtensionProperties",
        "Parameters" : { },
        "RefreshInterval" : 0,
        "Target" : "GetCurrentUserExtensionProperties"
      } ]
    }
  },
  "DataBindings" : [ {
    "Id" : "8f521f31-ed72-4b46-9efd-5784c34b3cfd",
    "PropertyMaps" : [ {
      "SourceProperty" : "Result",
      "SourcePropertyBaseType" : "STRING",
      "TargetProperty" : "value",
      "TargetPropertyBaseType" : "THINGNAME",
      "TargetPropertyType" : "Entity"
    } ],
    "SourceArea" : "Data",
    "SourceDetails" : "AllData",
    "SourceId" : "GetKPIThingWorxDatabaseThing",
    "SourceSection" : "Resources_KBThingWorxServerSystem",
    "TargetArea" : "Data",
    "TargetId" : "EntityName",
    "TargetSection" : "DynamicThingTemplates_KBKPIGlobalThingWorxDatabaseTemplate"
  }, {
    "Id" : "aaf108c9-3ecb-457c-b353-dc4f926ba990",
    "PropertyMaps" : [ {
      "SourceProperty" : "MachineThingName",
      "SourcePropertyBaseType" : "STRING",
      "TargetProperty" : "Machine",
      "TargetPropertyBaseType" : "STRING",
      "TargetPropertyType" : "Parameter"
    } ],
    "SourceArea" : "Mashup",
    "SourceId" : "mashup-root",
    "SourceSection" : "",
    "TargetArea" : "Data",
    "TargetId" : "GetOeeUtilizationRail",
    "TargetSection" : "DynamicThingTemplates_KBKPIGlobalThingWorxDatabaseTemplate"
  }, {
    "Id" : "95e44f54-d2da-410b-86f1-50f8d5e4b6cd",
    "PropertyMaps" : [ {
      "SourceProperty" : "",
      "SourcePropertyBaseType" : "INFOTABLE",
      "SourcePropertyType" : "InfoTable",
      "TargetProperty" : "Data",
      "TargetPropertyBaseType" : "INFOTABLE",
      "TargetPropertyType" : "property"
    } ],
    "SourceArea" : "Data",
    "SourceDetails" : "AllData",
    "SourceId" : "GetOeeUtilizationRail",
    "SourceSection" : "DynamicThingTemplates_KBKPIGlobalThingWorxDatabaseTemplate",
    "TargetArea" : "UI",
    "TargetId" : "timeserieschart-25",
    "TargetSection" : ""
  }, {
    "Id" : "46f1bd2d-b6d6-4eae-ba47-13e9d1bed98d",
    "PropertyMaps" : [ {
      "SourceProperty" : "MachineThingName",
      "SourcePropertyBaseType" : "STRING",
      "TargetProperty" : "Machine",
      "TargetPropertyBaseType" : "STRING",
      "TargetPropertyType" : "Parameter"
    } ],
    "SourceArea" : "Mashup",
    "SourceId" : "mashup-root",
    "SourceSection" : "",
    "TargetArea" : "Data",
    "TargetId" : "GetOeeUtilizationRail1",
    "TargetSection" : "DynamicThingTemplates_KBKPIGlobalThingWorxDatabaseTemplate"
  }, {
    "Id" : "3f164cc4-79ec-4a0b-b789-98a1e384b8a3",
    "PropertyMaps" : [ {
      "SourceProperty" : "result",
      "SourcePropertyBaseType" : "DATETIME",
      "TargetProperty" : "TimeStart",
      "TargetPropertyBaseType" : "DATETIME",
      "TargetPropertyType" : "Parameter"
    } ],
    "SourceArea" : "Data",
    "SourceDetails" : "AllData",
    "SourceId" : "GetLastLastYearStart",
    "SourceSection" : "Things_KBTimeHelperThing",
    "TargetArea" : "Data",
    "TargetId" : "GetOeeUtilizationRail1",
    "TargetSection" : "DynamicThingTemplates_KBKPIGlobalThingWorxDatabaseTemplate"
  }, {
    "Id" : "c2d69a07-e52a-4d96-b185-aef368a88b82",
    "PropertyMaps" : [ {
      "SourceProperty" : "result",
      "SourcePropertyBaseType" : "DATETIME",
      "TargetProperty" : "TimeEnd",
      "TargetPropertyBaseType" : "DATETIME",
      "TargetPropertyType" : "Parameter"
    } ],
    "SourceArea" : "Data",
    "SourceDetails" : "AllData",
    "SourceId" : "GetCurrentYearStart",
    "SourceSection" : "Things_KBTimeHelperThing",
    "TargetArea" : "Data",
    "TargetId" : "GetOeeUtilizationRail1",
    "TargetSection" : "DynamicThingTemplates_KBKPIGlobalThingWorxDatabaseTemplate"
  }, {
    "Id" : "f2fb352e-3132-42f9-b2fd-3ad30956cdec",
    "PropertyMaps" : [ {
      "SourceProperty" : "",
      "SourcePropertyBaseType" : "INFOTABLE",
      "SourcePropertyType" : "InfoTable",
      "TargetProperty" : "Data",
      "TargetPropertyBaseType" : "INFOTABLE",
      "TargetPropertyType" : "property"
    } ],
    "SourceArea" : "Data",
    "SourceDetails" : "AllData",
    "SourceId" : "GetOeeUtilizationRail1",
    "SourceSection" : "DynamicThingTemplates_KBKPIGlobalThingWorxDatabaseTemplate",
    "TargetArea" : "UI",
    "TargetId" : "labelchart-26",
    "TargetSection" : ""
  }, {
    "Id" : "158ae124-60c1-41a2-9537-5d398ab5c85d",
    "PropertyMaps" : [ {
      "SourceProperty" : "StartTime",
      "SourcePropertyBaseType" : "DATETIME",
      "TargetProperty" : "TimeStart",
      "TargetPropertyBaseType" : "DATETIME",
      "TargetPropertyType" : "Parameter"
    } ],
    "SourceArea" : "Mashup",
    "SourceId" : "mashup-root",
    "SourceSection" : "",
    "TargetArea" : "Data",
    "TargetId" : "GetOeeUtilizationRail",
    "TargetSection" : "DynamicThingTemplates_KBKPIGlobalThingWorxDatabaseTemplate"
  }, {
    "Id" : "819335a2-38fc-4222-93ba-facae030c8c8",
    "PropertyMaps" : [ {
      "SourceProperty" : "EndTime",
      "SourcePropertyBaseType" : "DATETIME",
      "TargetProperty" : "TimeEnd",
      "TargetPropertyBaseType" : "DATETIME",
      "TargetPropertyType" : "Parameter"
    } ],
    "SourceArea" : "Mashup",
    "SourceId" : "mashup-root",
    "SourceSection" : "",
    "TargetArea" : "Data",
    "TargetId" : "GetOeeUtilizationRail",
    "TargetSection" : "DynamicThingTemplates_KBKPIGlobalThingWorxDatabaseTemplate"
  }, {
    "Id" : "ee30806d-2f5f-4068-bd66-b24538e9c21a",
    "PropertyMaps" : [ {
      "SourceProperty" : "StartTime",
      "SourcePropertyBaseType" : "DATETIME",
      "SourcePropertyType" : "Property",
      "TargetProperty" : "XAxisMinimum",
      "TargetPropertyBaseType" : "DATETIME",
      "TargetPropertyType" : "property"
    } ],
    "SourceArea" : "Mashup",
    "SourceId" : "mashup-root",
    "SourceSection" : "",
    "TargetArea" : "UI",
    "TargetId" : "timeserieschart-25",
    "TargetSection" : ""
  }, {
    "Id" : "c5e17c05-3f29-4794-a096-96cb98095902",
    "PropertyMaps" : [ {
      "SourceProperty" : "EndTime",
      "SourcePropertyBaseType" : "DATETIME",
      "SourcePropertyType" : "Property",
      "TargetProperty" : "XAxisMaximum",
      "TargetPropertyBaseType" : "DATETIME",
      "TargetPropertyType" : "property"
    } ],
    "SourceArea" : "Mashup",
    "SourceId" : "mashup-root",
    "SourceSection" : "",
    "TargetArea" : "UI",
    "TargetId" : "timeserieschart-25",
    "TargetSection" : ""
  }, {
    "Id" : "099df7fc-732c-447d-9387-7b1be5cd1eea",
    "PropertyMaps" : [ {
      "SourceProperty" : "CalculationBase",
      "SourcePropertyBaseType" : "STRING",
      "TargetProperty" : "CalculationBase",
      "TargetPropertyBaseType" : "STRING",
      "TargetPropertyType" : "Parameter"
    } ],
    "SourceArea" : "Mashup",
    "SourceId" : "mashup-root",
    "SourceSection" : "",
    "TargetArea" : "Data",
    "TargetId" : "GetOeeUtilizationRail",
    "TargetSection" : "DynamicThingTemplates_KBKPIGlobalThingWorxDatabaseTemplate"
  } ],
  "DesignTimePermissions" : { },
  "Events" : [ {
    "EventHandlerArea" : "Data",
    "EventHandlerId" : "Resources_KBThingWorxServerSystem",
    "EventHandlerService" : "GetKPIThingWorxDatabaseThing",
    "EventTriggerArea" : "Mashup",
    "EventTriggerEvent" : "Loaded",
    "EventTriggerId" : "mashup-root",
    "EventTriggerSection" : "",
    "Id" : "72643602-9462-408e-849b-86c2eb24ef42"
  }, {
    "EventHandlerArea" : "Data",
    "EventHandlerId" : "Resources_KBThingWorxServerSystem",
    "EventHandlerService" : "GetKPIThingWorxDatabaseThing",
    "EventTriggerArea" : "Mashup",
    "EventTriggerEvent" : "RefreshRequested",
    "EventTriggerId" : "mashup-root",
    "EventTriggerSection" : "",
    "Id" : "b1714972-de89-44c4-9288-a74ffc4b57d0"
  }, {
    "EventHandlerArea" : "Data",
    "EventHandlerId" : "Resources_KBThingWorxServerSystem",
    "EventHandlerService" : "GetKPIThingWorxDatabaseThing",
    "EventTriggerArea" : "Mashup",
    "EventTriggerEvent" : "MachineThingNameChanged",
    "EventTriggerId" : "mashup-root",
    "EventTriggerSection" : "",
    "Id" : "b16c20b4-770f-4698-b330-be04fc16920c"
  }, {
    "EventHandlerArea" : "Data",
    "EventHandlerId" : "Resources_KBThingWorxServerSystem",
    "EventHandlerService" : "GetKPIThingWorxDatabaseThing",
    "EventTriggerArea" : "Mashup",
    "EventTriggerEvent" : "DBKPINameChanged",
    "EventTriggerId" : "mashup-root",
    "EventTriggerSection" : "",
    "Id" : "6e86e1c6-ad92-42bc-8b28-d09f00c9ce0e"
  }, {
    "EventHandlerArea" : "Data",
    "EventHandlerId" : "Resources_KBThingWorxServerSystem",
    "EventHandlerService" : "GetKPIThingWorxDatabaseThing",
    "EventTriggerArea" : "Mashup",
    "EventTriggerEvent" : "StartTimeChanged",
    "EventTriggerId" : "mashup-root",
    "EventTriggerSection" : "",
    "Id" : "08507ae5-e89b-4632-816a-f1b206e11194"
  }, {
    "EventHandlerArea" : "Data",
    "EventHandlerId" : "Resources_KBThingWorxServerSystem",
    "EventHandlerService" : "GetKPIThingWorxDatabaseThing",
    "EventTriggerArea" : "Mashup",
    "EventTriggerEvent" : "EndTimeChanged",
    "EventTriggerId" : "mashup-root",
    "EventTriggerSection" : "",
    "Id" : "4bc54e8a-f216-4a41-9d5b-661160b271b1"
  }, {
    "EventHandlerArea" : "Data",
    "EventHandlerId" : "Resources_KBThingWorxServerSystem",
    "EventHandlerService" : "GetKPIThingWorxDatabaseThing",
    "EventTriggerArea" : "Mashup",
    "EventTriggerEvent" : "KPITypeChanged",
    "EventTriggerId" : "mashup-root",
    "EventTriggerSection" : "",
    "Id" : "f8b22159-cf22-4557-be06-ea78ed2d70cc"
  }, {
    "EventHandlerArea" : "Data",
    "EventHandlerId" : "Resources_KBThingWorxServerSystem",
    "EventHandlerService" : "GetKPIThingWorxDatabaseThing",
    "EventTriggerArea" : "Mashup",
    "EventTriggerEvent" : "CalculationBaseChanged",
    "EventTriggerId" : "mashup-root",
    "EventTriggerSection" : "",
    "Id" : "d50a6656-afde-484c-a11b-4a889eba7f92"
  }, {
    "EventHandlerArea" : "Data",
    "EventHandlerId" : "Things_KBTimeHelperThing",
    "EventHandlerService" : "GetCurrentYearStart",
    "EventTriggerArea" : "Data",
    "EventTriggerEvent" : "ServiceInvokeCompleted",
    "EventTriggerId" : "GetKPIThingWorxDatabaseThing",
    "EventTriggerSection" : "Resources_KBThingWorxServerSystem",
    "Id" : "dab810b7-48fe-4c80-ab8d-36c4abb4b08b"
  }, {
    "EventHandlerArea" : "Data",
    "EventHandlerId" : "Things_KBTimeHelperThing",
    "EventHandlerService" : "GetLastLastYearStart",
    "EventTriggerArea" : "Data",
    "EventTriggerEvent" : "ServiceInvokeCompleted",
    "EventTriggerId" : "GetCurrentYearStart",
    "EventTriggerSection" : "Things_KBTimeHelperThing",
    "Id" : "09c7a232-c163-4ee9-ae91-e65e272b18c3"
  }, {
    "EventHandlerArea" : "Data",
    "EventHandlerId" : "DynamicThingTemplates_KBKPIGlobalThingWorxDatabaseTemplate",
    "EventHandlerService" : "GetOeeUtilizationRail1",
    "EventTriggerArea" : "Data",
    "EventTriggerEvent" : "ServiceInvokeCompleted",
    "EventTriggerId" : "GetLastLastYearStart",
    "EventTriggerSection" : "Things_KBTimeHelperThing",
    "Id" : "de83db15-cce1-4b52-890f-265ffd2e20a5"
  }, {
    "EventHandlerArea" : "Data",
    "EventHandlerId" : "DynamicThingTemplates_KBKPIGlobalThingWorxDatabaseTemplate",
    "EventHandlerService" : "GetOeeUtilizationRail",
    "EventTriggerArea" : "Data",
    "EventTriggerEvent" : "ServiceInvokeCompleted",
    "EventTriggerId" : "GetKPIThingWorxDatabaseThing",
    "EventTriggerSection" : "Resources_KBThingWorxServerSystem",
    "Id" : "7231f976-4524-4222-b6e4-bf956e180e75"
  } ],
  "RunTimePermissions" : { },
  "UI" : {
    "Properties" : {
      "AddToDashboardButtonStyle" : "DefaultAddToDashboardButtonStyle",
      "Area" : "Mashup",
      "BGImageRepeat" : "no-repeat",
      "BGImageSize" : "auto",
      "CalculationBase" : "",
      "Columns" : 0,
      "ConfigureGadgetButtonStyle" : "DefaultConfigureGadgetButtonStyle",
      "DisplayName" : "Mashup",
      "EnableParameterEditing" : false,
      "Height" : 618,
      "Id" : "mashup-root",
      "IgnoreWarningsInViewMashup" : false,
      "IsPrintLayout" : false,
      "Left" : 0,
      "MachineThingName" : "-nothing-",
      "MashupToEditGadget" : "DefaultMashupToEditGadget",
      "MinHeight" : 0,
      "MinWidth" : 0,
      "ResponsiveLayout" : true,
      "Rows" : 0,
      "ShowDataLoading" : true,
      "Style" : "DefaultMashupStyle",
      "Title" : "",
      "TitleBar" : false,
      "TitleBarStyle" : "DefaultTitleBarStyle",
      "TitleBarText" : "Gadget Title Here",
      "Top" : 0,
      "Type" : "mashup",
      "Visible" : true,
      "Width" : 1024,
      "Z-index" : 10,
      "__TypeDisplayName" : "Mashup",
      "_currentParameterDefs" : [ {
        "BaseType" : "STRING",
        "DefaultValue" : "-nothing-",
        "Description" : "",
        "ParameterName" : "MachineThingName"
      }, {
        "BaseType" : "STRING",
        "DefaultValue" : "",
        "Description" : "",
        "ParameterName" : "CalculationBase"
      }, {
        "BaseType" : "DATETIME",
        "Description" : "",
        "ParameterName" : "StartTime"
      }, {
        "BaseType" : "DATETIME",
        "Description" : "",
        "ParameterName" : "EndTime"
      }, {
        "BaseType" : "STRING",
        "Description" : "",
        "ParameterName" : "KPIType"
      } ],
      "id_index" : 26,
      "supportsAutoResize" : true
    },
    "Widgets" : [ {
      "Properties" : {
        "Area" : "UI",
        "Columns" : 2,
        "DisplayName" : "layout-12",
        "Footer" : false,
        "FooterHeight" : 0,
        "Header" : false,
        "HeaderHeight" : 0,
        "Id" : "layout-12",
        "IncludeSpacingInFixedAreas" : false,
        "IsPrintLayout" : false,
        "Left" : 345,
        "LeftSidebar" : false,
        "LeftSidebarWidth" : 0,
        "Orientation" : "horizontal",
        "PctColumn1" : 30,
        "PctColumn2" : 70,
        "PctColumn3" : 1,
        "PctColumn4" : 1,
        "PctColumn5" : 1,
        "PctColumn6" : 1,
        "PctColumn7" : 1,
        "PctColumn8" : 1,
        "PctRow1" : 50,
        "PctRow2" : 50,
        "PctRow3" : 0,
        "PctRow4" : 0,
        "PctRow5" : 0,
        "PctRow6" : 0,
        "PctRow7" : 0,
        "PctRow8" : 0,
        "PrintMarginLeftRight" : 0.5,
        "PrintMarginTopBottom" : 0.5,
        "PrintWidth" : 650,
        "ResponsiveLayout" : true,
        "RightSidebar" : false,
        "RightSidebarWidth" : 0,
        "Rows" : 0,
        "ShowDataLoading" : true,
        "Spacing" : 4,
        "Top" : 145,
        "Type" : "layout",
        "Visible" : true,
        "Z-index" : 10,
        "__TypeDisplayName" : "Layout"
      },
      "Widgets" : [ {
        "Properties" : {
          "AnimateExpandCollapse" : true,
          "Area" : "UI",
          "BGImageRepeat" : "no-repeat",
          "BGImageSize" : "auto",
          "DisplayName" : "Column 1",
          "ExpandCollapseTabLocation" : "outside",
          "Expanded" : true,
          "Id" : "container-13",
          "MinHeight" : 0,
          "MinWidth" : 0,
          "Overlay" : false,
          "OverlayIsTransparent" : false,
          "ResponsiveLayout" : true,
          "ShowDataLoading" : true,
          "ShowExpandCollapseTab" : false,
          "Style" : "DefaultContainerStyle",
          "TabCollapseStyle" : "DefaultTabCollapseStyle",
          "TabExpandStyle" : "DefaultTabExpandStyle",
          "TabHeight" : 36,
          "TabLocation" : "center",
          "TabOffset" : 0,
          "TabWidth" : 36,
          "Type" : "container",
          "Visible" : true,
          "Z-index" : 10,
          "__TypeDisplayName" : "Container"
        },
        "Widgets" : [ {
          "Properties" : {
            "AllowSelection" : true,
            "AllowYAxisZoom" : true,
            "Area" : "UI",
            "AxisAutoscale1" : true,
            "AxisAutoscale10" : true,
            "AxisAutoscale11" : true,
            "AxisAutoscale12" : true,
            "AxisAutoscale13" : true,
            "AxisAutoscale14" : true,
            "AxisAutoscale15" : true,
            "AxisAutoscale16" : true,
            "AxisAutoscale17" : true,
            "AxisAutoscale18" : true,
            "AxisAutoscale19" : true,
            "AxisAutoscale2" : true,
            "AxisAutoscale20" : true,
            "AxisAutoscale21" : true,
            "AxisAutoscale22" : true,
            "AxisAutoscale23" : true,
            "AxisAutoscale24" : true,
            "AxisAutoscale3" : true,
            "AxisAutoscale4" : true,
            "AxisAutoscale5" : true,
            "AxisAutoscale6" : true,
            "AxisAutoscale7" : true,
            "AxisAutoscale8" : true,
            "AxisAutoscale9" : true,
            "AxisFormat1" : "0000.0",
            "AxisFormat10" : "0000.0",
            "AxisFormat11" : "0000.0",
            "AxisFormat12" : "0000.0",
            "AxisFormat13" : "0000.0",
            "AxisFormat14" : "0000.0",
            "AxisFormat15" : "0000.0",
            "AxisFormat16" : "0000.0",
            "AxisFormat17" : "0000.0",
            "AxisFormat18" : "0000.0",
            "AxisFormat19" : "0000.0",
            "AxisFormat2" : "0000.0",
            "AxisFormat20" : "0000.0",
            "AxisFormat21" : "0000.0",
            "AxisFormat22" : "0000.0",
            "AxisFormat23" : "0000.0",
            "AxisFormat24" : "0000.0",
            "AxisFormat3" : "0000.0",
            "AxisFormat4" : "0000.0",
            "AxisFormat5" : "0000.0",
            "AxisFormat6" : "0000.0",
            "AxisFormat7" : "0000.0",
            "AxisFormat8" : "0000.0",
            "AxisFormat9" : "0000.0",
            "AxisMaximum1" : 100,
            "AxisMaximum10" : 100,
            "AxisMaximum11" : 100,
            "AxisMaximum12" : 100,
            "AxisMaximum13" : 100,
            "AxisMaximum14" : 100,
            "AxisMaximum15" : 100,
            "AxisMaximum16" : 100,
            "AxisMaximum17" : 100,
            "AxisMaximum18" : 100,
            "AxisMaximum19" : 100,
            "AxisMaximum2" : 100,
            "AxisMaximum20" : 100,
            "AxisMaximum21" : 100,
            "AxisMaximum22" : 100,
            "AxisMaximum23" : 100,
            "AxisMaximum24" : 100,
            "AxisMaximum3" : 100,
            "AxisMaximum4" : 100,
            "AxisMaximum5" : 100,
            "AxisMaximum6" : 100,
            "AxisMaximum7" : 100,
            "AxisMaximum8" : 100,
            "AxisMaximum9" : 100,
            "AxisMinimum1" : 0,
            "AxisMinimum10" : 0,
            "AxisMinimum11" : 0,
            "AxisMinimum12" : 0,
            "AxisMinimum13" : 0,
            "AxisMinimum14" : 0,
            "AxisMinimum15" : 0,
            "AxisMinimum16" : 0,
            "AxisMinimum17" : 0,
            "AxisMinimum18" : 0,
            "AxisMinimum19" : 0,
            "AxisMinimum2" : 0,
            "AxisMinimum20" : 0,
            "AxisMinimum21" : 0,
            "AxisMinimum22" : 0,
            "AxisMinimum23" : 0,
            "AxisMinimum24" : 0,
            "AxisMinimum3" : 0,
            "AxisMinimum4" : 0,
            "AxisMinimum5" : 0,
            "AxisMinimum6" : 0,
            "AxisMinimum7" : 0,
            "AxisMinimum8" : 0,
            "AxisMinimum9" : 0,
            "AxisZeroscale1" : false,
            "AxisZeroscale10" : false,
            "AxisZeroscale11" : false,
            "AxisZeroscale12" : false,
            "AxisZeroscale13" : false,
            "AxisZeroscale14" : false,
            "AxisZeroscale15" : false,
            "AxisZeroscale16" : false,
            "AxisZeroscale17" : false,
            "AxisZeroscale18" : false,
            "AxisZeroscale19" : false,
            "AxisZeroscale2" : false,
            "AxisZeroscale20" : false,
            "AxisZeroscale21" : false,
            "AxisZeroscale22" : false,
            "AxisZeroscale23" : false,
            "AxisZeroscale24" : false,
            "AxisZeroscale3" : false,
            "AxisZeroscale4" : false,
            "AxisZeroscale5" : false,
            "AxisZeroscale6" : false,
            "AxisZeroscale7" : false,
            "AxisZeroscale8" : false,
            "AxisZeroscale9" : false,
            "ChartAreaStyle" : "DefaultChartAreaStyle",
            "ChartIndicatorStyle" : "DefaultChartIndicatorStyle",
            "ChartLegendStyle" : "DefaultChartLegendStyle",
            "ChartOrientation" : "vertical",
            "ChartStyle" : "DefaultChartStyle",
            "ChartTitle" : "OEE/Utilization (yearly)",
            "ChartTitleStyle" : "DefaultChartTitleStyle",
            "ChartType" : "bar",
            "DataField1" : "oee",
            "DataField2" : "utilization",
            "DataLabel1" : "OEE",
            "DataLabel2" : "Utilization",
            "DisplayName" : "labelchart-26",
            "EnableHover" : true,
            "GridStyle" : "DefaultChartGridStyle",
            "Height" : 240,
            "Id" : "labelchart-26",
            "Left" : 25,
            "LegendLocation" : "right",
            "LegendOrientation" : "vertical",
            "LegendWidth" : 0,
            "MarkerSize" : 3,
            "MarkerType" : "circle",
            "NumberOfSeries" : 2,
            "ResponsiveLayout" : true,
            "SecondaryYAxisAutoscale" : true,
            "SecondaryYAxisFormat" : "0000.0",
            "SecondaryYAxisMaximum" : 100,
            "SecondaryYAxisMinimum" : 0,
            "SecondaryYAxisTitle" : "",
            "SecondaryYAxisZeroscale" : false,
            "SelectedItemStyle" : "DefaultChartSelectionStyle",
            "SeriesDataStyle10_StateParameters" : [ ],
            "SeriesDataStyle11_StateParameters" : [ ],
            "SeriesDataStyle12_StateParameters" : [ ],
            "SeriesDataStyle13_StateParameters" : [ ],
            "SeriesDataStyle14_StateParameters" : [ ],
            "SeriesDataStyle15_StateParameters" : [ ],
            "SeriesDataStyle16_StateParameters" : [ ],
            "SeriesDataStyle17_StateParameters" : [ ],
            "SeriesDataStyle18_StateParameters" : [ ],
            "SeriesDataStyle19_StateParameters" : [ ],
            "SeriesDataStyle1_StateParameters" : [ ],
            "SeriesDataStyle20_StateParameters" : [ ],
            "SeriesDataStyle21_StateParameters" : [ ],
            "SeriesDataStyle22_StateParameters" : [ ],
            "SeriesDataStyle23_StateParameters" : [ ],
            "SeriesDataStyle24_StateParameters" : [ ],
            "SeriesDataStyle2_StateParameters" : [ ],
            "SeriesDataStyle3_StateParameters" : [ ],
            "SeriesDataStyle4_StateParameters" : [ ],
            "SeriesDataStyle5_StateParameters" : [ ],
            "SeriesDataStyle6_StateParameters" : [ ],
            "SeriesDataStyle7_StateParameters" : [ ],
            "SeriesDataStyle8_StateParameters" : [ ],
            "SeriesDataStyle9_StateParameters" : [ ],
            "SeriesMarkerType1" : "chart",
            "SeriesMarkerType10" : "chart",
            "SeriesMarkerType11" : "chart",
            "SeriesMarkerType12" : "chart",
            "SeriesMarkerType13" : "chart",
            "SeriesMarkerType14" : "chart",
            "SeriesMarkerType15" : "chart",
            "SeriesMarkerType16" : "chart",
            "SeriesMarkerType17" : "chart",
            "SeriesMarkerType18" : "chart",
            "SeriesMarkerType19" : "chart",
            "SeriesMarkerType2" : "chart",
            "SeriesMarkerType20" : "chart",
            "SeriesMarkerType21" : "chart",
            "SeriesMarkerType22" : "chart",
            "SeriesMarkerType23" : "chart",
            "SeriesMarkerType24" : "chart",
            "SeriesMarkerType3" : "chart",
            "SeriesMarkerType4" : "chart",
            "SeriesMarkerType5" : "chart",
            "SeriesMarkerType6" : "chart",
            "SeriesMarkerType7" : "chart",
            "SeriesMarkerType8" : "chart",
            "SeriesMarkerType9" : "chart",
            "SeriesStyle1" : "DefaultChartStyle1",
            "SeriesStyle10" : "DefaultChartStyle10",
            "SeriesStyle11" : "DefaultChartStyle11",
            "SeriesStyle12" : "DefaultChartStyle12",
            "SeriesStyle13" : "DefaultChartStyle13",
            "SeriesStyle14" : "DefaultChartStyle14",
            "SeriesStyle15" : "DefaultChartStyle15",
            "SeriesStyle16" : "DefaultChartStyle16",
            "SeriesStyle17" : "DefaultChartStyle17",
            "SeriesStyle18" : "DefaultChartStyle18",
            "SeriesStyle19" : "DefaultChartStyle19",
            "SeriesStyle2" : "DefaultChartStyle2",
            "SeriesStyle20" : "DefaultChartStyle20",
            "SeriesStyle21" : "DefaultChartStyle21",
            "SeriesStyle22" : "DefaultChartStyle22",
            "SeriesStyle23" : "DefaultChartStyle23",
            "SeriesStyle24" : "DefaultChartStyle24",
            "SeriesStyle3" : "DefaultChartStyle3",
            "SeriesStyle4" : "DefaultChartStyle4",
            "SeriesStyle5" : "DefaultChartStyle5",
            "SeriesStyle6" : "DefaultChartStyle6",
            "SeriesStyle7" : "DefaultChartStyle7",
            "SeriesStyle8" : "DefaultChartStyle8",
            "SeriesStyle9" : "DefaultChartStyle9",
            "SeriesType1" : "chart",
            "SeriesType10" : "chart",
            "SeriesType11" : "chart",
            "SeriesType12" : "chart",
            "SeriesType13" : "chart",
            "SeriesType14" : "chart",
            "SeriesType15" : "chart",
            "SeriesType16" : "chart",
            "SeriesType17" : "chart",
            "SeriesType18" : "chart",
            "SeriesType19" : "chart",
            "SeriesType2" : "chart",
            "SeriesType20" : "chart",
            "SeriesType21" : "chart",
            "SeriesType22" : "chart",
            "SeriesType23" : "chart",
            "SeriesType24" : "chart",
            "SeriesType3" : "chart",
            "SeriesType4" : "chart",
            "SeriesType5" : "chart",
            "SeriesType6" : "chart",
            "SeriesType7" : "chart",
            "SeriesType8" : "chart",
            "SeriesType9" : "chart",
            "ShowDataLoading" : true,
            "ShowLegend" : true,
            "ShowXAxis" : true,
            "ShowXAxisGrid" : true,
            "ShowXAxisLabels" : true,
            "ShowXAxisTicks" : true,
            "ShowYAxis" : true,
            "ShowYAxisGrid" : true,
            "ShowYAxisLabels" : true,
            "ShowYAxisSmartLabels" : false,
            "ShowYAxisTicks" : true,
            "SingleDataSource" : true,
            "Smoothing" : false,
            "StackSeries" : false,
            "Top" : 30,
            "Type" : "labelchart",
            "UseSecondaryAxis1" : false,
            "UseSecondaryAxis10" : false,
            "UseSecondaryAxis11" : false,
            "UseSecondaryAxis12" : false,
            "UseSecondaryAxis13" : false,
            "UseSecondaryAxis14" : false,
            "UseSecondaryAxis15" : false,
            "UseSecondaryAxis16" : false,
            "UseSecondaryAxis17" : false,
            "UseSecondaryAxis18" : false,
            "UseSecondaryAxis19" : false,
            "UseSecondaryAxis2" : false,
            "UseSecondaryAxis20" : false,
            "UseSecondaryAxis21" : false,
            "UseSecondaryAxis22" : false,
            "UseSecondaryAxis23" : false,
            "UseSecondaryAxis24" : false,
            "UseSecondaryAxis3" : false,
            "UseSecondaryAxis4" : false,
            "UseSecondaryAxis5" : false,
            "UseSecondaryAxis6" : false,
            "UseSecondaryAxis7" : false,
            "UseSecondaryAxis8" : false,
            "UseSecondaryAxis9" : false,
            "Visible" : true,
            "Width" : 640,
            "XAxisField" : "KPIDateTime",
            "XAxisFormat" : "YYYY",
            "XAxisLabelRotation" : 0,
            "XAxisLabelType" : "DATETIME",
            "XAxisStyle" : "DefaultChartAxisStyle",
            "XAxisTitle" : "",
            "YAxisAutoscale" : true,
            "YAxisFormat" : "0000.0",
            "YAxisIntervals" : 10,
            "YAxisLabels" : 2,
            "YAxisMaximum" : 100,
            "YAxisMinimum" : 0,
            "YAxisMinorTicks" : 1,
            "YAxisMode" : "single",
            "YAxisStyle" : "DefaultChartAxisStyle",
            "YAxisTitle" : "",
            "YAxisZeroscale" : false,
            "Z-index" : 10,
            "__TypeDisplayName" : "Label Chart"
          },
          "Widgets" : [ ]
        } ]
      }, {
        "Properties" : {
          "AnimateExpandCollapse" : true,
          "Area" : "UI",
          "BGImageRepeat" : "no-repeat",
          "BGImageSize" : "auto",
          "DisplayName" : "Column 2",
          "ExpandCollapseTabLocation" : "outside",
          "Expanded" : true,
          "Id" : "container-14",
          "MinHeight" : 0,
          "MinWidth" : 0,
          "Overlay" : false,
          "OverlayIsTransparent" : false,
          "ResponsiveLayout" : true,
          "ShowDataLoading" : true,
          "ShowExpandCollapseTab" : false,
          "Style" : "DefaultContainerStyle",
          "TabCollapseStyle" : "DefaultTabCollapseStyle",
          "TabExpandStyle" : "DefaultTabExpandStyle",
          "TabHeight" : 36,
          "TabLocation" : "center",
          "TabOffset" : 0,
          "TabWidth" : 36,
          "Type" : "container",
          "Visible" : true,
          "Z-index" : 10,
          "__TypeDisplayName" : "Container"
        },
        "Widgets" : [ {
          "Properties" : {
            "AllowSelection" : true,
            "AllowXAxisZoom" : true,
            "AllowYAxisZoom" : true,
            "Area" : "UI",
            "AxisAutoscale1" : true,
            "AxisAutoscale10" : true,
            "AxisAutoscale11" : true,
            "AxisAutoscale12" : true,
            "AxisAutoscale13" : true,
            "AxisAutoscale14" : true,
            "AxisAutoscale15" : true,
            "AxisAutoscale16" : true,
            "AxisAutoscale2" : true,
            "AxisAutoscale3" : true,
            "AxisAutoscale4" : true,
            "AxisAutoscale5" : true,
            "AxisAutoscale6" : true,
            "AxisAutoscale7" : true,
            "AxisAutoscale8" : true,
            "AxisAutoscale9" : true,
            "AxisFormat1" : "0000.0",
            "AxisFormat10" : "0000.0",
            "AxisFormat11" : "0000.0",
            "AxisFormat12" : "0000.0",
            "AxisFormat13" : "0000.0",
            "AxisFormat14" : "0000.0",
            "AxisFormat15" : "0000.0",
            "AxisFormat16" : "0000.0",
            "AxisFormat2" : "0000.0",
            "AxisFormat3" : "0000.0",
            "AxisFormat4" : "0000.0",
            "AxisFormat5" : "0000.0",
            "AxisFormat6" : "0000.0",
            "AxisFormat7" : "0000.0",
            "AxisFormat8" : "0000.0",
            "AxisFormat9" : "0000.0",
            "AxisMaximum1" : 100,
            "AxisMaximum10" : 100,
            "AxisMaximum11" : 100,
            "AxisMaximum12" : 100,
            "AxisMaximum13" : 100,
            "AxisMaximum14" : 100,
            "AxisMaximum15" : 100,
            "AxisMaximum16" : 100,
            "AxisMaximum2" : 100,
            "AxisMaximum3" : 100,
            "AxisMaximum4" : 100,
            "AxisMaximum5" : 100,
            "AxisMaximum6" : 100,
            "AxisMaximum7" : 100,
            "AxisMaximum8" : 100,
            "AxisMaximum9" : 100,
            "AxisMinimum1" : 0,
            "AxisMinimum10" : 0,
            "AxisMinimum11" : 0,
            "AxisMinimum12" : 0,
            "AxisMinimum13" : 0,
            "AxisMinimum14" : 0,
            "AxisMinimum15" : 0,
            "AxisMinimum16" : 0,
            "AxisMinimum2" : 0,
            "AxisMinimum3" : 0,
            "AxisMinimum4" : 0,
            "AxisMinimum5" : 0,
            "AxisMinimum6" : 0,
            "AxisMinimum7" : 0,
            "AxisMinimum8" : 0,
            "AxisMinimum9" : 0,
            "AxisZeroscale1" : false,
            "AxisZeroscale10" : false,
            "AxisZeroscale11" : false,
            "AxisZeroscale12" : false,
            "AxisZeroscale13" : false,
            "AxisZeroscale14" : false,
            "AxisZeroscale15" : false,
            "AxisZeroscale16" : false,
            "AxisZeroscale2" : false,
            "AxisZeroscale3" : false,
            "AxisZeroscale4" : false,
            "AxisZeroscale5" : false,
            "AxisZeroscale6" : false,
            "AxisZeroscale7" : false,
            "AxisZeroscale8" : false,
            "AxisZeroscale9" : false,
            "ChartAreaStyle" : "DefaultChartAreaStyle",
            "ChartIndicatorStyle" : "DefaultChartIndicatorStyle",
            "ChartLegendStyle" : "DefaultChartLegendStyle",
            "ChartOrientation" : "vertical",
            "ChartStyle" : "DefaultChartStyle",
            "ChartTitle" : "OEE/Utilization",
            "ChartTitleStyle" : "DefaultChartTitleStyle",
            "ChartType" : "linemarker",
            "DataField1" : "oee",
            "DataField2" : "utilization",
            "DataLabel1" : "OEE",
            "DataLabel2" : "Utilization",
            "DisplayName" : "timeserieschart-25",
            "EnableHover" : true,
            "GridStyle" : "DefaultChartGridStyle",
            "Height" : 240,
            "Id" : "timeserieschart-25",
            "Left" : 95,
            "LegendLocation" : "right",
            "LegendOrientation" : "vertical",
            "LegendWidth" : 0,
            "MarkerSize" : 3,
            "MarkerType" : "circle",
            "NumberOfSeries" : 2,
            "ResponsiveLayout" : true,
            "SecondaryYAxisAutoscale" : true,
            "SecondaryYAxisFormat" : "0000.0",
            "SecondaryYAxisMaximum" : 100,
            "SecondaryYAxisMinimum" : 0,
            "SecondaryYAxisZeroscale" : false,
            "SelectedItemStyle" : "DefaultChartSelectionStyle",
            "SeriesDataStyle10_StateParameters" : [ ],
            "SeriesDataStyle11_StateParameters" : [ ],
            "SeriesDataStyle12_StateParameters" : [ ],
            "SeriesDataStyle13_StateParameters" : [ ],
            "SeriesDataStyle14_StateParameters" : [ ],
            "SeriesDataStyle15_StateParameters" : [ ],
            "SeriesDataStyle16_StateParameters" : [ ],
            "SeriesDataStyle1_StateParameters" : [ ],
            "SeriesDataStyle2_StateParameters" : [ ],
            "SeriesDataStyle3_StateParameters" : [ ],
            "SeriesDataStyle4_StateParameters" : [ ],
            "SeriesDataStyle5_StateParameters" : [ ],
            "SeriesDataStyle6_StateParameters" : [ ],
            "SeriesDataStyle7_StateParameters" : [ ],
            "SeriesDataStyle8_StateParameters" : [ ],
            "SeriesDataStyle9_StateParameters" : [ ],
            "SeriesMarkerType1" : "chart",
            "SeriesMarkerType10" : "chart",
            "SeriesMarkerType11" : "chart",
            "SeriesMarkerType12" : "chart",
            "SeriesMarkerType13" : "chart",
            "SeriesMarkerType14" : "chart",
            "SeriesMarkerType15" : "chart",
            "SeriesMarkerType16" : "chart",
            "SeriesMarkerType2" : "chart",
            "SeriesMarkerType3" : "chart",
            "SeriesMarkerType4" : "chart",
            "SeriesMarkerType5" : "chart",
            "SeriesMarkerType6" : "chart",
            "SeriesMarkerType7" : "chart",
            "SeriesMarkerType8" : "chart",
            "SeriesMarkerType9" : "chart",
            "SeriesStyle1" : "DefaultChartStyle1",
            "SeriesStyle10" : "DefaultChartStyle10",
            "SeriesStyle11" : "DefaultChartStyle11",
            "SeriesStyle12" : "DefaultChartStyle12",
            "SeriesStyle13" : "DefaultChartStyle13",
            "SeriesStyle14" : "DefaultChartStyle14",
            "SeriesStyle15" : "DefaultChartStyle15",
            "SeriesStyle16" : "DefaultChartStyle16",
            "SeriesStyle2" : "DefaultChartStyle2",
            "SeriesStyle3" : "DefaultChartStyle3",
            "SeriesStyle4" : "DefaultChartStyle4",
            "SeriesStyle5" : "DefaultChartStyle5",
            "SeriesStyle6" : "DefaultChartStyle6",
            "SeriesStyle7" : "DefaultChartStyle7",
            "SeriesStyle8" : "DefaultChartStyle8",
            "SeriesStyle9" : "DefaultChartStyle9",
            "SeriesType1" : "chart",
            "SeriesType10" : "chart",
            "SeriesType11" : "chart",
            "SeriesType12" : "chart",
            "SeriesType13" : "chart",
            "SeriesType14" : "chart",
            "SeriesType15" : "chart",
            "SeriesType16" : "chart",
            "SeriesType2" : "chart",
            "SeriesType3" : "chart",
            "SeriesType4" : "chart",
            "SeriesType5" : "chart",
            "SeriesType6" : "chart",
            "SeriesType7" : "chart",
            "SeriesType8" : "chart",
            "SeriesType9" : "chart",
            "ShowDataLoading" : true,
            "ShowLegend" : true,
            "ShowXAxis" : true,
            "ShowXAxisGrid" : true,
            "ShowXAxisLabels" : true,
            "ShowXAxisTicks" : true,
            "ShowYAxis" : true,
            "ShowYAxisGrid" : true,
            "ShowYAxisLabels" : true,
            "ShowYAxisTicks" : true,
            "SingleDataSource" : true,
            "Smoothing" : false,
            "Top" : 90,
            "Type" : "timeserieschart",
            "UseSecondaryAxis1" : false,
            "UseSecondaryAxis10" : false,
            "UseSecondaryAxis11" : false,
            "UseSecondaryAxis12" : false,
            "UseSecondaryAxis13" : false,
            "UseSecondaryAxis14" : false,
            "UseSecondaryAxis15" : false,
            "UseSecondaryAxis16" : false,
            "UseSecondaryAxis2" : false,
            "UseSecondaryAxis3" : false,
            "UseSecondaryAxis4" : false,
            "UseSecondaryAxis5" : false,
            "UseSecondaryAxis6" : false,
            "UseSecondaryAxis7" : false,
            "UseSecondaryAxis8" : false,
            "UseSecondaryAxis9" : false,
            "Visible" : true,
            "Width" : 640,
            "XAxisAutoscale" : true,
            "XAxisField" : "KPIDateTime",
            "XAxisFormat" : "MM/DD/YY HH:mm",
            "XAxisIntervals" : 12,
            "XAxisLabels" : 6,
            "XAxisMaximum" : "2019-01-28T23:00:00.000Z",
            "XAxisMinimum" : "2019-01-28T23:00:00.000Z",
            "XAxisMinorTicks" : 0,
            "XAxisSmoothScaling" : true,
            "XAxisStyle" : "DefaultChartAxisStyle",
            "XAxisZeroscale" : false,
            "YAxisAutoscale" : true,
            "YAxisFormat" : "0000.0",
            "YAxisIntervals" : 10,
            "YAxisLabels" : 2,
            "YAxisMaximum" : 100,
            "YAxisMinimum" : 0,
            "YAxisMinorTicks" : 1,
            "YAxisMode" : "single",
            "YAxisStyle" : "DefaultChartAxisStyle",
            "YAxisZeroscale" : false,
            "Z-index" : 10,
            "__TypeDisplayName" : "Time Series Chart"
          },
          "Widgets" : [ ]
        } ]
      } ]
    } ]
  },
  "mashupType" : "mashup"
}]]></mashupContent>
			<ConfigurationChanges>
				<ConfigurationChange changeAction="CREATE"
					changeReason="header : name : updated&#10;"
					timestamp="2019-02-01T07:53:05.671+01:00" user="adm-flassakm" />
				<ConfigurationChange changeAction="MODIFY"
					changeReason="" timestamp="2019-02-01T07:54:54.624+01:00"
					user="adm-flassakm" />
				<ConfigurationChange changeAction="MODIFY"
					changeReason="" timestamp="2019-02-01T07:55:19.546+01:00"
					user="adm-flassakm" />
				<ConfigurationChange changeAction="MODIFY"
					changeReason="" timestamp="2019-02-01T07:57:01.406+01:00"
					user="adm-flassakm" />
			</ConfigurationChanges>
		</Mashup>
	</Mashups>
</Entities>