<?xml version="1.0" encoding="UTF-8"?>
<Entities
 build="b706"
 majorVersion="9"
 minorVersion="0"
 modelPersistenceProviderPackage="MssqlPersistenceProviderPackage"
 revision="12"
 schemaVersion="1109"
 universal="password">
    <Mashups>
        <Mashup
         aspect.isExtension="true"
         aspect.isFlex="true"
         aspect.isResponsive="true"
         aspect.mashupType="mashup"
         columns="0.0"
         description=""
         documentationContent=""
         homeMashup=""
         lastModifiedDate="2022-02-08T08:39:33.076Z"
         name="KBMultiMachineLossComparisonParetoMashup"
         projectName=""
         rows="0.0"
         tags="">
            <avatar></avatar>
            <DesignTimePermissions>
                <Create></Create>
                <Read></Read>
                <Update></Update>
                <Delete></Delete>
                <Metadata></Metadata>
            </DesignTimePermissions>
            <RunTimePermissions>
                <Permissions
                 resourceName="*">
                    <PropertyRead>
                        <Principal
                         isPermitted="true"
                         name="KBUserGroup"
                         type="Group"></Principal>
                    </PropertyRead>
                    <PropertyWrite></PropertyWrite>
                    <ServiceInvoke>
                        <Principal
                         isPermitted="true"
                         name="KBUserGroup"
                         type="Group"></Principal>
                    </ServiceInvoke>
                    <EventInvoke></EventInvoke>
                    <EventSubscribe></EventSubscribe>
                </Permissions>
            </RunTimePermissions>
            <VisibilityPermissions>
                <Visibility>
                    <Principal
                     isPermitted="true"
                     name="KBOrganization"
                     type="Organization"></Principal>
                </Visibility>
            </VisibilityPermissions>
            <ConfigurationTableDefinitions></ConfigurationTableDefinitions>
            <ConfigurationTables>
                <ConfigurationTable
                 dataShapeName=""
                 description="Mashup Mobile Settings"
                 isHidden="true"
                 isMultiRow="false"
                 name="MobileSettings"
                 ordinal="0">
                    <DataShape>
                        <FieldDefinitions>
                            <FieldDefinition
                             aspect.defaultValue="false"
                             baseType="BOOLEAN"
                             description=""
                             name="disableZoom"
                             ordinal="0"></FieldDefinition>
                            <FieldDefinition
                             aspect.defaultValue="true"
                             baseType="BOOLEAN"
                             description=""
                             name="fullScreenMode"
                             ordinal="0"></FieldDefinition>
                            <FieldDefinition
                             baseType="STRING"
                             description=""
                             name="height"
                             ordinal="0"></FieldDefinition>
                            <FieldDefinition
                             aspect.defaultValue="device-height"
                             baseType="STRING"
                             description=""
                             name="heightType"
                             ordinal="0"></FieldDefinition>
                            <FieldDefinition
                             aspect.defaultValue="1.0"
                             baseType="NUMBER"
                             description=""
                             name="initialScale"
                             ordinal="0"></FieldDefinition>
                            <FieldDefinition
                             baseType="STRING"
                             description=""
                             name="iosShortcutIconTitle"
                             ordinal="0"></FieldDefinition>
                            <FieldDefinition
                             aspect.defaultValue="black-translucent"
                             baseType="STRING"
                             description=""
                             name="iosStatusBarAppearance"
                             ordinal="0"></FieldDefinition>
                            <FieldDefinition
                             aspect.defaultValue="10.0"
                             baseType="NUMBER"
                             description=""
                             name="maximumScale"
                             ordinal="0"></FieldDefinition>
                            <FieldDefinition
                             aspect.defaultValue="0.1"
                             baseType="NUMBER"
                             description=""
                             name="minimumScale"
                             ordinal="0"></FieldDefinition>
                            <FieldDefinition
                             baseType="STRING"
                             description=""
                             name="width"
                             ordinal="0"></FieldDefinition>
                            <FieldDefinition
                             aspect.defaultValue="device-width"
                             baseType="STRING"
                             description=""
                             name="widthType"
                             ordinal="0"></FieldDefinition>
                        </FieldDefinitions>
                    </DataShape>
                    <Rows>
                        <Row>
                            <disableZoom>false</disableZoom>
                            <fullScreenMode>true</fullScreenMode>
                            <height>
                            <![CDATA[
                            device-height
                            ]]>
                            </height>
                            <heightType>
                            <![CDATA[
                            device-height
                            ]]>
                            </heightType>
                            <initialScale>1.0</initialScale>
                            <iosShortcutIconTitle></iosShortcutIconTitle>
                            <iosStatusBarAppearance>
                            <![CDATA[
                            black-translucent
                            ]]>
                            </iosStatusBarAppearance>
                            <maximumScale>10.0</maximumScale>
                            <minimumScale>0.1</minimumScale>
                            <width>
                            <![CDATA[
                            device-width
                            ]]>
                            </width>
                            <widthType>
                            <![CDATA[
                            device-width
                            ]]>
                            </widthType>
                        </Row>
                    </Rows>
                </ConfigurationTable>
            </ConfigurationTables>
            <ParameterDefinitions>
                <FieldDefinition
                 aspect.bindingDirection="IN"
                 aspect.isMandatory="false"
                 baseType="DATETIME"
                 description=""
                 name="EndTime"
                 ordinal="0"></FieldDefinition>
                <FieldDefinition
                 aspect.bindingDirection="IN"
                 aspect.isMandatory="false"
                 baseType="BOOLEAN"
                 description=""
                 name="HideProductiveState"
                 ordinal="0"></FieldDefinition>
                <FieldDefinition
                 aspect.bindingDirection="IN"
                 aspect.isMandatory="false"
                 baseType="BOOLEAN"
                 description=""
                 name="isLevel2True"
                 ordinal="0"></FieldDefinition>
                <FieldDefinition
                 aspect.bindingDirection="IN"
                 aspect.isMandatory="false"
                 baseType="STRING"
                 description=""
                 name="Language"
                 ordinal="0"></FieldDefinition>
                <FieldDefinition
                 aspect.bindingDirection="BOTH"
                 aspect.isMandatory="false"
                 baseType="STRING"
                 description=""
                 name="Machine1"
                 ordinal="0"></FieldDefinition>
                <FieldDefinition
                 aspect.bindingDirection="IN"
                 aspect.isMandatory="false"
                 baseType="STRING"
                 description=""
                 name="SelectedTabValue"
                 ordinal="0"></FieldDefinition>
                <FieldDefinition
                 aspect.bindingDirection="IN"
                 aspect.isMandatory="false"
                 baseType="DATETIME"
                 description=""
                 name="StartTime"
                 ordinal="0"></FieldDefinition>
                <FieldDefinition
                 aspect.bindingDirection="BOTH"
                 aspect.isMandatory="false"
                 baseType="STRING"
                 description=""
                 name="Station"
                 ordinal="0"></FieldDefinition>
            </ParameterDefinitions>
            <Things></Things>
            <ThingShapes></ThingShapes>
            <ThingTemplates></ThingTemplates>
            <mashupContent>
            <![CDATA[
            {
              "CustomMashupCss" : "",
              "Data" : {
                "Session" : {
                  "DataName" : "Session",
                  "EntityName" : "",
                  "EntityType" : "Session",
                  "Id" : "session",
                  "Services" : [ {
                    "APIMethod" : "post",
                    "Characteristic" : "Services",
                    "Id" : "SessionInterface",
                    "Name" : "GetGlobalSessionValues",
                    "Parameters" : { },
                    "RefreshInterval" : 0,
                    "Target" : "GetGlobalSessionValues"
                  } ]
                },
                "Things_KBKPILocalThingWorxDatabaseThing" : {
                  "DataName" : "Things_KBKPILocalThingWorxDatabaseThing",
                  "EntityName" : "KBKPILocalThingWorxDatabaseThing",
                  "EntityType" : "Things",
                  "Id" : "7fbf36f0-6fa2-44b7-9214-e66ad8295932",
                  "RefreshInterval" : 0,
                  "Services" : [ {
                    "APIMethod" : "post",
                    "Characteristic" : "Services",
                    "Id" : "c1c90ff2-b1a7-44a2-955e-017f8b09c596",
                    "Name" : "GetTimeLossesLevel0",
                    "Parameters" : { },
                    "RefreshInterval" : 0,
                    "Target" : "GetTimeLossesLevel0"
                  }, {
                    "APIMethod" : "post",
                    "Characteristic" : "Services",
                    "Id" : "6cb4ddb6-bc76-469e-8ab3-50cbeaf86fb5",
                    "Name" : "GetTimeLossesWithType",
                    "Parameters" : {
                      "StatusType" : "Actual"
                    },
                    "RefreshInterval" : 0,
                    "Target" : "GetTimeLossesWithType"
                  } ]
                },
                "UserExtensions" : {
                  "DataName" : "UserExtensions",
                  "EntityName" : "",
                  "EntityType" : "UserExtensions",
                  "Id" : "UserExtensions",
                  "Services" : [ {
                    "APIMethod" : "post",
                    "Characteristic" : "Services",
                    "Id" : "UserExtensionInterface",
                    "Name" : "GetCurrentUserExtensionProperties",
                    "Parameters" : { },
                    "RefreshInterval" : 0,
                    "Target" : "GetCurrentUserExtensionProperties"
                  } ]
                }
              },
              "DataBindings" : [ {
                "Id" : "603cf970-a482-4942-aa0e-8eeb938f969f",
                "PropertyMaps" : [ {
                  "SourceProperty" : "",
                  "SourcePropertyBaseType" : "INFOTABLE",
                  "SourcePropertyType" : "InfoTable",
                  "TargetProperty" : "TimeLossesInfoTable",
                  "TargetPropertyBaseType" : "INFOTABLE",
                  "TargetPropertyType" : "Parameter"
                } ],
                "SourceArea" : "Data",
                "SourceDetails" : "AllData",
                "SourceId" : "GetTimeLossesWithType",
                "SourceSection" : "Things_KBKPILocalThingWorxDatabaseThing",
                "TargetArea" : "Data",
                "TargetId" : "GetTimeLossesLevel0",
                "TargetSection" : "Things_KBKPILocalThingWorxDatabaseThing"
              }, {
                "Id" : "dbfde483-c291-4621-a0a1-d7fbfbf42cdf",
                "PropertyMaps" : [ {
                  "SourceProperty" : "Station",
                  "SourcePropertyBaseType" : "STRING",
                  "SourcePropertyType" : "property",
                  "TargetProperty" : "Station",
                  "TargetPropertyBaseType" : "STRING",
                  "TargetPropertyType" : "Parameter"
                } ],
                "SourceArea" : "Mashup",
                "SourceId" : "mashup-root",
                "SourceSection" : "",
                "TargetArea" : "Data",
                "TargetId" : "GetTimeLossesWithType",
                "TargetSection" : "Things_KBKPILocalThingWorxDatabaseThing"
              }, {
                "Id" : "f5eae62c-6250-4141-9097-e9f4afa00d40",
                "PropertyMaps" : [ {
                  "SourceProperty" : "HideProductiveState",
                  "SourcePropertyBaseType" : "BOOLEAN",
                  "SourcePropertyType" : "property",
                  "TargetProperty" : "hideProductiveState",
                  "TargetPropertyBaseType" : "BOOLEAN",
                  "TargetPropertyType" : "Parameter"
                } ],
                "SourceArea" : "Mashup",
                "SourceId" : "mashup-root",
                "SourceSection" : "",
                "TargetArea" : "Data",
                "TargetId" : "GetTimeLossesWithType",
                "TargetSection" : "Things_KBKPILocalThingWorxDatabaseThing"
              }, {
                "Id" : "0f873908-860a-4045-9ff3-1e33987d4469",
                "PropertyMaps" : [ {
                  "SourceProperty" : "isLevel2True",
                  "SourcePropertyBaseType" : "BOOLEAN",
                  "SourcePropertyType" : "property",
                  "TargetProperty" : "isLevel2",
                  "TargetPropertyBaseType" : "BOOLEAN",
                  "TargetPropertyType" : "Parameter"
                } ],
                "SourceArea" : "Mashup",
                "SourceId" : "mashup-root",
                "SourceSection" : "",
                "TargetArea" : "Data",
                "TargetId" : "GetTimeLossesWithType",
                "TargetSection" : "Things_KBKPILocalThingWorxDatabaseThing"
              }, {
                "Id" : "7aee7285-df5a-419c-9106-c020773a132a",
                "PropertyMaps" : [ {
                  "SourceProperty" : "EndTime",
                  "SourcePropertyBaseType" : "DATETIME",
                  "SourcePropertyType" : "property",
                  "TargetProperty" : "EndDate",
                  "TargetPropertyBaseType" : "DATETIME",
                  "TargetPropertyType" : "Parameter"
                } ],
                "SourceArea" : "Mashup",
                "SourceId" : "mashup-root",
                "SourceSection" : "",
                "TargetArea" : "Data",
                "TargetId" : "GetTimeLossesWithType",
                "TargetSection" : "Things_KBKPILocalThingWorxDatabaseThing"
              }, {
                "Id" : "6c6da2a4-56de-4f1b-bf8c-6dcc3ac81b79",
                "PropertyMaps" : [ {
                  "SourceProperty" : "StartTime",
                  "SourcePropertyBaseType" : "DATETIME",
                  "SourcePropertyType" : "property",
                  "TargetProperty" : "StartDate",
                  "TargetPropertyBaseType" : "DATETIME",
                  "TargetPropertyType" : "Parameter"
                } ],
                "SourceArea" : "Mashup",
                "SourceId" : "mashup-root",
                "SourceSection" : "",
                "TargetArea" : "Data",
                "TargetId" : "GetTimeLossesWithType",
                "TargetSection" : "Things_KBKPILocalThingWorxDatabaseThing"
              }, {
                "Id" : "b350e6d1-19a8-479c-aa8e-fcef217ed099",
                "PropertyMaps" : [ {
                  "SourceProperty" : "language",
                  "SourcePropertyBaseType" : "STRING",
                  "SourcePropertyType" : "Field",
                  "TargetProperty" : "Language",
                  "TargetPropertyBaseType" : "STRING",
                  "TargetPropertyType" : "Parameter"
                } ],
                "SourceArea" : "UserExtensions",
                "SourceDetails" : "AllData",
                "SourceId" : "UserExtensions",
                "SourceSection" : "UserExtensions",
                "TargetArea" : "Data",
                "TargetId" : "GetTimeLossesWithType",
                "TargetSection" : "Things_KBKPILocalThingWorxDatabaseThing"
              }, {
                "Id" : "5fa69514-29b2-4818-82a7-8572028f8390",
                "PropertyMaps" : [ {
                  "SourceProperty" : "Machine1",
                  "SourcePropertyBaseType" : "STRING",
                  "SourcePropertyType" : "property",
                  "TargetProperty" : "Machine",
                  "TargetPropertyBaseType" : "STRING",
                  "TargetPropertyType" : "Parameter"
                } ],
                "SourceArea" : "Mashup",
                "SourceId" : "mashup-root",
                "SourceSection" : "",
                "TargetArea" : "Data",
                "TargetId" : "GetTimeLossesWithType",
                "TargetSection" : "Things_KBKPILocalThingWorxDatabaseThing"
              }, {
                "Id" : "dee96208-b6e7-4c5f-aa52-e649de7f077e",
                "PropertyMaps" : [ {
                  "SourceProperty" : "",
                  "SourcePropertyBaseType" : "INFOTABLE",
                  "SourcePropertyType" : "InfoTable",
                  "TargetProperty" : "Data",
                  "TargetPropertyBaseType" : "INFOTABLE",
                  "TargetPropertyType" : "property"
                } ],
                "SourceArea" : "Data",
                "SourceDetails" : "AllData",
                "SourceId" : "GetTimeLossesLevel0",
                "SourceSection" : "Things_KBKPILocalThingWorxDatabaseThing",
                "TargetArea" : "UI",
                "TargetId" : "labelchart-41",
                "TargetSection" : ""
              }, {
                "Id" : "ed73947e-adb9-42aa-a74b-efb6b429ad6f",
                "PropertyMaps" : [ {
                  "SourceProperty" : "SelectedTabValue",
                  "SourcePropertyBaseType" : "STRING",
                  "SourcePropertyType" : "property",
                  "TargetProperty" : "SelectedTabValue",
                  "TargetPropertyBaseType" : "STRING",
                  "TargetPropertyType" : "property"
                } ],
                "SourceArea" : "Mashup",
                "SourceId" : "mashup-root",
                "SourceSection" : "",
                "TargetArea" : "UI",
                "TargetId" : "tabsv2-39",
                "TargetSection" : ""
              }, {
                "Id" : "61954fa4-ffca-490f-ab58-58abe0681597",
                "PropertyMaps" : [ {
                  "SourceProperty" : "",
                  "SourcePropertyBaseType" : "INFOTABLE",
                  "SourcePropertyType" : "InfoTable",
                  "TargetProperty" : "Data",
                  "TargetPropertyBaseType" : "INFOTABLE",
                  "TargetPropertyType" : "property"
                } ],
                "SourceArea" : "Data",
                "SourceDetails" : "AllData",
                "SourceId" : "GetTimeLossesWithType",
                "SourceSection" : "Things_KBKPILocalThingWorxDatabaseThing",
                "TargetArea" : "UI",
                "TargetId" : "labelchart-43",
                "TargetSection" : ""
              } ],
              "DesignTimePermissions" : { },
              "Events" : [ {
                "EventHandlerArea" : "Data",
                "EventHandlerId" : "Things_KBKPILocalThingWorxDatabaseThing",
                "EventHandlerService" : "GetTimeLossesWithType",
                "EventTriggerArea" : "Mashup",
                "EventTriggerEvent" : "Loaded",
                "EventTriggerId" : "mashup-root",
                "EventTriggerSection" : "",
                "Id" : "2eef70ce-4d80-4f8f-bb13-abeda305a2e4"
              }, {
                "EventHandlerArea" : "Data",
                "EventHandlerId" : "Things_KBKPILocalThingWorxDatabaseThing",
                "EventHandlerService" : "GetTimeLossesLevel0",
                "EventTriggerArea" : "Data",
                "EventTriggerEvent" : "ServiceInvokeCompleted",
                "EventTriggerId" : "GetTimeLossesWithType",
                "EventTriggerSection" : "Things_KBKPILocalThingWorxDatabaseThing",
                "Id" : "d7e181d6-4019-4e65-a903-0ec8752cf8b9"
              }, {
                "EventHandlerArea" : "Data",
                "EventHandlerId" : "Things_KBKPILocalThingWorxDatabaseThing",
                "EventHandlerService" : "GetTimeLossesWithType",
                "EventTriggerArea" : "Mashup",
                "EventTriggerEvent" : "RefreshRequested",
                "EventTriggerId" : "mashup-root",
                "EventTriggerSection" : "",
                "Id" : "f9000799-d273-49ee-ab56-bcab01379cad"
              }, {
                "EventHandlerArea" : "Data",
                "EventHandlerId" : "Things_KBKPILocalThingWorxDatabaseThing",
                "EventHandlerService" : "GetTimeLossesWithType",
                "EventTriggerArea" : "Mashup",
                "EventTriggerEvent" : "StationChanged",
                "EventTriggerId" : "mashup-root",
                "EventTriggerSection" : "",
                "Id" : "8c30a7a4-d57c-431b-8315-7826fdeb9f4f"
              }, {
                "EventHandlerArea" : "Data",
                "EventHandlerId" : "Things_KBKPILocalThingWorxDatabaseThing",
                "EventHandlerService" : "GetTimeLossesWithType",
                "EventTriggerArea" : "Mashup",
                "EventTriggerEvent" : "isLevel2TrueChanged",
                "EventTriggerId" : "mashup-root",
                "EventTriggerSection" : "",
                "Id" : "06a9b38f-19e3-4325-af07-43edabc0583f"
              }, {
                "EventHandlerArea" : "Data",
                "EventHandlerId" : "Things_KBKPILocalThingWorxDatabaseThing",
                "EventHandlerService" : "GetTimeLossesWithType",
                "EventTriggerArea" : "Mashup",
                "EventTriggerEvent" : "EndTimeChanged",
                "EventTriggerId" : "mashup-root",
                "EventTriggerSection" : "",
                "Id" : "a44445c2-8151-4d40-ab66-53ab4975aa22"
              }, {
                "EventHandlerArea" : "Data",
                "EventHandlerId" : "Things_KBKPILocalThingWorxDatabaseThing",
                "EventHandlerService" : "GetTimeLossesWithType",
                "EventTriggerArea" : "Mashup",
                "EventTriggerEvent" : "StartTimeChanged",
                "EventTriggerId" : "mashup-root",
                "EventTriggerSection" : "",
                "Id" : "092f2eb0-5621-4a6f-94c5-47355ce6d0db"
              }, {
                "EventHandlerArea" : "Data",
                "EventHandlerId" : "Things_KBKPILocalThingWorxDatabaseThing",
                "EventHandlerService" : "GetTimeLossesWithType",
                "EventTriggerArea" : "Mashup",
                "EventTriggerEvent" : "HideProductiveStateChanged",
                "EventTriggerId" : "mashup-root",
                "EventTriggerSection" : "",
                "Id" : "c80cd4d9-6ae3-4e9b-976a-a879abcd9b46"
              } ],
              "RunTimePermissions" : { },
              "UI" : {
                "Properties" : {
                  "AddToDashboardButton" : "SimplePlus",
                  "AddToDashboardButtonStyle" : "DefaultAddToDashboardButtonStyle",
                  "Area" : "Mashup",
                  "BGImage" : "",
                  "BGImageRepeat" : "no-repeat",
                  "BGImageSize" : "auto",
                  "Columns" : 0,
                  "ConfigureGadgetButton" : "SimpleGear",
                  "ConfigureGadgetButtonStyle" : "DefaultConfigureGadgetButtonStyle",
                  "DisplayName" : "Mashup",
                  "EnableParameterEditing" : false,
                  "Height" : 618,
                  "HideProductiveState" : false,
                  "Id" : "mashup-root",
                  "IgnoreWarningsInViewMashup" : false,
                  "IsPrintLayout" : false,
                  "Left" : 0,
                  "MashupToEditGadget" : "DefaultMashupToEditGadget",
                  "MinHeight" : 0,
                  "MinWidth" : 0,
                  "ResponsiveLayout" : true,
                  "Rows" : 0,
                  "ShowDataLoading" : true,
                  "Style" : "DefaultMashupStyle",
                  "StyleProperties" : {
                    "data" : { },
                    "meta" : {
                      "type" : "WidgetStyler",
                      "version" : "1.0"
                    }
                  },
                  "StyleTheme" : "PTC Convergence Theme",
                  "Title" : "",
                  "TitleBar" : false,
                  "TitleBarStyle" : "DefaultTitleBarStyle",
                  "TitleBarText" : "Gadget Title Here",
                  "Top" : 0,
                  "Type" : "mashup",
                  "UseMasterTheme" : false,
                  "UseTheme" : false,
                  "UseThemeForHybrids" : false,
                  "Visible" : true,
                  "Width" : 1024,
                  "Z-index" : 10,
                  "__TypeDisplayName" : "Mashup",
                  "_currentParameterDefs" : [ {
                    "Aspects" : {
                      "bindingDirection" : "BOTH",
                      "isMandatory" : false
                    },
                    "BaseType" : "STRING",
                    "Description" : "",
                    "ParameterName" : "Station"
                  }, {
                    "Aspects" : {
                      "bindingDirection" : "BOTH",
                      "isMandatory" : false
                    },
                    "BaseType" : "STRING",
                    "Description" : "",
                    "ParameterName" : "Machine1"
                  }, {
                    "Aspects" : {
                      "bindingDirection" : "IN",
                      "isMandatory" : false
                    },
                    "BaseType" : "BOOLEAN",
                    "DefaultValue" : false,
                    "Description" : "",
                    "ParameterName" : "HideProductiveState"
                  }, {
                    "Aspects" : {
                      "bindingDirection" : "IN",
                      "isMandatory" : false
                    },
                    "BaseType" : "DATETIME",
                    "Description" : "",
                    "ParameterName" : "StartTime"
                  }, {
                    "Aspects" : {
                      "bindingDirection" : "IN",
                      "isMandatory" : false
                    },
                    "BaseType" : "DATETIME",
                    "Description" : "",
                    "ParameterName" : "EndTime"
                  }, {
                    "Aspects" : {
                      "bindingDirection" : "IN",
                      "isMandatory" : false
                    },
                    "BaseType" : "BOOLEAN",
                    "DefaultValue" : false,
                    "Description" : "",
                    "ParameterName" : "isLevel2True"
                  }, {
                    "Aspects" : {
                      "bindingDirection" : "IN",
                      "isMandatory" : false
                    },
                    "BaseType" : "STRING",
                    "Description" : "",
                    "ParameterName" : "Language"
                  }, {
                    "Aspects" : {
                      "bindingDirection" : "IN",
                      "isMandatory" : false
                    },
                    "BaseType" : "STRING",
                    "Description" : "",
                    "ParameterName" : "SelectedTabValue"
                  } ],
                  "id_index" : 47,
                  "isLevel2True" : false,
                  "supportsAutoResize" : true
                },
                "Widgets" : [ {
                  "Properties" : {
                    "Area" : "UI",
                    "DisplayName" : "container-2",
                    "EnableExpandCollapse" : false,
                    "Expanded" : true,
                    "Id" : "flexcontainer-2",
                    "LastContainer" : true,
                    "Overlay" : false,
                    "ResponsiveLayout" : true,
                    "ShowDataLoading" : true,
                    "ShowExpandCollapseTab" : false,
                    "SourceURL" : "",
                    "Style" : "DefaultContainerStyle",
                    "StyleProperties" : { },
                    "Type" : "flexcontainer",
                    "UseTheme" : true,
                    "Visible" : true,
                    "Z-index" : 10,
                    "__TypeDisplayName" : "Responsive Container",
                    "align-content" : "flex-start",
                    "align-items" : "flex-start",
                    "flex-basis" : "auto",
                    "flex-direction" : "row",
                    "flex-grow" : 1,
                    "flex-max-height" : "",
                    "flex-max-width" : "",
                    "flex-min-height" : "",
                    "flex-min-width" : "",
                    "flex-shrink" : 1,
                    "flex-size" : "default",
                    "flex-wrap" : "nowrap",
                    "iconClass" : "widgets-flexcontainer",
                    "isLocked" : false,
                    "justify-content" : "flex-start",
                    "positioning" : "responsive",
                    "userCannotRemove" : true
                  },
                  "Widgets" : [ {
                    "Properties" : {
                      "Area" : "UI",
                      "DisplayName" : "container-47",
                      "EnableExpandCollapse" : false,
                      "Expanded" : true,
                      "Id" : "flexcontainer-47",
                      "LastContainer" : false,
                      "Overlay" : false,
                      "ResponsiveLayout" : false,
                      "ShowDataLoading" : true,
                      "ShowExpandCollapseTab" : false,
                      "SourceURL" : "",
                      "Style" : "DefaultContainerStyle",
                      "StyleProperties" : { },
                      "Type" : "flexcontainer",
                      "UseTheme" : true,
                      "Visible" : true,
                      "Z-index" : 10,
                      "__TypeDisplayName" : "Responsive Container",
                      "align-content" : "flex-start",
                      "align-items" : "flex-start",
                      "flex-basis" : "auto",
                      "flex-direction" : "row",
                      "flex-grow" : 1,
                      "flex-max-height" : "",
                      "flex-max-width" : "40px",
                      "flex-min-height" : "",
                      "flex-min-width" : "40px",
                      "flex-shrink" : 1,
                      "flex-size" : "fixed",
                      "flex-wrap" : "nowrap",
                      "iconClass" : "widgets-flexcontainer-fixed",
                      "isLocked" : false,
                      "justify-content" : "flex-start",
                      "positioning" : "responsive",
                      "userCannotRemove" : false
                    },
                    "Widgets" : [ ]
                  }, {
                    "Properties" : {
                      "Area" : "UI",
                      "DisplayName" : "container-46",
                      "EnableExpandCollapse" : false,
                      "Expanded" : true,
                      "Id" : "flexcontainer-46",
                      "LastContainer" : false,
                      "Overlay" : false,
                      "ResponsiveLayout" : false,
                      "ShowDataLoading" : true,
                      "ShowExpandCollapseTab" : false,
                      "SourceURL" : "",
                      "Style" : "DefaultContainerStyle",
                      "StyleProperties" : { },
                      "Type" : "flexcontainer",
                      "UseTheme" : true,
                      "Visible" : true,
                      "Z-index" : 10,
                      "__TypeDisplayName" : "Responsive Container",
                      "align-content" : "flex-start",
                      "align-items" : "flex-start",
                      "flex-basis" : "auto",
                      "flex-direction" : "row",
                      "flex-grow" : 1,
                      "flex-max-height" : "",
                      "flex-max-width" : "",
                      "flex-min-height" : "",
                      "flex-min-width" : "",
                      "flex-shrink" : 1,
                      "flex-size" : "default",
                      "flex-wrap" : "nowrap",
                      "iconClass" : "widgets-flexcontainer",
                      "isLocked" : true,
                      "justify-content" : "flex-start",
                      "positioning" : "responsive",
                      "userCannotRemove" : false
                    },
                    "Widgets" : [ {
                      "Properties" : {
                        "Area" : "UI",
                        "CurrentTab" : 1,
                        "DefaultTabAtRuntime" : 1,
                        "DisplayName" : "tabsv2-37",
                        "Height" : 300,
                        "Id" : "tabsv2-37",
                        "LastContainer" : false,
                        "Left" : 130,
                        "MaxTabWidth" : 256,
                        "NumberOfTabs" : 1,
                        "ResponsiveLayout" : true,
                        "RoundedCorners" : true,
                        "SelectedTabValue" : "",
                        "ShowDataLoading" : true,
                        "Tab10Disabled" : false,
                        "Tab10Image" : "",
                        "Tab10Name" : "Tab10Name",
                        "Tab10Value" : "Tab10Value",
                        "Tab10Visible" : true,
                        "Tab11Disabled" : false,
                        "Tab11Image" : "",
                        "Tab11Name" : "Tab11Name",
                        "Tab11Value" : "Tab11Value",
                        "Tab11Visible" : true,
                        "Tab12Disabled" : false,
                        "Tab12Image" : "",
                        "Tab12Name" : "Tab12Name",
                        "Tab12Value" : "Tab12Value",
                        "Tab12Visible" : true,
                        "Tab13Disabled" : false,
                        "Tab13Image" : "",
                        "Tab13Name" : "Tab13Name",
                        "Tab13Value" : "Tab13Value",
                        "Tab13Visible" : true,
                        "Tab14Disabled" : false,
                        "Tab14Image" : "",
                        "Tab14Name" : "Tab14Name",
                        "Tab14Value" : "Tab14Value",
                        "Tab14Visible" : true,
                        "Tab15Disabled" : false,
                        "Tab15Image" : "",
                        "Tab15Name" : "Tab15Name",
                        "Tab15Value" : "Tab15Value",
                        "Tab15Visible" : true,
                        "Tab16Disabled" : false,
                        "Tab16Image" : "",
                        "Tab16Name" : "Tab16Name",
                        "Tab16Value" : "Tab16Value",
                        "Tab16Visible" : true,
                        "Tab1Disabled" : false,
                        "Tab1Image" : "",
                        "Tab1Name" : "",
                        "Tab1Value" : "Pareto",
                        "Tab1Visible" : true,
                        "Tab2Disabled" : false,
                        "Tab2Image" : "",
                        "Tab2Name" : "Gant",
                        "Tab2Value" : "Gant",
                        "Tab2Visible" : true,
                        "Tab3Disabled" : false,
                        "Tab3Image" : "",
                        "Tab3Name" : "Tab3Name",
                        "Tab3Value" : "Tab3Value",
                        "Tab3Visible" : true,
                        "Tab4Disabled" : false,
                        "Tab4Image" : "",
                        "Tab4Name" : "Tab4Name",
                        "Tab4Value" : "Tab4Value",
                        "Tab4Visible" : true,
                        "Tab5Disabled" : false,
                        "Tab5Image" : "",
                        "Tab5Name" : "Tab5Name",
                        "Tab5Value" : "Tab5Value",
                        "Tab5Visible" : true,
                        "Tab6Disabled" : false,
                        "Tab6Image" : "",
                        "Tab6Name" : "Tab6Name",
                        "Tab6Value" : "Tab6Value",
                        "Tab6Visible" : true,
                        "Tab7Disabled" : false,
                        "Tab7Image" : "",
                        "Tab7Name" : "Tab7Name",
                        "Tab7Value" : "Tab7Value",
                        "Tab7Visible" : true,
                        "Tab8Disabled" : false,
                        "Tab8Image" : "",
                        "Tab8Name" : "Tab8Name",
                        "Tab8Value" : "Tab8Value",
                        "Tab8Visible" : true,
                        "Tab9Disabled" : false,
                        "Tab9Image" : "",
                        "Tab9Name" : "Tab9Name",
                        "Tab9Value" : "Tab9Value",
                        "Tab9Visible" : true,
                        "TabContentStyle" : "DefaultTabContentStyle",
                        "TabDisabledStyle" : "DefaultTabDisabledStyle",
                        "TabHeight" : 0,
                        "TabSelectedStyle" : "DefaultTabSelectedStyle",
                        "TabSpacing" : 7,
                        "TabUnselectedStyle" : "DefaultTabUnselectedStyle",
                        "Top" : 75,
                        "Type" : "tabsv2",
                        "Visible" : true,
                        "Width" : 300,
                        "Z-index" : 10,
                        "__TypeDisplayName" : "Tabs - Responsive"
                      },
                      "Widgets" : [ {
                        "Properties" : {
                          "AnimateExpandCollapse" : true,
                          "Area" : "UI",
                          "BGImageRepeat" : "no-repeat",
                          "BGImageSize" : "auto",
                          "DisplayName" : "container-38",
                          "ExpandCollapseTabLocation" : "outside",
                          "Expanded" : true,
                          "Id" : "container-38",
                          "LastContainer" : false,
                          "MinHeight" : 0,
                          "MinWidth" : 0,
                          "Overlay" : false,
                          "OverlayIsTransparent" : false,
                          "ResponsiveLayout" : true,
                          "ShowDataLoading" : true,
                          "ShowExpandCollapseTab" : false,
                          "Style" : "DefaultContainerStyle",
                          "TabCollapseStyle" : "DefaultTabCollapseStyle",
                          "TabExpandStyle" : "DefaultTabExpandStyle",
                          "TabHeight" : 36,
                          "TabLocation" : "center",
                          "TabOffset" : 0,
                          "TabWidth" : 36,
                          "Type" : "container",
                          "Visible" : true,
                          "Z-index" : 10,
                          "__TypeDisplayName" : "Container",
                          "userCannotRemove" : true
                        },
                        "Widgets" : [ {
                          "Properties" : {
                            "Area" : "UI",
                            "CurrentTab" : 2,
                            "DefaultTabAtRuntime" : 1,
                            "DisplayName" : "tabsv2-39",
                            "Height" : 300,
                            "Id" : "tabsv2-39",
                            "LastContainer" : false,
                            "Left" : 240,
                            "MaxTabWidth" : 256,
                            "NumberOfTabs" : 2,
                            "ResponsiveLayout" : true,
                            "RoundedCorners" : true,
                            "ShowDataLoading" : true,
                            "Tab10Disabled" : false,
                            "Tab10Image" : "",
                            "Tab10Name" : "Tab10Name",
                            "Tab10Value" : "Tab10Value",
                            "Tab10Visible" : true,
                            "Tab11Disabled" : false,
                            "Tab11Image" : "",
                            "Tab11Name" : "Tab11Name",
                            "Tab11Value" : "Tab11Value",
                            "Tab11Visible" : true,
                            "Tab12Disabled" : false,
                            "Tab12Image" : "",
                            "Tab12Name" : "Tab12Name",
                            "Tab12Value" : "Tab12Value",
                            "Tab12Visible" : true,
                            "Tab13Disabled" : false,
                            "Tab13Image" : "",
                            "Tab13Name" : "Tab13Name",
                            "Tab13Value" : "Tab13Value",
                            "Tab13Visible" : true,
                            "Tab14Disabled" : false,
                            "Tab14Image" : "",
                            "Tab14Name" : "Tab14Name",
                            "Tab14Value" : "Tab14Value",
                            "Tab14Visible" : true,
                            "Tab15Disabled" : false,
                            "Tab15Image" : "",
                            "Tab15Name" : "Tab15Name",
                            "Tab15Value" : "Tab15Value",
                            "Tab15Visible" : true,
                            "Tab16Disabled" : false,
                            "Tab16Image" : "",
                            "Tab16Name" : "Tab16Name",
                            "Tab16Value" : "Tab16Value",
                            "Tab16Visible" : true,
                            "Tab1Disabled" : false,
                            "Tab1Image" : "",
                            "Tab1Name" : "L0",
                            "Tab1Value" : "L0",
                            "Tab1Visible" : true,
                            "Tab2Disabled" : false,
                            "Tab2Image" : "",
                            "Tab2Name" : "L1-L2",
                            "Tab2Value" : "L1-L2",
                            "Tab2Visible" : true,
                            "Tab3Disabled" : false,
                            "Tab3Image" : "",
                            "Tab3Name" : "Tab3Name",
                            "Tab3Value" : "Tab3Value",
                            "Tab3Visible" : true,
                            "Tab4Disabled" : false,
                            "Tab4Image" : "",
                            "Tab4Name" : "Tab4Name",
                            "Tab4Value" : "Tab4Value",
                            "Tab4Visible" : true,
                            "Tab5Disabled" : false,
                            "Tab5Image" : "",
                            "Tab5Name" : "Tab5Name",
                            "Tab5Value" : "Tab5Value",
                            "Tab5Visible" : true,
                            "Tab6Disabled" : false,
                            "Tab6Image" : "",
                            "Tab6Name" : "Tab6Name",
                            "Tab6Value" : "Tab6Value",
                            "Tab6Visible" : true,
                            "Tab7Disabled" : false,
                            "Tab7Image" : "",
                            "Tab7Name" : "Tab7Name",
                            "Tab7Value" : "Tab7Value",
                            "Tab7Visible" : true,
                            "Tab8Disabled" : false,
                            "Tab8Image" : "",
                            "Tab8Name" : "Tab8Name",
                            "Tab8Value" : "Tab8Value",
                            "Tab8Visible" : true,
                            "Tab9Disabled" : false,
                            "Tab9Image" : "",
                            "Tab9Name" : "Tab9Name",
                            "Tab9Value" : "Tab9Value",
                            "Tab9Visible" : true,
                            "TabContentStyle" : "DefaultTabContentStyle",
                            "TabDisabledStyle" : "DefaultTabDisabledStyle",
                            "TabHeight" : 0,
                            "TabSelectedStyle" : "DefaultTabSelectedStyle",
                            "TabSpacing" : 2,
                            "TabUnselectedStyle" : "DefaultTabUnselectedStyle",
                            "Top" : 50,
                            "Type" : "tabsv2",
                            "Visible" : true,
                            "Width" : 300,
                            "Z-index" : 10,
                            "__TypeDisplayName" : "Tabs - Responsive"
                          },
                          "Widgets" : [ {
                            "Properties" : {
                              "AnimateExpandCollapse" : true,
                              "Area" : "UI",
                              "BGImageRepeat" : "no-repeat",
                              "BGImageSize" : "auto",
                              "DisplayName" : "container-40",
                              "ExpandCollapseTabLocation" : "outside",
                              "Expanded" : true,
                              "Id" : "container-40",
                              "LastContainer" : false,
                              "MinHeight" : 0,
                              "MinWidth" : 0,
                              "Overlay" : false,
                              "OverlayIsTransparent" : false,
                              "ResponsiveLayout" : true,
                              "ShowDataLoading" : true,
                              "ShowExpandCollapseTab" : false,
                              "Style" : "DefaultContainerStyle",
                              "TabCollapseStyle" : "DefaultTabCollapseStyle",
                              "TabExpandStyle" : "DefaultTabExpandStyle",
                              "TabHeight" : 36,
                              "TabLocation" : "center",
                              "TabOffset" : 0,
                              "TabWidth" : 36,
                              "Type" : "container",
                              "Visible" : true,
                              "Z-index" : 10,
                              "__TypeDisplayName" : "Container",
                              "userCannotRemove" : true
                            },
                            "Widgets" : [ {
                              "Properties" : {
                                "AllowSelection" : true,
                                "AllowYAxisZoom" : true,
                                "Area" : "UI",
                                "AxisAutoscale1" : true,
                                "AxisAutoscale10" : true,
                                "AxisAutoscale11" : true,
                                "AxisAutoscale12" : true,
                                "AxisAutoscale13" : true,
                                "AxisAutoscale14" : true,
                                "AxisAutoscale15" : true,
                                "AxisAutoscale16" : true,
                                "AxisAutoscale17" : true,
                                "AxisAutoscale18" : true,
                                "AxisAutoscale19" : true,
                                "AxisAutoscale2" : true,
                                "AxisAutoscale20" : true,
                                "AxisAutoscale21" : true,
                                "AxisAutoscale22" : true,
                                "AxisAutoscale23" : true,
                                "AxisAutoscale24" : true,
                                "AxisAutoscale3" : false,
                                "AxisAutoscale4" : true,
                                "AxisAutoscale5" : true,
                                "AxisAutoscale6" : true,
                                "AxisAutoscale7" : true,
                                "AxisAutoscale8" : true,
                                "AxisAutoscale9" : true,
                                "AxisFormat1" : "0000 min",
                                "AxisFormat10" : "0000.0",
                                "AxisFormat11" : "0000.0",
                                "AxisFormat12" : "0000.0",
                                "AxisFormat13" : "0000.0",
                                "AxisFormat14" : "0000.0",
                                "AxisFormat15" : "0000.0",
                                "AxisFormat16" : "0000.0",
                                "AxisFormat17" : "0000.0",
                                "AxisFormat18" : "0000.0",
                                "AxisFormat19" : "0000.0",
                                "AxisFormat2" : "0000",
                                "AxisFormat20" : "0000.0",
                                "AxisFormat21" : "0000.0",
                                "AxisFormat22" : "0000.0",
                                "AxisFormat23" : "0000.0",
                                "AxisFormat24" : "0000.0",
                                "AxisFormat3" : "0000.0%",
                                "AxisFormat4" : "0000.0",
                                "AxisFormat5" : "0000.0",
                                "AxisFormat6" : "0000.0",
                                "AxisFormat7" : "0000.0",
                                "AxisFormat8" : "0000.0",
                                "AxisFormat9" : "0000.0",
                                "AxisMaximum1" : 100,
                                "AxisMaximum10" : 100,
                                "AxisMaximum11" : 100,
                                "AxisMaximum12" : 100,
                                "AxisMaximum13" : 100,
                                "AxisMaximum14" : 100,
                                "AxisMaximum15" : 100,
                                "AxisMaximum16" : 100,
                                "AxisMaximum17" : 100,
                                "AxisMaximum18" : 100,
                                "AxisMaximum19" : 100,
                                "AxisMaximum2" : 100,
                                "AxisMaximum20" : 100,
                                "AxisMaximum21" : 100,
                                "AxisMaximum22" : 100,
                                "AxisMaximum23" : 100,
                                "AxisMaximum24" : 100,
                                "AxisMaximum3" : 100,
                                "AxisMaximum4" : 100,
                                "AxisMaximum5" : 100,
                                "AxisMaximum6" : 100,
                                "AxisMaximum7" : 100,
                                "AxisMaximum8" : 100,
                                "AxisMaximum9" : 100,
                                "AxisMinimum1" : 0,
                                "AxisMinimum10" : 0,
                                "AxisMinimum11" : 0,
                                "AxisMinimum12" : 0,
                                "AxisMinimum13" : 0,
                                "AxisMinimum14" : 0,
                                "AxisMinimum15" : 0,
                                "AxisMinimum16" : 0,
                                "AxisMinimum17" : 0,
                                "AxisMinimum18" : 0,
                                "AxisMinimum19" : 0,
                                "AxisMinimum2" : 0,
                                "AxisMinimum20" : 0,
                                "AxisMinimum21" : 0,
                                "AxisMinimum22" : 0,
                                "AxisMinimum23" : 0,
                                "AxisMinimum24" : 0,
                                "AxisMinimum3" : 0,
                                "AxisMinimum4" : 0,
                                "AxisMinimum5" : 0,
                                "AxisMinimum6" : 0,
                                "AxisMinimum7" : 0,
                                "AxisMinimum8" : 0,
                                "AxisMinimum9" : 0,
                                "AxisZeroscale1" : false,
                                "AxisZeroscale10" : false,
                                "AxisZeroscale11" : false,
                                "AxisZeroscale12" : false,
                                "AxisZeroscale13" : false,
                                "AxisZeroscale14" : false,
                                "AxisZeroscale15" : false,
                                "AxisZeroscale16" : false,
                                "AxisZeroscale17" : false,
                                "AxisZeroscale18" : false,
                                "AxisZeroscale19" : false,
                                "AxisZeroscale2" : false,
                                "AxisZeroscale20" : false,
                                "AxisZeroscale21" : false,
                                "AxisZeroscale22" : false,
                                "AxisZeroscale23" : false,
                                "AxisZeroscale24" : false,
                                "AxisZeroscale3" : false,
                                "AxisZeroscale4" : false,
                                "AxisZeroscale5" : false,
                                "AxisZeroscale6" : false,
                                "AxisZeroscale7" : false,
                                "AxisZeroscale8" : false,
                                "AxisZeroscale9" : false,
                                "ChartAreaStyle" : "DefaultChartAreaStyle",
                                "ChartLegendStyle" : "DefaultChartLegendStyle",
                                "ChartOrientation" : "vertical",
                                "ChartStyle" : "DefaultChartStyle",
                                "ChartTitle" : "[[KBLocalSmartKPITimeLossesMashup.TimeLosses]]",
                                "ChartTitleStyle" : "DefaultChartTitleStyle",
                                "ChartType" : "bar",
                                "DataField1" : "TimeSumInMinutes",
                                "DataField2" : "Occurrences",
                                "DataField3" : "PercentCumulated",
                                "DataLabel1" : "Minutes",
                                "DataLabel2" : "Occurrences",
                                "DataLabel3" : "Percent Culminated",
                                "Description" : "",
                                "DisplayName" : "labelchart-41",
                                "EnableHover" : true,
                                "GridStyle" : "DefaultChartGridStyle",
                                "Height" : 240,
                                "Id" : "labelchart-41",
                                "LastContainer" : false,
                                "Left" : 0,
                                "LegendLocation" : "right",
                                "LegendOrientation" : "vertical",
                                "LegendWidth" : 0,
                                "MarkerSize" : 3,
                                "MarkerType" : "circle",
                                "NumberOfSeries" : 3,
                                "ResponsiveLayout" : true,
                                "SecondaryYAxisAutoscale" : false,
                                "SecondaryYAxisFormat" : "0000%",
                                "SecondaryYAxisMaximum" : 100,
                                "SecondaryYAxisMinimum" : 0,
                                "SecondaryYAxisTitle" : "",
                                "SecondaryYAxisZeroscale" : false,
                                "SelectedItemStyle" : "DefaultChartSelectionStyle",
                                "SeriesDataStyle1" : {
                                  "FieldName" : "Type",
                                  "StateDefinition" : "KBLocalStatusL1TypeState",
                                  "StateDefinitionType" : "string",
                                  "StateFormats" : [ {
                                    "comparator" : "==",
                                    "state" : "DefaultChartStyle8",
                                    "stateName" : "",
                                    "value" : "NA"
                                  }, {
                                    "comparator" : "==",
                                    "state" : "DefaultChartStyle15",
                                    "stateName" : "Process Efficiency",
                                    "value" : "OI"
                                  }, {
                                    "comparator" : "==",
                                    "state" : "DefaultChartStyle21",
                                    "stateName" : "Planned Downtime",
                                    "value" : "PI"
                                  }, {
                                    "comparator" : "==",
                                    "state" : "DefaultChartStyle3",
                                    "stateName" : "Equipment Availabilty",
                                    "value" : "TI"
                                  }, {
                                    "comparator" : "==",
                                    "state" : "DefaultChartStyle2",
                                    "stateName" : "Production",
                                    "value" : "Pr"
                                  }, {
                                    "comparator" : "==",
                                    "state" : "DefaultChartStyle9",
                                    "stateName" : "Rate of Quality",
                                    "value" : "RQ"
                                  }, {
                                    "comparator" : "==",
                                    "state" : "DefaultChartStyle4",
                                    "stateName" : "Not Defined",
                                    "value" : "ND"
                                  }, {
                                    "state" : "DefaultChartStyle8",
                                    "stateName" : ""
                                  } ]
                                },
                                "SeriesDataStyle10_StateParameters" : [ ],
                                "SeriesDataStyle11_StateParameters" : [ ],
                                "SeriesDataStyle12_StateParameters" : [ ],
                                "SeriesDataStyle13_StateParameters" : [ ],
                                "SeriesDataStyle14_StateParameters" : [ ],
                                "SeriesDataStyle15_StateParameters" : [ ],
                                "SeriesDataStyle16_StateParameters" : [ ],
                                "SeriesDataStyle17_StateParameters" : [ ],
                                "SeriesDataStyle18_StateParameters" : [ ],
                                "SeriesDataStyle19_StateParameters" : [ ],
                                "SeriesDataStyle1_StateParameters" : [ {
                                  "BaseType" : "STRING",
                                  "DefaultValue" : "OI",
                                  "Description" : "Process Efficiency",
                                  "ParameterName" : "SeriesDataStyle1_Process Efficiency"
                                }, {
                                  "BaseType" : "STRING",
                                  "DefaultValue" : "PI",
                                  "Description" : "Planned Downtime",
                                  "ParameterName" : "SeriesDataStyle1_Planned Downtime"
                                }, {
                                  "BaseType" : "STRING",
                                  "DefaultValue" : "TI",
                                  "Description" : "Equipment Availabilty",
                                  "ParameterName" : "SeriesDataStyle1_Equipment Availabilty"
                                }, {
                                  "BaseType" : "STRING",
                                  "DefaultValue" : "Pr",
                                  "Description" : "Production",
                                  "ParameterName" : "SeriesDataStyle1_Production"
                                }, {
                                  "BaseType" : "STRING",
                                  "DefaultValue" : "RQ",
                                  "Description" : "Rate of Quality",
                                  "ParameterName" : "SeriesDataStyle1_Rate of Quality"
                                }, {
                                  "BaseType" : "STRING",
                                  "DefaultValue" : "ND",
                                  "Description" : "Not Defined",
                                  "ParameterName" : "SeriesDataStyle1_Not Defined"
                                } ],
                                "SeriesDataStyle20_StateParameters" : [ ],
                                "SeriesDataStyle21_StateParameters" : [ ],
                                "SeriesDataStyle22_StateParameters" : [ ],
                                "SeriesDataStyle23_StateParameters" : [ ],
                                "SeriesDataStyle24_StateParameters" : [ ],
                                "SeriesDataStyle2_StateParameters" : [ ],
                                "SeriesDataStyle3_StateParameters" : [ ],
                                "SeriesDataStyle4_StateParameters" : [ ],
                                "SeriesDataStyle5_StateParameters" : [ ],
                                "SeriesDataStyle6_StateParameters" : [ ],
                                "SeriesDataStyle7_StateParameters" : [ ],
                                "SeriesDataStyle8_StateParameters" : [ ],
                                "SeriesDataStyle9_StateParameters" : [ ],
                                "SeriesMarkerType1" : "chart",
                                "SeriesMarkerType10" : "chart",
                                "SeriesMarkerType11" : "chart",
                                "SeriesMarkerType12" : "chart",
                                "SeriesMarkerType13" : "chart",
                                "SeriesMarkerType14" : "chart",
                                "SeriesMarkerType15" : "chart",
                                "SeriesMarkerType16" : "chart",
                                "SeriesMarkerType17" : "chart",
                                "SeriesMarkerType18" : "chart",
                                "SeriesMarkerType19" : "chart",
                                "SeriesMarkerType2" : "chart",
                                "SeriesMarkerType20" : "chart",
                                "SeriesMarkerType21" : "chart",
                                "SeriesMarkerType22" : "chart",
                                "SeriesMarkerType23" : "chart",
                                "SeriesMarkerType24" : "chart",
                                "SeriesMarkerType3" : "chart",
                                "SeriesMarkerType4" : "chart",
                                "SeriesMarkerType5" : "chart",
                                "SeriesMarkerType6" : "chart",
                                "SeriesMarkerType7" : "chart",
                                "SeriesMarkerType8" : "chart",
                                "SeriesMarkerType9" : "chart",
                                "SeriesStyle1" : "DefaultChartStyle4",
                                "SeriesStyle10" : "DefaultChartStyle10",
                                "SeriesStyle11" : "DefaultChartStyle11",
                                "SeriesStyle12" : "DefaultChartStyle12",
                                "SeriesStyle13" : "DefaultChartStyle13",
                                "SeriesStyle14" : "DefaultChartStyle14",
                                "SeriesStyle15" : "DefaultChartStyle15",
                                "SeriesStyle16" : "DefaultChartStyle16",
                                "SeriesStyle17" : "DefaultChartStyle17",
                                "SeriesStyle18" : "DefaultChartStyle18",
                                "SeriesStyle19" : "DefaultChartStyle19",
                                "SeriesStyle2" : "DefaultChartStyle2",
                                "SeriesStyle20" : "DefaultChartStyle20",
                                "SeriesStyle21" : "DefaultChartStyle21",
                                "SeriesStyle22" : "DefaultChartStyle22",
                                "SeriesStyle23" : "DefaultChartStyle23",
                                "SeriesStyle24" : "DefaultChartStyle24",
                                "SeriesStyle3" : "DefaultChartStyle6",
                                "SeriesStyle4" : "DefaultChartStyle4",
                                "SeriesStyle5" : "DefaultChartStyle5",
                                "SeriesStyle6" : "DefaultChartStyle6",
                                "SeriesStyle7" : "DefaultChartStyle7",
                                "SeriesStyle8" : "DefaultChartStyle8",
                                "SeriesStyle9" : "DefaultChartStyle9",
                                "SeriesType1" : "chart",
                                "SeriesType10" : "chart",
                                "SeriesType11" : "chart",
                                "SeriesType12" : "chart",
                                "SeriesType13" : "chart",
                                "SeriesType14" : "chart",
                                "SeriesType15" : "chart",
                                "SeriesType16" : "chart",
                                "SeriesType17" : "chart",
                                "SeriesType18" : "chart",
                                "SeriesType19" : "chart",
                                "SeriesType2" : "linemarker",
                                "SeriesType20" : "chart",
                                "SeriesType21" : "chart",
                                "SeriesType22" : "chart",
                                "SeriesType23" : "chart",
                                "SeriesType24" : "chart",
                                "SeriesType3" : "linemarker",
                                "SeriesType4" : "chart",
                                "SeriesType5" : "chart",
                                "SeriesType6" : "chart",
                                "SeriesType7" : "chart",
                                "SeriesType8" : "chart",
                                "SeriesType9" : "chart",
                                "ShowDataLoading" : true,
                                "ShowLegend" : true,
                                "ShowXAxis" : true,
                                "ShowXAxisGrid" : true,
                                "ShowXAxisLabels" : true,
                                "ShowXAxisTicks" : true,
                                "ShowYAxis" : true,
                                "ShowYAxisGrid" : true,
                                "ShowYAxisLabels" : true,
                                "ShowYAxisSmartLabels" : false,
                                "ShowYAxisTicks" : true,
                                "SingleDataSource" : true,
                                "Smoothing" : false,
                                "StackSeries" : false,
                                "ToolTipStyle" : "DefaultTooltipStyle",
                                "Top" : 0,
                                "TruncateX-AxisLabels" : 0,
                                "TruncateY-AxisLabels" : 0,
                                "Type" : "labelchart",
                                "UseSecondaryAxis1" : false,
                                "UseSecondaryAxis10" : false,
                                "UseSecondaryAxis11" : false,
                                "UseSecondaryAxis12" : false,
                                "UseSecondaryAxis13" : false,
                                "UseSecondaryAxis14" : false,
                                "UseSecondaryAxis15" : false,
                                "UseSecondaryAxis16" : false,
                                "UseSecondaryAxis17" : false,
                                "UseSecondaryAxis18" : false,
                                "UseSecondaryAxis19" : false,
                                "UseSecondaryAxis2" : true,
                                "UseSecondaryAxis20" : false,
                                "UseSecondaryAxis21" : false,
                                "UseSecondaryAxis22" : false,
                                "UseSecondaryAxis23" : false,
                                "UseSecondaryAxis24" : false,
                                "UseSecondaryAxis3" : false,
                                "UseSecondaryAxis4" : false,
                                "UseSecondaryAxis5" : false,
                                "UseSecondaryAxis6" : false,
                                "UseSecondaryAxis7" : false,
                                "UseSecondaryAxis8" : false,
                                "UseSecondaryAxis9" : false,
                                "Visible" : true,
                                "Width" : 640,
                                "XAxisField" : "StatusNameLevel1",
                                "XAxisFormat" : "0000000.0",
                                "XAxisLabelRotation" : 30,
                                "XAxisLabelType" : "STRING",
                                "XAxisStyle" : "KBDashboardGadgetTitleMiddleStyle",
                                "XAxisTitle" : "",
                                "YAxisAutoscale" : true,
                                "YAxisFormat" : "0000 min",
                                "YAxisIntervals" : 10,
                                "YAxisLabels" : 2,
                                "YAxisMaximum" : 100,
                                "YAxisMinimum" : 0,
                                "YAxisMinorTicks" : 1,
                                "YAxisMode" : "multi",
                                "YAxisStyle" : "KBDashboardGadgetTitleStyle",
                                "YAxisTitle" : "",
                                "YAxisZeroscale" : false,
                                "Z-index" : 10,
                                "__TypeDisplayName" : "Label Chart",
                                "__supportsTooltip" : true
                              },
                              "Widgets" : [ ]
                            } ]
                          }, {
                            "Properties" : {
                              "AnimateExpandCollapse" : true,
                              "Area" : "UI",
                              "BGImageRepeat" : "no-repeat",
                              "BGImageSize" : "auto",
                              "DisplayName" : "container-42",
                              "ExpandCollapseTabLocation" : "outside",
                              "Expanded" : true,
                              "Id" : "container-42",
                              "LastContainer" : false,
                              "MinHeight" : 0,
                              "MinWidth" : 0,
                              "Overlay" : false,
                              "OverlayIsTransparent" : false,
                              "ResponsiveLayout" : true,
                              "ShowDataLoading" : true,
                              "ShowExpandCollapseTab" : false,
                              "Style" : "DefaultContainerStyle",
                              "TabCollapseStyle" : "DefaultTabCollapseStyle",
                              "TabExpandStyle" : "DefaultTabExpandStyle",
                              "TabHeight" : 36,
                              "TabLocation" : "center",
                              "TabOffset" : 0,
                              "TabWidth" : 36,
                              "Type" : "container",
                              "Visible" : true,
                              "Z-index" : 10,
                              "__TypeDisplayName" : "Container",
                              "userCannotRemove" : true
                            },
                            "Widgets" : [ {
                              "Properties" : {
                                "AllowSelection" : true,
                                "AllowYAxisZoom" : true,
                                "Area" : "UI",
                                "AxisAutoscale1" : true,
                                "AxisAutoscale10" : true,
                                "AxisAutoscale11" : true,
                                "AxisAutoscale12" : true,
                                "AxisAutoscale13" : true,
                                "AxisAutoscale14" : true,
                                "AxisAutoscale15" : true,
                                "AxisAutoscale16" : true,
                                "AxisAutoscale17" : true,
                                "AxisAutoscale18" : true,
                                "AxisAutoscale19" : true,
                                "AxisAutoscale2" : true,
                                "AxisAutoscale20" : true,
                                "AxisAutoscale21" : true,
                                "AxisAutoscale22" : true,
                                "AxisAutoscale23" : true,
                                "AxisAutoscale24" : true,
                                "AxisAutoscale3" : false,
                                "AxisAutoscale4" : true,
                                "AxisAutoscale5" : true,
                                "AxisAutoscale6" : true,
                                "AxisAutoscale7" : true,
                                "AxisAutoscale8" : true,
                                "AxisAutoscale9" : true,
                                "AxisFormat1" : "0000 min",
                                "AxisFormat10" : "0000.0",
                                "AxisFormat11" : "0000.0",
                                "AxisFormat12" : "0000.0",
                                "AxisFormat13" : "0000.0",
                                "AxisFormat14" : "0000.0",
                                "AxisFormat15" : "0000.0",
                                "AxisFormat16" : "0000.0",
                                "AxisFormat17" : "0000.0",
                                "AxisFormat18" : "0000.0",
                                "AxisFormat19" : "0000.0",
                                "AxisFormat2" : "0000",
                                "AxisFormat20" : "0000.0",
                                "AxisFormat21" : "0000.0",
                                "AxisFormat22" : "0000.0",
                                "AxisFormat23" : "0000.0",
                                "AxisFormat24" : "0000.0",
                                "AxisFormat3" : "0000.0%",
                                "AxisFormat4" : "0000.0",
                                "AxisFormat5" : "0000.0",
                                "AxisFormat6" : "0000.0",
                                "AxisFormat7" : "0000.0",
                                "AxisFormat8" : "0000.0",
                                "AxisFormat9" : "0000.0",
                                "AxisMaximum1" : 100,
                                "AxisMaximum10" : 100,
                                "AxisMaximum11" : 100,
                                "AxisMaximum12" : 100,
                                "AxisMaximum13" : 100,
                                "AxisMaximum14" : 100,
                                "AxisMaximum15" : 100,
                                "AxisMaximum16" : 100,
                                "AxisMaximum17" : 100,
                                "AxisMaximum18" : 100,
                                "AxisMaximum19" : 100,
                                "AxisMaximum2" : 100,
                                "AxisMaximum20" : 100,
                                "AxisMaximum21" : 100,
                                "AxisMaximum22" : 100,
                                "AxisMaximum23" : 100,
                                "AxisMaximum24" : 100,
                                "AxisMaximum3" : 100,
                                "AxisMaximum4" : 100,
                                "AxisMaximum5" : 100,
                                "AxisMaximum6" : 100,
                                "AxisMaximum7" : 100,
                                "AxisMaximum8" : 100,
                                "AxisMaximum9" : 100,
                                "AxisMinimum1" : 0,
                                "AxisMinimum10" : 0,
                                "AxisMinimum11" : 0,
                                "AxisMinimum12" : 0,
                                "AxisMinimum13" : 0,
                                "AxisMinimum14" : 0,
                                "AxisMinimum15" : 0,
                                "AxisMinimum16" : 0,
                                "AxisMinimum17" : 0,
                                "AxisMinimum18" : 0,
                                "AxisMinimum19" : 0,
                                "AxisMinimum2" : 0,
                                "AxisMinimum20" : 0,
                                "AxisMinimum21" : 0,
                                "AxisMinimum22" : 0,
                                "AxisMinimum23" : 0,
                                "AxisMinimum24" : 0,
                                "AxisMinimum3" : 0,
                                "AxisMinimum4" : 0,
                                "AxisMinimum5" : 0,
                                "AxisMinimum6" : 0,
                                "AxisMinimum7" : 0,
                                "AxisMinimum8" : 0,
                                "AxisMinimum9" : 0,
                                "AxisZeroscale1" : false,
                                "AxisZeroscale10" : false,
                                "AxisZeroscale11" : false,
                                "AxisZeroscale12" : false,
                                "AxisZeroscale13" : false,
                                "AxisZeroscale14" : false,
                                "AxisZeroscale15" : false,
                                "AxisZeroscale16" : false,
                                "AxisZeroscale17" : false,
                                "AxisZeroscale18" : false,
                                "AxisZeroscale19" : false,
                                "AxisZeroscale2" : false,
                                "AxisZeroscale20" : false,
                                "AxisZeroscale21" : false,
                                "AxisZeroscale22" : false,
                                "AxisZeroscale23" : false,
                                "AxisZeroscale24" : false,
                                "AxisZeroscale3" : false,
                                "AxisZeroscale4" : false,
                                "AxisZeroscale5" : false,
                                "AxisZeroscale6" : false,
                                "AxisZeroscale7" : false,
                                "AxisZeroscale8" : false,
                                "AxisZeroscale9" : false,
                                "ChartAreaStyle" : "DefaultChartAreaStyle",
                                "ChartLegendStyle" : "DefaultChartLegendStyle",
                                "ChartOrientation" : "vertical",
                                "ChartStyle" : "DefaultChartStyle",
                                "ChartTitle" : "[[KBLocalSmartKPITimeLossesMashup.TimeLosses]]",
                                "ChartTitleStyle" : "DefaultChartTitleStyle",
                                "ChartType" : "bar",
                                "DataField1" : "TimeSumInMinutes",
                                "DataField2" : "Occurrences",
                                "DataField3" : "PercentCumulated",
                                "DataLabel1" : "Minutes",
                                "DataLabel2" : "Occurrences",
                                "DataLabel3" : "Percent Culminated",
                                "Description" : "",
                                "DisplayName" : "labelchart-43",
                                "EnableHover" : true,
                                "GridStyle" : "DefaultChartGridStyle",
                                "Height" : 240,
                                "Id" : "labelchart-43",
                                "LastContainer" : false,
                                "Left" : 0,
                                "LegendLocation" : "right",
                                "LegendOrientation" : "vertical",
                                "LegendWidth" : 0,
                                "MarkerSize" : 3,
                                "MarkerType" : "circle",
                                "NumberOfSeries" : 3,
                                "ResponsiveLayout" : true,
                                "SecondaryYAxisAutoscale" : false,
                                "SecondaryYAxisFormat" : "0000%",
                                "SecondaryYAxisMaximum" : 100,
                                "SecondaryYAxisMinimum" : 0,
                                "SecondaryYAxisTitle" : "",
                                "SecondaryYAxisZeroscale" : false,
                                "SelectedItemStyle" : "DefaultChartSelectionStyle",
                                "SeriesDataStyle1" : {
                                  "FieldName" : "Type",
                                  "StateDefinition" : "KBLocalStatusL1TypeState",
                                  "StateDefinitionType" : "string",
                                  "StateFormats" : [ {
                                    "comparator" : "==",
                                    "state" : "DefaultChartStyle8",
                                    "stateName" : "",
                                    "value" : "NA"
                                  }, {
                                    "comparator" : "==",
                                    "state" : "DefaultChartStyle15",
                                    "stateName" : "Process Efficiency",
                                    "value" : "OI"
                                  }, {
                                    "comparator" : "==",
                                    "state" : "DefaultChartStyle21",
                                    "stateName" : "Planned Downtime",
                                    "value" : "PI"
                                  }, {
                                    "comparator" : "==",
                                    "state" : "DefaultChartStyle3",
                                    "stateName" : "Equipment Availabilty",
                                    "value" : "TI"
                                  }, {
                                    "comparator" : "==",
                                    "state" : "DefaultChartStyle2",
                                    "stateName" : "Production",
                                    "value" : "Pr"
                                  }, {
                                    "comparator" : "==",
                                    "state" : "DefaultChartStyle9",
                                    "stateName" : "Rate of Quality",
                                    "value" : "RQ"
                                  }, {
                                    "comparator" : "==",
                                    "state" : "DefaultChartStyle4",
                                    "stateName" : "Not Defined",
                                    "value" : "ND"
                                  }, {
                                    "state" : "DefaultChartStyle8",
                                    "stateName" : ""
                                  } ]
                                },
                                "SeriesDataStyle10_StateParameters" : [ ],
                                "SeriesDataStyle11_StateParameters" : [ ],
                                "SeriesDataStyle12_StateParameters" : [ ],
                                "SeriesDataStyle13_StateParameters" : [ ],
                                "SeriesDataStyle14_StateParameters" : [ ],
                                "SeriesDataStyle15_StateParameters" : [ ],
                                "SeriesDataStyle16_StateParameters" : [ ],
                                "SeriesDataStyle17_StateParameters" : [ ],
                                "SeriesDataStyle18_StateParameters" : [ ],
                                "SeriesDataStyle19_StateParameters" : [ ],
                                "SeriesDataStyle1_StateParameters" : [ {
                                  "BaseType" : "STRING",
                                  "DefaultValue" : "OI",
                                  "Description" : "Process Efficiency",
                                  "ParameterName" : "SeriesDataStyle1_Process Efficiency"
                                }, {
                                  "BaseType" : "STRING",
                                  "DefaultValue" : "PI",
                                  "Description" : "Planned Downtime",
                                  "ParameterName" : "SeriesDataStyle1_Planned Downtime"
                                }, {
                                  "BaseType" : "STRING",
                                  "DefaultValue" : "TI",
                                  "Description" : "Equipment Availabilty",
                                  "ParameterName" : "SeriesDataStyle1_Equipment Availabilty"
                                }, {
                                  "BaseType" : "STRING",
                                  "DefaultValue" : "Pr",
                                  "Description" : "Production",
                                  "ParameterName" : "SeriesDataStyle1_Production"
                                }, {
                                  "BaseType" : "STRING",
                                  "DefaultValue" : "RQ",
                                  "Description" : "Rate of Quality",
                                  "ParameterName" : "SeriesDataStyle1_Rate of Quality"
                                }, {
                                  "BaseType" : "STRING",
                                  "DefaultValue" : "ND",
                                  "Description" : "Not Defined",
                                  "ParameterName" : "SeriesDataStyle1_Not Defined"
                                } ],
                                "SeriesDataStyle20_StateParameters" : [ ],
                                "SeriesDataStyle21_StateParameters" : [ ],
                                "SeriesDataStyle22_StateParameters" : [ ],
                                "SeriesDataStyle23_StateParameters" : [ ],
                                "SeriesDataStyle24_StateParameters" : [ ],
                                "SeriesDataStyle2_StateParameters" : [ ],
                                "SeriesDataStyle3_StateParameters" : [ ],
                                "SeriesDataStyle4_StateParameters" : [ ],
                                "SeriesDataStyle5_StateParameters" : [ ],
                                "SeriesDataStyle6_StateParameters" : [ ],
                                "SeriesDataStyle7_StateParameters" : [ ],
                                "SeriesDataStyle8_StateParameters" : [ ],
                                "SeriesDataStyle9_StateParameters" : [ ],
                                "SeriesMarkerType1" : "chart",
                                "SeriesMarkerType10" : "chart",
                                "SeriesMarkerType11" : "chart",
                                "SeriesMarkerType12" : "chart",
                                "SeriesMarkerType13" : "chart",
                                "SeriesMarkerType14" : "chart",
                                "SeriesMarkerType15" : "chart",
                                "SeriesMarkerType16" : "chart",
                                "SeriesMarkerType17" : "chart",
                                "SeriesMarkerType18" : "chart",
                                "SeriesMarkerType19" : "chart",
                                "SeriesMarkerType2" : "chart",
                                "SeriesMarkerType20" : "chart",
                                "SeriesMarkerType21" : "chart",
                                "SeriesMarkerType22" : "chart",
                                "SeriesMarkerType23" : "chart",
                                "SeriesMarkerType24" : "chart",
                                "SeriesMarkerType3" : "chart",
                                "SeriesMarkerType4" : "chart",
                                "SeriesMarkerType5" : "chart",
                                "SeriesMarkerType6" : "chart",
                                "SeriesMarkerType7" : "chart",
                                "SeriesMarkerType8" : "chart",
                                "SeriesMarkerType9" : "chart",
                                "SeriesStyle1" : "DefaultChartStyle1",
                                "SeriesStyle10" : "DefaultChartStyle10",
                                "SeriesStyle11" : "DefaultChartStyle11",
                                "SeriesStyle12" : "DefaultChartStyle12",
                                "SeriesStyle13" : "DefaultChartStyle13",
                                "SeriesStyle14" : "DefaultChartStyle14",
                                "SeriesStyle15" : "DefaultChartStyle15",
                                "SeriesStyle16" : "DefaultChartStyle16",
                                "SeriesStyle17" : "DefaultChartStyle17",
                                "SeriesStyle18" : "DefaultChartStyle18",
                                "SeriesStyle19" : "DefaultChartStyle19",
                                "SeriesStyle2" : "DefaultChartStyle2",
                                "SeriesStyle20" : "DefaultChartStyle20",
                                "SeriesStyle21" : "DefaultChartStyle21",
                                "SeriesStyle22" : "DefaultChartStyle22",
                                "SeriesStyle23" : "DefaultChartStyle23",
                                "SeriesStyle24" : "DefaultChartStyle24",
                                "SeriesStyle3" : "DefaultChartStyle6",
                                "SeriesStyle4" : "DefaultChartStyle4",
                                "SeriesStyle5" : "DefaultChartStyle5",
                                "SeriesStyle6" : "DefaultChartStyle6",
                                "SeriesStyle7" : "DefaultChartStyle7",
                                "SeriesStyle8" : "DefaultChartStyle8",
                                "SeriesStyle9" : "DefaultChartStyle9",
                                "SeriesType1" : "chart",
                                "SeriesType10" : "chart",
                                "SeriesType11" : "chart",
                                "SeriesType12" : "chart",
                                "SeriesType13" : "chart",
                                "SeriesType14" : "chart",
                                "SeriesType15" : "chart",
                                "SeriesType16" : "chart",
                                "SeriesType17" : "chart",
                                "SeriesType18" : "chart",
                                "SeriesType19" : "chart",
                                "SeriesType2" : "linemarker",
                                "SeriesType20" : "chart",
                                "SeriesType21" : "chart",
                                "SeriesType22" : "chart",
                                "SeriesType23" : "chart",
                                "SeriesType24" : "chart",
                                "SeriesType3" : "linemarker",
                                "SeriesType4" : "chart",
                                "SeriesType5" : "chart",
                                "SeriesType6" : "chart",
                                "SeriesType7" : "chart",
                                "SeriesType8" : "chart",
                                "SeriesType9" : "chart",
                                "ShowDataLoading" : true,
                                "ShowLegend" : true,
                                "ShowXAxis" : true,
                                "ShowXAxisGrid" : true,
                                "ShowXAxisLabels" : true,
                                "ShowXAxisTicks" : true,
                                "ShowYAxis" : true,
                                "ShowYAxisGrid" : true,
                                "ShowYAxisLabels" : true,
                                "ShowYAxisSmartLabels" : false,
                                "ShowYAxisTicks" : true,
                                "SingleDataSource" : true,
                                "Smoothing" : false,
                                "StackSeries" : false,
                                "ToolTipStyle" : "DefaultTooltipStyle",
                                "Top" : 0,
                                "TruncateX-AxisLabels" : 0,
                                "TruncateY-AxisLabels" : 0,
                                "Type" : "labelchart",
                                "UseSecondaryAxis1" : false,
                                "UseSecondaryAxis10" : false,
                                "UseSecondaryAxis11" : false,
                                "UseSecondaryAxis12" : false,
                                "UseSecondaryAxis13" : false,
                                "UseSecondaryAxis14" : false,
                                "UseSecondaryAxis15" : false,
                                "UseSecondaryAxis16" : false,
                                "UseSecondaryAxis17" : false,
                                "UseSecondaryAxis18" : false,
                                "UseSecondaryAxis19" : false,
                                "UseSecondaryAxis2" : true,
                                "UseSecondaryAxis20" : false,
                                "UseSecondaryAxis21" : false,
                                "UseSecondaryAxis22" : false,
                                "UseSecondaryAxis23" : false,
                                "UseSecondaryAxis24" : false,
                                "UseSecondaryAxis3" : false,
                                "UseSecondaryAxis4" : false,
                                "UseSecondaryAxis5" : false,
                                "UseSecondaryAxis6" : false,
                                "UseSecondaryAxis7" : false,
                                "UseSecondaryAxis8" : false,
                                "UseSecondaryAxis9" : false,
                                "Visible" : true,
                                "Width" : 640,
                                "XAxisField" : "StatusNameLevel2",
                                "XAxisFormat" : "000000000.0",
                                "XAxisLabelRotation" : 20,
                                "XAxisLabelType" : "STRING",
                                "XAxisStyle" : "KBDashboardGadgetTitleMiddleStyle",
                                "XAxisTitle" : "",
                                "YAxisAutoscale" : true,
                                "YAxisFormat" : "0000 min",
                                "YAxisIntervals" : 10,
                                "YAxisLabels" : 2,
                                "YAxisMaximum" : 100,
                                "YAxisMinimum" : 0,
                                "YAxisMinorTicks" : 1,
                                "YAxisMode" : "multi",
                                "YAxisStyle" : "KBDashboardGadgetTitleStyle",
                                "YAxisTitle" : "",
                                "YAxisZeroscale" : false,
                                "Z-index" : 10,
                                "__TypeDisplayName" : "Label Chart",
                                "__supportsTooltip" : true
                              },
                              "Widgets" : [ ]
                            } ]
                          } ]
                        } ]
                      } ]
                    } ]
                  } ]
                } ]
              },
              "mashupType" : "mashup"
            }
            ]]>
            </mashupContent>
            <preview></preview>
        </Mashup>
    </Mashups>
</Entities>
