<?xml version="1.0" encoding="UTF-8" standalone="no"?>
<Entities build="b692" majorVersion="9" minorVersion="0"
	modelPersistenceProviderPackage="AzuresqlPersistenceProviderPackage"
	revision="11" schemaVersion="1109" universal="">
	<Mashups>
		<Mashup aspect.isFlex="true" aspect.isResponsive="true"
			aspect.mashupType="mashup" columns="0.0" description=""
			documentationContent="" homeMashup=""
			lastModifiedDate="2021-04-13T10:54:41.208Z"
			name="KBLocalSmartKPIMachineLevelExpandPDF_V1" projectName="KBsmartKPI"
			rows="0.0" tags="KBThingWorxInstallationVocabulary:ExtensionSmartKPI">
			<Owner name="ext-sharmash" type="User" />
			<avatar />
			<DesignTimePermissions>
				<Create />
				<Read />
				<Update />
				<Delete />
				<Metadata />
			</DesignTimePermissions>
			<RunTimePermissions>
				<Permissions resourceName="*">
					<PropertyRead>
						<Principal isPermitted="true" name="KBUserGroup"
							type="Group" />
					</PropertyRead>
					<PropertyWrite />
					<ServiceInvoke>
						<Principal isPermitted="true" name="KBUserGroup"
							type="Group" />
					</ServiceInvoke>
					<EventInvoke />
					<EventSubscribe />
				</Permissions>
			</RunTimePermissions>
			<VisibilityPermissions>
				<Visibility>
					<Principal isPermitted="true" name="KBOrganization"
						type="Organization" />
				</Visibility>
			</VisibilityPermissions>
			<ConfigurationTableDefinitions />
			<ConfigurationTables>
				<ConfigurationTable dataShapeName=""
					description="Mashup Mobile Settings" isHidden="true"
					isMultiRow="false" name="MobileSettings" ordinal="0">
					<DataShape>
						<FieldDefinitions>
							<FieldDefinition aspect.defaultValue="false"
								baseType="BOOLEAN" description="" name="disableZoom" ordinal="0" />
							<FieldDefinition aspect.defaultValue="true"
								baseType="BOOLEAN" description="" name="fullScreenMode"
								ordinal="0" />
							<FieldDefinition baseType="STRING" description=""
								name="height" ordinal="0" />
							<FieldDefinition
								aspect.defaultValue="device-height" baseType="STRING"
								description="" name="heightType" ordinal="0" />
							<FieldDefinition aspect.defaultValue="1.0"
								baseType="NUMBER" description="" name="initialScale" ordinal="0" />
							<FieldDefinition baseType="STRING" description=""
								name="iosShortcutIconTitle" ordinal="0" />
							<FieldDefinition
								aspect.defaultValue="black-translucent" baseType="STRING"
								description="" name="iosStatusBarAppearance" ordinal="0" />
							<FieldDefinition aspect.defaultValue="10.0"
								baseType="NUMBER" description="" name="maximumScale" ordinal="0" />
							<FieldDefinition aspect.defaultValue="0.1"
								baseType="NUMBER" description="" name="minimumScale" ordinal="0" />
							<FieldDefinition baseType="STRING" description=""
								name="width" ordinal="0" />
							<FieldDefinition
								aspect.defaultValue="device-width" baseType="STRING"
								description="" name="widthType" ordinal="0" />
						</FieldDefinitions>
					</DataShape>
					<Rows>
						<Row>
							<disableZoom>false</disableZoom>
							<fullScreenMode>true</fullScreenMode>
							<height><![CDATA[device-height]]></height>
							<heightType><![CDATA[device-height]]></heightType>
							<initialScale>1.0</initialScale>
							<iosShortcutIconTitle />
							<iosStatusBarAppearance><![CDATA[black-translucent]]></iosStatusBarAppearance>
							<maximumScale>10.0</maximumScale>
							<minimumScale>0.1</minimumScale>
							<width><![CDATA[device-width]]></width>
							<widthType><![CDATA[device-width]]></widthType>
						</Row>
					</Rows>
				</ConfigurationTable>
			</ConfigurationTables>
			<ParameterDefinitions>
				<FieldDefinition aspect.bindingDirection="IN"
					aspect.isMandatory="false" baseType="STRING" description=""
					name="inputDataContent" ordinal="0" />
			</ParameterDefinitions>
			<Things />
			<ThingShapes />
			<ThingTemplates />
			<mashupContent><![CDATA[{
  "CustomMashupCss" : "ptcs-value-display::part(overflow-control) {\nheight: 100%;\n     width: 98%;\n}\nptcs-value-display::part(value-container) {\nheight: 100%;\n     width: 100%;\n}\nptcs-value-display::part(item-value-container) {\nheight: 100%;\n     width: 100%;\n}",
  "Data" : {
    "Session" : {
      "DataName" : "Session",
      "EntityName" : "",
      "EntityType" : "Session",
      "Id" : "session",
      "Services" : [ {
        "APIMethod" : "post",
        "Characteristic" : "Services",
        "Id" : "SessionInterface",
        "Name" : "GetGlobalSessionValues",
        "Parameters" : { },
        "RefreshInterval" : 0,
        "Target" : "GetGlobalSessionValues"
      } ]
    },
    "UserExtensions" : {
      "DataName" : "UserExtensions",
      "EntityName" : "",
      "EntityType" : "UserExtensions",
      "Id" : "UserExtensions",
      "Services" : [ {
        "APIMethod" : "post",
        "Characteristic" : "Services",
        "Id" : "UserExtensionInterface",
        "Name" : "GetCurrentUserExtensionProperties",
        "Parameters" : { },
        "RefreshInterval" : 0,
        "Target" : "GetCurrentUserExtensionProperties"
      } ]
    }
  },
  "DataBindings" : [ {
    "Id" : "20b1dfc8-3bab-4190-bea5-8ccef0335acd",
    "PropertyMaps" : [ {
      "SourceProperty" : "inputDataContent",
      "SourcePropertyBaseType" : "STRING",
      "SourcePropertyType" : "Property",
      "TargetProperty" : "Data",
      "TargetPropertyBaseType" : "ANYSCALAR",
      "TargetPropertyType" : "property"
    } ],
    "SourceArea" : "Mashup",
    "SourceDetails" : "",
    "SourceId" : "mashup-root",
    "SourceSection" : "",
    "TargetArea" : "UI",
    "TargetId" : "ptcsvaluedisplay-4",
    "TargetSection" : ""
  } ],
  "DesignTimePermissions" : { },
  "Events" : [ ],
  "RunTimePermissions" : { },
  "UI" : {
    "Properties" : {
      "AddToDashboardButton" : "SimplePlus",
      "AddToDashboardButtonStyle" : "DefaultAddToDashboardButtonStyle",
      "Area" : "Mashup",
      "BGImage" : "",
      "BGImageRepeat" : "no-repeat",
      "BGImageSize" : "auto",
      "Columns" : 0,
      "ConfigureGadgetButton" : "SimpleGear",
      "ConfigureGadgetButtonStyle" : "DefaultConfigureGadgetButtonStyle",
      "DisplayName" : "Mashup",
      "EnableParameterEditing" : false,
      "Height" : 618,
      "Id" : "mashup-root",
      "IgnoreWarningsInViewMashup" : false,
      "IsPrintLayout" : false,
      "Left" : 0,
      "MashupToEditGadget" : "DefaultMashupToEditGadget",
      "MinHeight" : 0,
      "MinWidth" : 0,
      "ResponsiveLayout" : true,
      "Rows" : 0,
      "ShowDataLoading" : true,
      "Style" : "DefaultMashupStyle",
      "StyleProperties" : {
        "data" : { },
        "meta" : {
          "type" : "WidgetStyler",
          "version" : "1.0"
        }
      },
      "StyleTheme" : "PTC Convergence Theme",
      "Title" : "",
      "TitleBar" : false,
      "TitleBarStyle" : "DefaultTitleBarStyle",
      "TitleBarText" : "Gadget Title Here",
      "Top" : 0,
      "Type" : "mashup",
      "UseMasterTheme" : false,
      "UseTheme" : false,
      "UseThemeForHybrids" : false,
      "Visible" : true,
      "Width" : 1024,
      "Z-index" : 10,
      "__TypeDisplayName" : "Mashup",
      "_currentParameterDefs" : [ {
        "Aspects" : {
          "bindingDirection" : "IN",
          "isMandatory" : false
        },
        "BaseType" : "STRING",
        "Description" : "",
        "ParameterName" : "inputDataContent"
      } ],
      "id_index" : 8,
      "supportsAutoResize" : true
    },
    "Widgets" : [ {
      "Properties" : {
        "Area" : "UI",
        "DisplayName" : "container-2",
        "EnableExpandCollapse" : false,
        "Expanded" : true,
        "Id" : "flexcontainer-2",
        "LastContainer" : true,
        "Overlay" : false,
        "ResponsiveLayout" : true,
        "ShowDataLoading" : true,
        "ShowExpandCollapseTab" : false,
        "SourceURL" : "",
        "Style" : "DefaultContainerStyle",
        "StyleProperties" : { },
        "Type" : "flexcontainer",
        "UseTheme" : true,
        "Visible" : true,
        "Z-index" : 10,
        "__TypeDisplayName" : "Responsive Container",
        "align-content" : "flex-start",
        "align-items" : "flex-start",
        "flex-basis" : "auto",
        "flex-direction" : "row",
        "flex-grow" : 1,
        "flex-max-height" : "",
        "flex-max-width" : "",
        "flex-min-height" : "",
        "flex-min-width" : "",
        "flex-shrink" : 1,
        "flex-size" : "default",
        "flex-wrap" : "nowrap",
        "iconClass" : "widgets-flexcontainer",
        "isLocked" : false,
        "justify-content" : "flex-start",
        "positioning" : "responsive",
        "userCannotRemove" : true
      },
      "Widgets" : [ {
        "Properties" : {
          "Area" : "UI",
          "DataBaseType" : "STRING",
          "Disabled" : false,
          "DisclosureControl" : "ellipsis",
          "DisplayName" : "ptcs-valuedisplay-4",
          "HorizontalAlignment" : "left",
          "Id" : "ptcsvaluedisplay-4",
          "ItemMeta" : {
            "type" : "text"
          },
          "Label" : "",
          "LabelAlignment" : "left",
          "LabelType" : "label",
          "LastContainer" : false,
          "Left" : 0,
          "ModalHeight" : 380,
          "ModalWidth" : 600,
          "MultiLine" : true,
          "ResponsiveLayout" : true,
          "ShowDataLoading" : true,
          "TabSequence" : 0,
          "TextIfNoValue" : "",
          "Top" : 0,
          "Type" : "ptcsvaluedisplay",
          "UseTheme" : true,
          "ValueFormat" : {
            "FormatString" : "unsanitized",
            "renderer" : "HTML",
            "roundingEnabled" : false,
            "showDependentField" : false
          },
          "ValueFormat_StateParameters" : [ ],
          "VerticalAlignment" : "flex-start",
          "Visible" : true,
          "Z-index" : 10,
          "__TypeDisplayName" : "Value Display",
          "overflowShowLessTxt" : "[[showLess]]",
          "overflowShowMoreTxt" : "[[showMore]]"
        },
        "Widgets" : [ ]
      } ]
    } ]
  },
  "mashupType" : "mashup"
}]]></mashupContent>
			<preview />
			<ConfigurationChanges>
				<ConfigurationChange changeAction="CREATE"
					changeReason="header : name : updated, projectName : updated, tags : updated&#10;"
					timestamp="2021-04-13T08:56:36.580Z" user="ext-sharmash" />
				<ConfigurationChange changeAction="MODIFY"
					changeReason="Mashup : design : updated&#10;"
					timestamp="2021-04-13T08:57:27.324Z" user="ext-sharmash" />
				<ConfigurationChange changeAction="MODIFY"
					changeReason="Mashup : design : updated&#10;"
					timestamp="2021-04-13T08:58:25.009Z" user="ext-sharmash" />
				<ConfigurationChange changeAction="MODIFY"
					changeReason="Mashup : design : updated&#10;"
					timestamp="2021-04-13T10:47:23.637Z" user="ext-sharmash" />
				<ConfigurationChange changeAction="MODIFY"
					changeReason="Mashup : design : updated&#10;"
					timestamp="2021-04-13T10:48:18.539Z" user="ext-sharmash" />
				<ConfigurationChange changeAction="MODIFY"
					changeReason="Mashup : design : updated&#10;"
					timestamp="2021-04-13T10:49:50.816Z" user="ext-sharmash" />
				<ConfigurationChange changeAction="MODIFY"
					changeReason="Mashup : design : updated&#10;"
					timestamp="2021-04-13T10:50:25.295Z" user="ext-sharmash" />
				<ConfigurationChange changeAction="MODIFY"
					changeReason="custom-css : value : updated&#10;"
					timestamp="2021-04-13T10:52:20.942Z" user="ext-sharmash" />
				<ConfigurationChange changeAction="MODIFY"
					changeReason="custom-css : value : updated&#10;"
					timestamp="2021-04-13T10:52:58.127Z" user="ext-sharmash" />
				<ConfigurationChange changeAction="MODIFY"
					changeReason="custom-css : value : updated&#10;"
					timestamp="2021-04-13T10:53:28.748Z" user="ext-sharmash" />
				<ConfigurationChange changeAction="MODIFY"
					changeReason="custom-css : value : updated&#10;"
					timestamp="2021-04-13T10:53:53.911Z" user="ext-sharmash" />
				<ConfigurationChange changeAction="MODIFY"
					changeReason="custom-css : value : updated&#10;"
					timestamp="2021-04-13T10:54:15.581Z" user="ext-sharmash" />
				<ConfigurationChange changeAction="MODIFY"
					changeReason="custom-css : value : updated&#10;"
					timestamp="2021-04-13T10:54:41.208Z" user="ext-sharmash" />
			</ConfigurationChanges>
		</Mashup>
	</Mashups>
</Entities>