<?xml version="1.0" encoding="UTF-8"?>
<Entities
 build="b706"
 majorVersion="9"
 minorVersion="0"
 modelPersistenceProviderPackage="MssqlPersistenceProviderPackage"
 revision="12"
 schemaVersion="1109"
 universal="password">
    <Mashups>
        <Mashup
         aspect.isExtension="true"
         aspect.isFlex="true"
         aspect.isResponsive="true"
         aspect.mashupType="mashup"
         columns="0.0"
         description=""
         documentationContent=""
         homeMashup=""
         lastModifiedDate="2022-02-08T08:39:27.685Z"
         name="KBMultiMachineLossComparisonChart"
         projectName=""
         rows="0.0"
         tags="">
            <avatar></avatar>
            <DesignTimePermissions>
                <Create></Create>
                <Read></Read>
                <Update></Update>
                <Delete></Delete>
                <Metadata></Metadata>
            </DesignTimePermissions>
            <RunTimePermissions>
                <Permissions
                 resourceName="*">
                    <PropertyRead>
                        <Principal
                         isPermitted="true"
                         name="KBUserGroup"
                         type="Group"></Principal>
                    </PropertyRead>
                    <PropertyWrite></PropertyWrite>
                    <ServiceInvoke>
                        <Principal
                         isPermitted="true"
                         name="KBUserGroup"
                         type="Group"></Principal>
                    </ServiceInvoke>
                    <EventInvoke></EventInvoke>
                    <EventSubscribe></EventSubscribe>
                </Permissions>
            </RunTimePermissions>
            <VisibilityPermissions>
                <Visibility>
                    <Principal
                     isPermitted="true"
                     name="KBOrganization"
                     type="Organization"></Principal>
                </Visibility>
            </VisibilityPermissions>
            <ConfigurationTableDefinitions></ConfigurationTableDefinitions>
            <ConfigurationTables>
                <ConfigurationTable
                 dataShapeName=""
                 description="Mashup Mobile Settings"
                 isHidden="true"
                 isMultiRow="false"
                 name="MobileSettings"
                 ordinal="0">
                    <DataShape>
                        <FieldDefinitions>
                            <FieldDefinition
                             aspect.defaultValue="false"
                             baseType="BOOLEAN"
                             description=""
                             name="disableZoom"
                             ordinal="0"></FieldDefinition>
                            <FieldDefinition
                             aspect.defaultValue="true"
                             baseType="BOOLEAN"
                             description=""
                             name="fullScreenMode"
                             ordinal="0"></FieldDefinition>
                            <FieldDefinition
                             baseType="STRING"
                             description=""
                             name="height"
                             ordinal="0"></FieldDefinition>
                            <FieldDefinition
                             aspect.defaultValue="device-height"
                             baseType="STRING"
                             description=""
                             name="heightType"
                             ordinal="0"></FieldDefinition>
                            <FieldDefinition
                             aspect.defaultValue="1.0"
                             baseType="NUMBER"
                             description=""
                             name="initialScale"
                             ordinal="0"></FieldDefinition>
                            <FieldDefinition
                             baseType="STRING"
                             description=""
                             name="iosShortcutIconTitle"
                             ordinal="0"></FieldDefinition>
                            <FieldDefinition
                             aspect.defaultValue="black-translucent"
                             baseType="STRING"
                             description=""
                             name="iosStatusBarAppearance"
                             ordinal="0"></FieldDefinition>
                            <FieldDefinition
                             aspect.defaultValue="10.0"
                             baseType="NUMBER"
                             description=""
                             name="maximumScale"
                             ordinal="0"></FieldDefinition>
                            <FieldDefinition
                             aspect.defaultValue="0.1"
                             baseType="NUMBER"
                             description=""
                             name="minimumScale"
                             ordinal="0"></FieldDefinition>
                            <FieldDefinition
                             baseType="STRING"
                             description=""
                             name="width"
                             ordinal="0"></FieldDefinition>
                            <FieldDefinition
                             aspect.defaultValue="device-width"
                             baseType="STRING"
                             description=""
                             name="widthType"
                             ordinal="0"></FieldDefinition>
                        </FieldDefinitions>
                    </DataShape>
                    <Rows>
                        <Row>
                            <disableZoom>false</disableZoom>
                            <fullScreenMode>true</fullScreenMode>
                            <height>
                            <![CDATA[
                            device-height
                            ]]>
                            </height>
                            <heightType>
                            <![CDATA[
                            device-height
                            ]]>
                            </heightType>
                            <initialScale>1.0</initialScale>
                            <iosShortcutIconTitle></iosShortcutIconTitle>
                            <iosStatusBarAppearance>
                            <![CDATA[
                            black-translucent
                            ]]>
                            </iosStatusBarAppearance>
                            <maximumScale>10.0</maximumScale>
                            <minimumScale>0.1</minimumScale>
                            <width>
                            <![CDATA[
                            device-width
                            ]]>
                            </width>
                            <widthType>
                            <![CDATA[
                            device-width
                            ]]>
                            </widthType>
                        </Row>
                    </Rows>
                </ConfigurationTable>
            </ConfigurationTables>
            <ParameterDefinitions>
                <FieldDefinition
                 aspect.bindingDirection="IN"
                 aspect.isMandatory="false"
                 baseType="STRING"
                 description=""
                 name="Division"
                 ordinal="0"></FieldDefinition>
                <FieldDefinition
                 aspect.bindingDirection="IN"
                 aspect.isMandatory="false"
                 baseType="DATETIME"
                 description=""
                 name="EndDate"
                 ordinal="0"></FieldDefinition>
                <FieldDefinition
                 aspect.bindingDirection="IN"
                 aspect.isMandatory="false"
                 baseType="STRING"
                 description=""
                 name="Machine2"
                 ordinal="0"></FieldDefinition>
                <FieldDefinition
                 aspect.bindingDirection="IN"
                 aspect.isMandatory="false"
                 baseType="DATETIME"
                 description=""
                 name="StartDate"
                 ordinal="0"></FieldDefinition>
            </ParameterDefinitions>
            <Things></Things>
            <ThingShapes></ThingShapes>
            <ThingTemplates></ThingTemplates>
            <mashupContent>
            <![CDATA[
            {
              "CustomMashupCss" : "",
              "Data" : {
                "DynamicThingShapes_KBLocalMachineSmartKPIShape" : {
                  "DataName" : "DynamicThingShapes_KBLocalMachineSmartKPIShape",
                  "EntityName" : "KBLocalMachineSmartKPIShape",
                  "EntityType" : "DynamicThingShapes",
                  "Id" : "f6a3dd70-6066-46ad-a472-e5d058a1ba27",
                  "RefreshInterval" : 0,
                  "Services" : [ {
                    "APIMethod" : "post",
                    "Characteristic" : "Services",
                    "Id" : "5f66aa49-13bd-48b6-9da8-3af87d6a0f2d",
                    "Name" : "GetStringPropertyValue",
                    "Parameters" : {
                      "propertyName" : "SAPWorkcenterNumber"
                    },
                    "RefreshInterval" : 0,
                    "Target" : "GetStringPropertyValue"
                  } ]
                },
                "Session" : {
                  "DataName" : "Session",
                  "EntityName" : "",
                  "EntityType" : "Session",
                  "Id" : "session",
                  "Services" : [ {
                    "APIMethod" : "post",
                    "Characteristic" : "Services",
                    "Id" : "SessionInterface",
                    "Name" : "GetGlobalSessionValues",
                    "Parameters" : { },
                    "RefreshInterval" : 0,
                    "Target" : "GetGlobalSessionValues"
                  } ]
                },
                "Things_KBKPILocalThingWorxDatabaseThing" : {
                  "DataName" : "Things_KBKPILocalThingWorxDatabaseThing",
                  "EntityName" : "KBKPILocalThingWorxDatabaseThing",
                  "EntityType" : "Things",
                  "Id" : "5b865d90-a7b8-4fd9-93d7-549a3294651a",
                  "RefreshInterval" : 0,
                  "Services" : [ {
                    "APIMethod" : "post",
                    "Characteristic" : "Services",
                    "Id" : "59fad441-8f75-4d69-88e8-6d41bcb9d61d",
                    "Name" : "GetCVSTimeLossRawDataPartial",
                    "Parameters" : {
                      "PartName" : "Shift Calendar"
                    },
                    "RefreshInterval" : 0,
                    "Target" : "GetCVSTimeLossRawDataPartial"
                  }, {
                    "APIMethod" : "post",
                    "Characteristic" : "Services",
                    "Id" : "23cfe64d-1488-4d58-8733-1cdff488f3b8",
                    "Name" : "GetCVSTimeLossRawDataPartial1",
                    "Parameters" : {
                      "PartName" : "Order"
                    },
                    "RefreshInterval" : 0,
                    "Target" : "GetCVSTimeLossRawDataPartial"
                  }, {
                    "APIMethod" : "post",
                    "Characteristic" : "Services",
                    "Id" : "e1838da3-cfea-4329-a0c5-0ce1dfba0702",
                    "Name" : "GetApoOrderGantData",
                    "Parameters" : { },
                    "RefreshInterval" : 0,
                    "Target" : "GetApoOrderGantData"
                  }, {
                    "APIMethod" : "post",
                    "Characteristic" : "Services",
                    "Id" : "83ea4af7-24f3-4a16-8f77-bf002a283ddd",
                    "Name" : "GetCVSOrderDataFromTimeLossRaw",
                    "Parameters" : { },
                    "RefreshInterval" : 0,
                    "Target" : "GetCVSOrderDataFromTimeLossRaw"
                  } ]
                },
                "UserExtensions" : {
                  "DataName" : "UserExtensions",
                  "EntityName" : "",
                  "EntityType" : "UserExtensions",
                  "Id" : "UserExtensions",
                  "Services" : [ {
                    "APIMethod" : "post",
                    "Characteristic" : "Services",
                    "Id" : "UserExtensionInterface",
                    "Name" : "GetCurrentUserExtensionProperties",
                    "Parameters" : { },
                    "RefreshInterval" : 0,
                    "Target" : "GetCurrentUserExtensionProperties"
                  } ]
                }
              },
              "DataBindings" : [ {
                "Id" : "b4f92ab0-3c81-4e59-adec-a9b333082087",
                "PropertyMaps" : [ {
                  "SourceProperty" : "",
                  "SourcePropertyBaseType" : "INFOTABLE",
                  "SourcePropertyType" : "InfoTable",
                  "TargetProperty" : "Data",
                  "TargetPropertyBaseType" : "INFOTABLE",
                  "TargetPropertyType" : "property"
                } ],
                "SourceArea" : "Data",
                "SourceDetails" : "AllData",
                "SourceId" : "GetCVSTimeLossRawDataPartial",
                "SourceSection" : "Things_KBKPILocalThingWorxDatabaseThing",
                "TargetArea" : "UI",
                "TargetId" : "eventchart-15",
                "TargetSection" : ""
              }, {
                "Id" : "7588f8c6-2173-47a1-811d-78c7470f9aa2",
                "PropertyMaps" : [ {
                  "SourceProperty" : "StartDate",
                  "SourcePropertyBaseType" : "DATETIME",
                  "SourcePropertyType" : "property",
                  "TargetProperty" : "XAxisMinimum",
                  "TargetPropertyBaseType" : "DATETIME",
                  "TargetPropertyType" : "property"
                } ],
                "SourceArea" : "Mashup",
                "SourceId" : "mashup-root",
                "SourceSection" : "",
                "TargetArea" : "UI",
                "TargetId" : "eventchart-15",
                "TargetSection" : ""
              }, {
                "Id" : "ae39570e-37d1-4d86-9122-2ae8285e5658",
                "PropertyMaps" : [ {
                  "SourceProperty" : "EndDate",
                  "SourcePropertyBaseType" : "DATETIME",
                  "SourcePropertyType" : "property",
                  "TargetProperty" : "XAxisMaximum",
                  "TargetPropertyBaseType" : "DATETIME",
                  "TargetPropertyType" : "property"
                } ],
                "SourceArea" : "Mashup",
                "SourceId" : "mashup-root",
                "SourceSection" : "",
                "TargetArea" : "UI",
                "TargetId" : "eventchart-15",
                "TargetSection" : ""
              }, {
                "Id" : "d88498b0-11ff-4f09-b79c-84c2234a4632",
                "PropertyMaps" : [ {
                  "SourceProperty" : "EndDate",
                  "SourcePropertyBaseType" : "DATETIME",
                  "SourcePropertyType" : "property",
                  "TargetProperty" : "EndDate",
                  "TargetPropertyBaseType" : "DATETIME",
                  "TargetPropertyType" : "Parameter"
                } ],
                "SourceArea" : "Mashup",
                "SourceId" : "mashup-root",
                "SourceSection" : "",
                "TargetArea" : "Data",
                "TargetId" : "GetCVSTimeLossRawDataPartial",
                "TargetSection" : "Things_KBKPILocalThingWorxDatabaseThing"
              }, {
                "Id" : "689bbae2-e540-4411-9c1e-d4a03c056d68",
                "PropertyMaps" : [ {
                  "SourceProperty" : "StartDate",
                  "SourcePropertyBaseType" : "DATETIME",
                  "SourcePropertyType" : "property",
                  "TargetProperty" : "StartDate",
                  "TargetPropertyBaseType" : "DATETIME",
                  "TargetPropertyType" : "Parameter"
                } ],
                "SourceArea" : "Mashup",
                "SourceId" : "mashup-root",
                "SourceSection" : "",
                "TargetArea" : "Data",
                "TargetId" : "GetCVSTimeLossRawDataPartial",
                "TargetSection" : "Things_KBKPILocalThingWorxDatabaseThing"
              }, {
                "Id" : "986cbca1-ad3b-4155-b0bd-9301faba43b8",
                "PropertyMaps" : [ {
                  "SourceProperty" : "result",
                  "SourcePropertyBaseType" : "STRING",
                  "SourcePropertyType" : "Field",
                  "TargetProperty" : "Machine",
                  "TargetPropertyBaseType" : "STRING",
                  "TargetPropertyType" : "Parameter"
                } ],
                "SourceArea" : "Data",
                "SourceDetails" : "AllData",
                "SourceId" : "GetStringPropertyValue",
                "SourceSection" : "DynamicThingShapes_KBLocalMachineSmartKPIShape",
                "TargetArea" : "Data",
                "TargetId" : "GetCVSTimeLossRawDataPartial",
                "TargetSection" : "Things_KBKPILocalThingWorxDatabaseThing"
              }, {
                "Id" : "bda5ba6c-a9a6-499c-b16b-bc6bd2b06687",
                "PropertyMaps" : [ {
                  "SourceProperty" : "StartDate",
                  "SourcePropertyBaseType" : "DATETIME",
                  "SourcePropertyType" : "property",
                  "TargetProperty" : "XAxisMinimum",
                  "TargetPropertyBaseType" : "DATETIME",
                  "TargetPropertyType" : "property"
                } ],
                "SourceArea" : "Mashup",
                "SourceId" : "mashup-root",
                "SourceSection" : "",
                "TargetArea" : "UI",
                "TargetId" : "eventchart-21",
                "TargetSection" : ""
              }, {
                "Id" : "b10b09f4-ea61-4a1a-b554-d9545b75e641",
                "PropertyMaps" : [ {
                  "SourceProperty" : "EndDate",
                  "SourcePropertyBaseType" : "DATETIME",
                  "SourcePropertyType" : "property",
                  "TargetProperty" : "XAxisMaximum",
                  "TargetPropertyBaseType" : "DATETIME",
                  "TargetPropertyType" : "property"
                } ],
                "SourceArea" : "Mashup",
                "SourceId" : "mashup-root",
                "SourceSection" : "",
                "TargetArea" : "UI",
                "TargetId" : "eventchart-21",
                "TargetSection" : ""
              }, {
                "Id" : "3472f44f-1e25-47a6-9649-082dc54bd743",
                "PropertyMaps" : [ {
                  "SourceProperty" : "EndDate",
                  "SourcePropertyBaseType" : "DATETIME",
                  "SourcePropertyType" : "property",
                  "TargetProperty" : "EndDate",
                  "TargetPropertyBaseType" : "DATETIME",
                  "TargetPropertyType" : "Parameter"
                } ],
                "SourceArea" : "Mashup",
                "SourceId" : "mashup-root",
                "SourceSection" : "",
                "TargetArea" : "Data",
                "TargetId" : "GetCVSTimeLossRawDataPartial1",
                "TargetSection" : "Things_KBKPILocalThingWorxDatabaseThing"
              }, {
                "Id" : "abe28383-a7ca-4d54-a8ed-5ed81595889f",
                "PropertyMaps" : [ {
                  "SourceProperty" : "StartDate",
                  "SourcePropertyBaseType" : "DATETIME",
                  "SourcePropertyType" : "property",
                  "TargetProperty" : "StartDate",
                  "TargetPropertyBaseType" : "DATETIME",
                  "TargetPropertyType" : "Parameter"
                } ],
                "SourceArea" : "Mashup",
                "SourceId" : "mashup-root",
                "SourceSection" : "",
                "TargetArea" : "Data",
                "TargetId" : "GetCVSTimeLossRawDataPartial1",
                "TargetSection" : "Things_KBKPILocalThingWorxDatabaseThing"
              }, {
                "Id" : "5f81c8f9-2f2e-4944-a721-e6eb536f3554",
                "PropertyMaps" : [ {
                  "SourceProperty" : "StartDate",
                  "SourcePropertyBaseType" : "DATETIME",
                  "SourcePropertyType" : "property",
                  "TargetProperty" : "StartTime",
                  "TargetPropertyBaseType" : "DATETIME",
                  "TargetPropertyType" : "Parameter"
                } ],
                "SourceArea" : "Mashup",
                "SourceId" : "mashup-root",
                "SourceSection" : "",
                "TargetArea" : "Data",
                "TargetId" : "GetCVSTimeLossRawDataPartialConsolidated",
                "TargetSection" : "Things_KBKPILocalThingWorxDatabaseThing"
              }, {
                "Id" : "d6fde596-98fc-4f33-8dd4-e15dcf7d81bf",
                "PropertyMaps" : [ {
                  "SourceProperty" : "language",
                  "SourcePropertyBaseType" : "STRING",
                  "SourcePropertyType" : "Field",
                  "TargetProperty" : "Language",
                  "TargetPropertyBaseType" : "STRING",
                  "TargetPropertyType" : "Parameter"
                } ],
                "SourceArea" : "UserExtensions",
                "SourceDetails" : "AllData",
                "SourceId" : "UserExtensions",
                "SourceSection" : "UserExtensions",
                "TargetArea" : "Data",
                "TargetId" : "GetCVSTimeLossRawDataPartialConsolidated",
                "TargetSection" : "Things_KBKPILocalThingWorxDatabaseThing"
              }, {
                "Id" : "c66d7abc-0fa1-464e-8c35-e21cb770ae01",
                "PropertyMaps" : [ {
                  "SourceProperty" : "Machine2",
                  "SourcePropertyBaseType" : "STRING",
                  "SourcePropertyType" : "property",
                  "TargetProperty" : "value",
                  "TargetPropertyBaseType" : "THINGNAME",
                  "TargetPropertyType" : "Entity"
                } ],
                "SourceArea" : "Mashup",
                "SourceId" : "mashup-root",
                "SourceSection" : "",
                "TargetArea" : "Data",
                "TargetId" : "EntityName",
                "TargetSection" : "DynamicThingShapes_KBLocalMachineSmartKPIShape"
              }, {
                "Id" : "d7cf93fc-cc4c-4bd8-8deb-594b9659db3c",
                "PropertyMaps" : [ {
                  "SourceProperty" : "Machine2",
                  "SourcePropertyBaseType" : "STRING",
                  "SourcePropertyType" : "property",
                  "TargetProperty" : "Machine",
                  "TargetPropertyBaseType" : "STRING",
                  "TargetPropertyType" : "Parameter"
                } ],
                "SourceArea" : "Mashup",
                "SourceId" : "mashup-root",
                "SourceSection" : "",
                "TargetArea" : "Data",
                "TargetId" : "GetCVSTimeLossRawDataPartial1",
                "TargetSection" : "Things_KBKPILocalThingWorxDatabaseThing"
              }, {
                "Id" : "275c6777-322f-4e7f-8900-30def5445e1f",
                "PropertyMaps" : [ {
                  "SourceProperty" : "Machine2",
                  "SourcePropertyBaseType" : "STRING",
                  "SourcePropertyType" : "property",
                  "TargetProperty" : "Machine",
                  "TargetPropertyBaseType" : "STRING",
                  "TargetPropertyType" : "Parameter"
                } ],
                "SourceArea" : "Mashup",
                "SourceId" : "mashup-root",
                "SourceSection" : "",
                "TargetArea" : "Data",
                "TargetId" : "GetCVSTimeLossRawDataPartialConsolidated",
                "TargetSection" : "Things_KBKPILocalThingWorxDatabaseThing"
              }, {
                "Id" : "160de6ec-7110-49fd-9394-4a8569886a37",
                "PropertyMaps" : [ {
                  "SourceProperty" : "EndDate",
                  "SourcePropertyBaseType" : "DATETIME",
                  "SourcePropertyType" : "property",
                  "TargetProperty" : "XAxisMaximum",
                  "TargetPropertyBaseType" : "DATETIME",
                  "TargetPropertyType" : "property"
                } ],
                "SourceArea" : "Mashup",
                "SourceId" : "mashup-root",
                "SourceSection" : "",
                "TargetArea" : "UI",
                "TargetId" : "eventchart-61",
                "TargetSection" : ""
              }, {
                "Id" : "a1d28748-9bf1-45c7-9d95-fcfb7c3b576e",
                "PropertyMaps" : [ {
                  "SourceProperty" : "StartDate",
                  "SourcePropertyBaseType" : "DATETIME",
                  "SourcePropertyType" : "property",
                  "TargetProperty" : "XAxisMinimum",
                  "TargetPropertyBaseType" : "DATETIME",
                  "TargetPropertyType" : "property"
                } ],
                "SourceArea" : "Mashup",
                "SourceId" : "mashup-root",
                "SourceSection" : "",
                "TargetArea" : "UI",
                "TargetId" : "eventchart-61",
                "TargetSection" : ""
              }, {
                "Id" : "6800b997-c96e-4dcc-95b1-02109b6c575f",
                "PropertyMaps" : [ {
                  "SourceProperty" : "",
                  "SourcePropertyBaseType" : "INFOTABLE",
                  "SourcePropertyType" : "InfoTable",
                  "TargetProperty" : "Data",
                  "TargetPropertyBaseType" : "INFOTABLE",
                  "TargetPropertyType" : "property"
                } ],
                "SourceArea" : "Data",
                "SourceDetails" : "AllData",
                "SourceId" : "GetApoOrderGantData",
                "SourceSection" : "Things_KBKPILocalThingWorxDatabaseThing",
                "TargetArea" : "UI",
                "TargetId" : "eventchart-61",
                "TargetSection" : ""
              }, {
                "Id" : "cd9bbcac-7da7-4ee0-b299-cda35e88760e",
                "PropertyMaps" : [ {
                  "SourceProperty" : "EndDate",
                  "SourcePropertyBaseType" : "DATETIME",
                  "SourcePropertyType" : "property",
                  "TargetProperty" : "EndTime",
                  "TargetPropertyBaseType" : "DATETIME",
                  "TargetPropertyType" : "Parameter"
                } ],
                "SourceArea" : "Mashup",
                "SourceId" : "mashup-root",
                "SourceSection" : "",
                "TargetArea" : "Data",
                "TargetId" : "GetApoOrderGantData",
                "TargetSection" : "Things_KBKPILocalThingWorxDatabaseThing"
              }, {
                "Id" : "213dd208-c568-43f5-9168-f27d95a75a1d",
                "PropertyMaps" : [ {
                  "SourceProperty" : "Machine2",
                  "SourcePropertyBaseType" : "STRING",
                  "SourcePropertyType" : "property",
                  "TargetProperty" : "MachineThing",
                  "TargetPropertyBaseType" : "STRING",
                  "TargetPropertyType" : "Parameter"
                } ],
                "SourceArea" : "Mashup",
                "SourceId" : "mashup-root",
                "SourceSection" : "",
                "TargetArea" : "Data",
                "TargetId" : "GetApoOrderGantData",
                "TargetSection" : "Things_KBKPILocalThingWorxDatabaseThing"
              }, {
                "Id" : "f3168316-81dd-4e15-b3fd-d3666a53cee2",
                "PropertyMaps" : [ {
                  "SourceProperty" : "StartDate",
                  "SourcePropertyBaseType" : "DATETIME",
                  "SourcePropertyType" : "property",
                  "TargetProperty" : "StartTime",
                  "TargetPropertyBaseType" : "DATETIME",
                  "TargetPropertyType" : "Parameter"
                } ],
                "SourceArea" : "Mashup",
                "SourceId" : "mashup-root",
                "SourceSection" : "",
                "TargetArea" : "Data",
                "TargetId" : "GetApoOrderGantData",
                "TargetSection" : "Things_KBKPILocalThingWorxDatabaseThing"
              }, {
                "Id" : "248f8e91-c891-46a9-b027-c0c2560454d3",
                "PropertyMaps" : [ {
                  "SourceProperty" : "",
                  "SourcePropertyBaseType" : "INFOTABLE",
                  "SourcePropertyType" : "InfoTable",
                  "TargetProperty" : "TimeLossRawDataInfotable",
                  "TargetPropertyBaseType" : "INFOTABLE",
                  "TargetPropertyType" : "Parameter"
                } ],
                "SourceArea" : "Data",
                "SourceDetails" : "AllData",
                "SourceId" : "GetCVSTimeLossRawDataPartial1",
                "SourceSection" : "Things_KBKPILocalThingWorxDatabaseThing",
                "TargetArea" : "Data",
                "TargetId" : "GetCVSOrderDataFromTimeLossRaw",
                "TargetSection" : "Things_KBKPILocalThingWorxDatabaseThing"
              }, {
                "Id" : "14e9331c-97d4-4ada-832f-f51a05042e90",
                "PropertyMaps" : [ {
                  "SourceProperty" : "EndDate",
                  "SourcePropertyBaseType" : "DATETIME",
                  "SourcePropertyType" : "property",
                  "TargetProperty" : "EndTime",
                  "TargetPropertyBaseType" : "DATETIME",
                  "TargetPropertyType" : "Parameter"
                } ],
                "SourceArea" : "Mashup",
                "SourceId" : "mashup-root",
                "SourceSection" : "",
                "TargetArea" : "Data",
                "TargetId" : "GetCVSOrderDataFromTimeLossRaw",
                "TargetSection" : "Things_KBKPILocalThingWorxDatabaseThing"
              }, {
                "Id" : "ea01abe5-4756-46d8-8922-ca55745607fe",
                "PropertyMaps" : [ {
                  "SourceProperty" : "",
                  "SourcePropertyBaseType" : "INFOTABLE",
                  "SourcePropertyType" : "InfoTable",
                  "TargetProperty" : "Data",
                  "TargetPropertyBaseType" : "INFOTABLE",
                  "TargetPropertyType" : "property"
                } ],
                "SourceArea" : "Data",
                "SourceDetails" : "AllData",
                "SourceId" : "GetCVSOrderDataFromTimeLossRaw",
                "SourceSection" : "Things_KBKPILocalThingWorxDatabaseThing",
                "TargetArea" : "UI",
                "TargetId" : "eventchart-21",
                "TargetSection" : ""
              } ],
              "DesignTimePermissions" : { },
              "Events" : [ {
                "EventHandlerArea" : "Data",
                "EventHandlerId" : "DynamicThingShapes_KBLocalMachineSmartKPIShape",
                "EventHandlerService" : "GetStringPropertyValue",
                "EventTriggerArea" : "Mashup",
                "EventTriggerEvent" : "Loaded",
                "EventTriggerId" : "mashup-root",
                "EventTriggerSection" : "",
                "Id" : "a1accec3-cfa2-4428-8c3e-826b7d068999"
              }, {
                "EventHandlerArea" : "Data",
                "EventHandlerId" : "Things_KBKPILocalThingWorxDatabaseThing",
                "EventHandlerService" : "GetCVSTimeLossRawDataPartial",
                "EventTriggerArea" : "Data",
                "EventTriggerEvent" : "ServiceInvokeCompleted",
                "EventTriggerId" : "GetStringPropertyValue",
                "EventTriggerSection" : "DynamicThingShapes_KBLocalMachineSmartKPIShape",
                "Id" : "c986edf5-837c-4b79-9256-2fbe1f749cca"
              }, {
                "EventHandlerArea" : "Data",
                "EventHandlerId" : "DynamicThingShapes_KBLocalMachineSmartKPIShape",
                "EventHandlerService" : "GetStringPropertyValue",
                "EventTriggerArea" : "Mashup",
                "EventTriggerEvent" : "RefreshRequested",
                "EventTriggerId" : "mashup-root",
                "EventTriggerSection" : "",
                "Id" : "ef88c11d-63ad-4f23-81a8-8ffbd79919eb"
              }, {
                "EventHandlerArea" : "Data",
                "EventHandlerId" : "DynamicThingShapes_KBLocalMachineSmartKPIShape",
                "EventHandlerService" : "GetStringPropertyValue",
                "EventTriggerArea" : "Mashup",
                "EventTriggerEvent" : "Machine2Changed",
                "EventTriggerId" : "mashup-root",
                "EventTriggerSection" : "",
                "Id" : "d502e9fe-2e19-40f0-9f2b-6f3978da2fe5"
              }, {
                "EventHandlerArea" : "Data",
                "EventHandlerId" : "Things_KBKPILocalThingWorxDatabaseThing",
                "EventHandlerService" : "GetCVSTimeLossRawDataPartial",
                "EventTriggerArea" : "Mashup",
                "EventTriggerEvent" : "EndDateChanged",
                "EventTriggerId" : "mashup-root",
                "EventTriggerSection" : "",
                "Id" : "aaf8406c-b6e6-4fb4-b234-46f4be2d95d0"
              }, {
                "EventHandlerArea" : "Data",
                "EventHandlerId" : "Things_KBKPILocalThingWorxDatabaseThing",
                "EventHandlerService" : "GetCVSTimeLossRawDataPartial",
                "EventTriggerArea" : "Mashup",
                "EventTriggerEvent" : "StartDateChanged",
                "EventTriggerId" : "mashup-root",
                "EventTriggerSection" : "",
                "Id" : "47b0069f-0ece-4162-bdb0-bf6c444ba9ea"
              }, {
                "EventHandlerArea" : "Data",
                "EventHandlerId" : "Things_KBKPILocalThingWorxDatabaseThing",
                "EventHandlerService" : "GetCVSTimeLossRawDataPartial1",
                "EventTriggerArea" : "Data",
                "EventTriggerEvent" : "ServiceInvokeCompleted",
                "EventTriggerId" : "GetCVSTimeLossRawDataPartial",
                "EventTriggerSection" : "Things_KBKPILocalThingWorxDatabaseThing",
                "Id" : "354d4fbf-04f6-4e0c-82f2-93b047c2a2b6"
              }, {
                "EventHandlerArea" : "Data",
                "EventHandlerId" : "Things_KBKPILocalThingWorxDatabaseThing",
                "EventHandlerService" : "GetApoOrderGantData",
                "EventTriggerArea" : "Data",
                "EventTriggerEvent" : "ServiceInvokeCompleted",
                "EventTriggerId" : "GetCVSTimeLossRawDataPartial1",
                "EventTriggerSection" : "Things_KBKPILocalThingWorxDatabaseThing",
                "Id" : "5f4e1e73-9d5b-4843-a834-444c264ae8cd"
              }, {
                "EventHandlerArea" : "Data",
                "EventHandlerId" : "Things_KBKPILocalThingWorxDatabaseThing",
                "EventHandlerService" : "GetCVSOrderDataFromTimeLossRaw",
                "EventTriggerArea" : "Data",
                "EventTriggerEvent" : "ServiceInvokeCompleted",
                "EventTriggerId" : "GetCVSTimeLossRawDataPartial1",
                "EventTriggerSection" : "Things_KBKPILocalThingWorxDatabaseThing",
                "Id" : "74f1da6e-5a78-4604-9ac3-28f96db9618d"
              } ],
              "RunTimePermissions" : { },
              "UI" : {
                "Properties" : {
                  "AddToDashboardButton" : "SimplePlus",
                  "AddToDashboardButtonStyle" : "DefaultAddToDashboardButtonStyle",
                  "Area" : "Mashup",
                  "BGImage" : "",
                  "BGImageRepeat" : "no-repeat",
                  "BGImageSize" : "auto",
                  "Columns" : 0,
                  "ConfigureGadgetButton" : "SimpleGear",
                  "ConfigureGadgetButtonStyle" : "DefaultConfigureGadgetButtonStyle",
                  "DisplayName" : "Mashup",
                  "Division" : "CVS",
                  "EnableParameterEditing" : false,
                  "Height" : 618,
                  "Id" : "mashup-root",
                  "IgnoreWarningsInViewMashup" : false,
                  "IsPrintLayout" : false,
                  "Left" : 0,
                  "MashupToEditGadget" : "DefaultMashupToEditGadget",
                  "MinHeight" : 0,
                  "MinWidth" : 0,
                  "ResponsiveLayout" : true,
                  "Rows" : 0,
                  "ShowDataLoading" : true,
                  "Style" : "DefaultMashupStyle",
                  "StyleProperties" : {
                    "data" : { },
                    "meta" : {
                      "type" : "WidgetStyler",
                      "version" : "1.0"
                    }
                  },
                  "StyleTheme" : "PTC Convergence Theme",
                  "Title" : "",
                  "TitleBar" : false,
                  "TitleBarStyle" : "DefaultTitleBarStyle",
                  "TitleBarText" : "Gadget Title Here",
                  "Top" : 0,
                  "Type" : "mashup",
                  "UseMasterTheme" : false,
                  "UseTheme" : false,
                  "UseThemeForHybrids" : false,
                  "Visible" : true,
                  "Width" : 1024,
                  "Z-index" : 10,
                  "__TypeDisplayName" : "Mashup",
                  "_currentParameterDefs" : [ {
                    "Aspects" : {
                      "bindingDirection" : "IN",
                      "isMandatory" : false
                    },
                    "BaseType" : "STRING",
                    "Description" : "",
                    "ParameterName" : "Machine2"
                  }, {
                    "Aspects" : {
                      "bindingDirection" : "IN",
                      "isMandatory" : false
                    },
                    "BaseType" : "DATETIME",
                    "Description" : "",
                    "ParameterName" : "StartDate"
                  }, {
                    "Aspects" : {
                      "bindingDirection" : "IN",
                      "isMandatory" : false
                    },
                    "BaseType" : "DATETIME",
                    "Description" : "",
                    "ParameterName" : "EndDate"
                  }, {
                    "Aspects" : {
                      "bindingDirection" : "IN",
                      "isMandatory" : false
                    },
                    "BaseType" : "STRING",
                    "DefaultValue" : "CVS",
                    "Description" : "",
                    "ParameterName" : "Division"
                  } ],
                  "id_index" : 86,
                  "supportsAutoResize" : true
                },
                "Widgets" : [ {
                  "Properties" : {
                    "Area" : "UI",
                    "DisplayName" : "container-2",
                    "EnableExpandCollapse" : false,
                    "Expanded" : true,
                    "Id" : "flexcontainer-2",
                    "LastContainer" : true,
                    "Overlay" : false,
                    "ResponsiveLayout" : true,
                    "ShowDataLoading" : true,
                    "ShowExpandCollapseTab" : false,
                    "SourceURL" : "",
                    "Style" : "DefaultContainerStyle",
                    "StyleProperties" : { },
                    "Type" : "flexcontainer",
                    "UseTheme" : true,
                    "Visible" : true,
                    "Z-index" : 10,
                    "__TypeDisplayName" : "Responsive Container",
                    "align-content" : "flex-start",
                    "align-items" : "flex-start",
                    "flex-basis" : "auto",
                    "flex-direction" : "column",
                    "flex-grow" : 1,
                    "flex-max-height" : "",
                    "flex-max-width" : "",
                    "flex-min-height" : "",
                    "flex-min-width" : "",
                    "flex-shrink" : 1,
                    "flex-size" : "default",
                    "flex-wrap" : "nowrap",
                    "iconClass" : "widgets-flexcontainer",
                    "isLocked" : false,
                    "justify-content" : "flex-start",
                    "positioning" : "responsive",
                    "userCannotRemove" : true
                  },
                  "Widgets" : [ {
                    "Properties" : {
                      "Area" : "UI",
                      "DisplayName" : "container-72",
                      "EnableExpandCollapse" : false,
                      "Expanded" : true,
                      "Id" : "flexcontainer-72",
                      "LastContainer" : false,
                      "Overlay" : false,
                      "ResponsiveLayout" : false,
                      "ShowDataLoading" : true,
                      "ShowExpandCollapseTab" : false,
                      "SourceURL" : "",
                      "Style" : "DefaultContainerStyle",
                      "StyleProperties" : { },
                      "Type" : "flexcontainer",
                      "UseTheme" : true,
                      "Visible" : true,
                      "Z-index" : 10,
                      "__TypeDisplayName" : "Responsive Container",
                      "align-content" : "flex-start",
                      "align-items" : "flex-start",
                      "flex-basis" : "auto",
                      "flex-direction" : "row",
                      "flex-grow" : 1,
                      "flex-max-height" : "",
                      "flex-max-width" : "",
                      "flex-min-height" : "",
                      "flex-min-width" : "",
                      "flex-shrink" : 1,
                      "flex-size" : "default",
                      "flex-wrap" : "nowrap",
                      "iconClass" : "widgets-flexcontainer",
                      "isLocked" : false,
                      "justify-content" : "flex-start",
                      "positioning" : "responsive",
                      "userCannotRemove" : false
                    },
                    "Widgets" : [ {
                      "Properties" : {
                        "Area" : "UI",
                        "Columns" : 2,
                        "DisplayName" : "layout-75",
                        "Footer" : false,
                        "FooterHeight" : 0,
                        "Header" : false,
                        "HeaderHeight" : 0,
                        "Id" : "layout-75",
                        "IncludeSpacingInFixedAreas" : false,
                        "IsPrintLayout" : false,
                        "LastContainer" : false,
                        "Left" : 175,
                        "LeftSidebar" : false,
                        "LeftSidebarWidth" : 0,
                        "Orientation" : "horizontal",
                        "PctColumn1" : 20,
                        "PctColumn2" : 80,
                        "PctColumn3" : 1,
                        "PctColumn4" : 1,
                        "PctColumn5" : 1,
                        "PctColumn6" : 1,
                        "PctColumn7" : 1,
                        "PctColumn8" : 1,
                        "PctRow1" : 50,
                        "PctRow2" : 50,
                        "PctRow3" : 0,
                        "PctRow4" : 0,
                        "PctRow5" : 0,
                        "PctRow6" : 0,
                        "PctRow7" : 0,
                        "PctRow8" : 0,
                        "PrintMarginLeftRight" : 0.5,
                        "PrintMarginTopBottom" : 0.5,
                        "PrintWidth" : 650,
                        "ResponsiveLayout" : true,
                        "RightSidebar" : false,
                        "RightSidebarWidth" : 0,
                        "Rows" : 0,
                        "ShowDataLoading" : true,
                        "Spacing" : 2,
                        "Top" : 100,
                        "Type" : "layout",
                        "Visible" : true,
                        "Z-index" : 10,
                        "__TypeDisplayName" : "Layout"
                      },
                      "Widgets" : [ {
                        "Properties" : {
                          "AnimateExpandCollapse" : true,
                          "Area" : "UI",
                          "BGImageRepeat" : "no-repeat",
                          "BGImageSize" : "auto",
                          "DisplayName" : "Column",
                          "ExpandCollapseTabLocation" : "outside",
                          "Expanded" : true,
                          "Id" : "container-76",
                          "LastContainer" : false,
                          "MinHeight" : 0,
                          "MinWidth" : 0,
                          "Overlay" : false,
                          "OverlayIsTransparent" : false,
                          "ResponsiveLayout" : true,
                          "ShowDataLoading" : true,
                          "ShowExpandCollapseTab" : false,
                          "Style" : "DefaultContainerStyle",
                          "TabCollapseStyle" : "DefaultTabCollapseStyle",
                          "TabExpandStyle" : "DefaultTabExpandStyle",
                          "TabHeight" : 36,
                          "TabLocation" : "center",
                          "TabOffset" : 0,
                          "TabWidth" : 36,
                          "Type" : "container",
                          "Visible" : true,
                          "Z-index" : 10,
                          "__TypeDisplayName" : "Container",
                          "userCannotRemove" : true
                        },
                        "Widgets" : [ {
                          "Properties" : {
                            "Area" : "UI",
                            "DisplayName" : "statepanel-29",
                            "Height" : 200,
                            "HideScrollbars" : false,
                            "HorizontalAnchor" : "left",
                            "Id" : "statepanel-29",
                            "LastContainer" : false,
                            "Left" : 42,
                            "ResponsiveLayout" : true,
                            "ShowBackgroundImage" : false,
                            "ShowDataLoading" : true,
                            "Style" : "DefaultPanelStyle",
                            "Top" : 161.3333282470703,
                            "Type" : "statepanel",
                            "VerticalAnchor" : "top",
                            "Visible" : true,
                            "Width" : 300,
                            "Z-index" : 10,
                            "__TypeDisplayName" : "State Panel"
                          },
                          "Widgets" : [ {
                            "Properties" : {
                              "Area" : "UI",
                              "DisclosureControl" : "show-more",
                              "DisplayName" : "ptcs-label-31",
                              "HorizontalAlignment" : "left",
                              "Id" : "ptcslabel-31",
                              "LabelText" : "Shift",
                              "LabelType" : "body",
                              "LastContainer" : false,
                              "Left" : 87.93402099609375,
                              "MultiLine" : true,
                              "ResponsiveLayout" : false,
                              "ShowDataLoading" : true,
                              "Top" : 7.96875,
                              "Type" : "ptcslabel",
                              "UseTheme" : true,
                              "VerticalAlignment" : "flex-start",
                              "Visible" : true,
                              "Z-index" : 10,
                              "__TypeDisplayName" : "Label",
                              "overflowShowLessTxt" : "[[showLess]]",
                              "overflowShowMoreTxt" : "[[showMore]]"
                            },
                            "Widgets" : [ ]
                          } ]
                        } ]
                      }, {
                        "Properties" : {
                          "AnimateExpandCollapse" : true,
                          "Area" : "UI",
                          "BGImageRepeat" : "no-repeat",
                          "BGImageSize" : "auto",
                          "DisplayName" : "Column",
                          "ExpandCollapseTabLocation" : "outside",
                          "Expanded" : true,
                          "Id" : "container-77",
                          "LastContainer" : false,
                          "MinHeight" : 0,
                          "MinWidth" : 0,
                          "Overlay" : false,
                          "OverlayIsTransparent" : false,
                          "ResponsiveLayout" : true,
                          "ShowDataLoading" : true,
                          "ShowExpandCollapseTab" : false,
                          "Style" : "DefaultContainerStyle",
                          "TabCollapseStyle" : "DefaultTabCollapseStyle",
                          "TabExpandStyle" : "DefaultTabExpandStyle",
                          "TabHeight" : 36,
                          "TabLocation" : "center",
                          "TabOffset" : 0,
                          "TabWidth" : 36,
                          "Type" : "container",
                          "Visible" : true,
                          "Z-index" : 10,
                          "__TypeDisplayName" : "Container",
                          "userCannotRemove" : true
                        },
                        "Widgets" : [ {
                          "Properties" : {
                            "AllowSelection" : false,
                            "AllowXAxisZoom" : false,
                            "Area" : "UI",
                            "ChartAreaStyle" : "DefaultChartAreaStyle",
                            "ChartLegendStyle" : "DefaultChartLegendStyle",
                            "ChartOrientation" : "vertical",
                            "ChartStyle" : "DefaultChartStyle",
                            "ChartTitle" : "",
                            "ChartTitleStyle" : "DefaultChartTitleStyle",
                            "ChartType" : "flag",
                            "DisplayName" : "eventchart-15",
                            "EnableHover" : true,
                            "EventDataStyle" : {
                              "FieldName" : "StatusLevel1",
                              "StateDefinition" : "KBShiftInfoState",
                              "StateDefinitionType" : "string",
                              "StateFormats" : [ {
                                "comparator" : "==",
                                "state" : "DefaultChartStyle2",
                                "stateName" : "Work",
                                "value" : "KBLocalSmartKPITimeLossesMashup.PlannedWorkingTime"
                              }, {
                                "comparator" : "==",
                                "state" : "DefaultChartStyle4",
                                "stateName" : "Break",
                                "value" : "X"
                              }, {
                                "comparator" : "==",
                                "state" : "DefaultChartStyle3",
                                "stateName" : "Unknown",
                                "value" : "KBLocalSmartKPITimeLossesMashup.PlannedBreak"
                              }, {
                                "state" : "DefaultChartStyle4",
                                "stateName" : ""
                              } ]
                            },
                            "EventDataStyle_StateParameters" : [ {
                              "BaseType" : "STRING",
                              "DefaultValue" : "KBLocalSmartKPITimeLossesMashup.PlannedWorkingTime",
                              "Description" : "Work",
                              "ParameterName" : "EventDataStyle_Work"
                            }, {
                              "BaseType" : "STRING",
                              "DefaultValue" : "X",
                              "Description" : "Break",
                              "ParameterName" : "EventDataStyle_Break"
                            }, {
                              "BaseType" : "STRING",
                              "DefaultValue" : "KBLocalSmartKPITimeLossesMashup.PlannedBreak",
                              "Description" : "Unknown",
                              "ParameterName" : "EventDataStyle_Unknown"
                            } ],
                            "EventStyle" : "DefaultChartStyle1",
                            "FlagHeight" : 40,
                            "FlagTimeFormat" : "HH:mm",
                            "FlagWidth" : 1800,
                            "GridStyle" : "DefaultChartGridStyle",
                            "Height" : 240,
                            "Id" : "eventchart-15",
                            "LabelField" : "StatusLevel1Local",
                            "LabelFormat" : "0000.0",
                            "LastContainer" : false,
                            "Left" : 309.00390625,
                            "LegendLocation" : "right",
                            "LegendOrientation" : "vertical",
                            "LegendWidth" : 0,
                            "MarkerSize" : 0,
                            "MarkerType" : "flag",
                            "ResponsiveLayout" : true,
                            "SelectedItemStyle" : "DefaultChartSelectionStyle",
                            "ShowDataLoading" : true,
                            "ShowLegend" : false,
                            "ShowTimeOnFlag" : true,
                            "ShowXAxis" : false,
                            "ShowXAxisGrid" : false,
                            "ShowXAxisLabels" : false,
                            "ShowXAxisTicks" : false,
                            "SingleDataSource" : true,
                            "StickEnd" : 100,
                            "StickStart" : 0,
                            "ToolTipStyle" : "DefaultTooltipStyle",
                            "Top" : 61.015625,
                            "TruncateX-AxisLabels" : 0,
                            "Type" : "eventchart",
                            "Visible" : true,
                            "Width" : 640,
                            "XAxisAutoscale" : false,
                            "XAxisField" : "StatusTime",
                            "XAxisFormat" : "HH:mm",
                            "XAxisIntervals" : 10,
                            "XAxisLabels" : 2,
                            "XAxisMinorTicks" : 1,
                            "XAxisSmoothScaling" : true,
                            "XAxisStyle" : "DefaultChartAxisStyle",
                            "XAxisZeroscale" : false,
                            "Z-index" : 10,
                            "__TypeDisplayName" : "Event Chart",
                            "__supportsTooltip" : true
                          },
                          "Widgets" : [ ]
                        } ]
                      } ]
                    } ]
                  }, {
                    "Properties" : {
                      "Area" : "UI",
                      "DisplayName" : "container-73",
                      "EnableExpandCollapse" : false,
                      "Expanded" : true,
                      "Id" : "flexcontainer-73",
                      "LastContainer" : false,
                      "Overlay" : false,
                      "ResponsiveLayout" : false,
                      "ShowDataLoading" : true,
                      "ShowExpandCollapseTab" : false,
                      "SourceURL" : "",
                      "Style" : "DefaultContainerStyle",
                      "StyleProperties" : { },
                      "Type" : "flexcontainer",
                      "UseTheme" : true,
                      "Visible" : true,
                      "Z-index" : 10,
                      "__TypeDisplayName" : "Responsive Container",
                      "align-content" : "flex-start",
                      "align-items" : "flex-start",
                      "flex-basis" : "auto",
                      "flex-direction" : "row",
                      "flex-grow" : 1,
                      "flex-max-height" : "",
                      "flex-max-width" : "",
                      "flex-min-height" : "",
                      "flex-min-width" : "",
                      "flex-shrink" : 1,
                      "flex-size" : "default",
                      "flex-wrap" : "nowrap",
                      "iconClass" : "widgets-flexcontainer",
                      "isLocked" : false,
                      "justify-content" : "flex-start",
                      "positioning" : "responsive",
                      "userCannotRemove" : false
                    },
                    "Widgets" : [ {
                      "Properties" : {
                        "Area" : "UI",
                        "Columns" : 2,
                        "DisplayName" : "layout-79",
                        "Footer" : false,
                        "FooterHeight" : 0,
                        "Header" : false,
                        "HeaderHeight" : 0,
                        "Id" : "layout-79",
                        "IncludeSpacingInFixedAreas" : false,
                        "IsPrintLayout" : false,
                        "LastContainer" : false,
                        "Left" : 175,
                        "LeftSidebar" : false,
                        "LeftSidebarWidth" : 0,
                        "Orientation" : "horizontal",
                        "PctColumn1" : 20,
                        "PctColumn2" : 80,
                        "PctColumn3" : 1,
                        "PctColumn4" : 1,
                        "PctColumn5" : 1,
                        "PctColumn6" : 1,
                        "PctColumn7" : 1,
                        "PctColumn8" : 1,
                        "PctRow1" : 50,
                        "PctRow2" : 50,
                        "PctRow3" : 0,
                        "PctRow4" : 0,
                        "PctRow5" : 0,
                        "PctRow6" : 0,
                        "PctRow7" : 0,
                        "PctRow8" : 0,
                        "PrintMarginLeftRight" : 0.5,
                        "PrintMarginTopBottom" : 0.5,
                        "PrintWidth" : 650,
                        "ResponsiveLayout" : true,
                        "RightSidebar" : false,
                        "RightSidebarWidth" : 0,
                        "Rows" : 0,
                        "ShowDataLoading" : true,
                        "Spacing" : 2,
                        "Top" : 100,
                        "Type" : "layout",
                        "Visible" : true,
                        "Z-index" : 10,
                        "__TypeDisplayName" : "Layout"
                      },
                      "Widgets" : [ {
                        "Properties" : {
                          "AnimateExpandCollapse" : true,
                          "Area" : "UI",
                          "BGImageRepeat" : "no-repeat",
                          "BGImageSize" : "auto",
                          "DisplayName" : "Column",
                          "ExpandCollapseTabLocation" : "outside",
                          "Expanded" : true,
                          "Id" : "container-80",
                          "LastContainer" : false,
                          "MinHeight" : 0,
                          "MinWidth" : 0,
                          "Overlay" : false,
                          "OverlayIsTransparent" : false,
                          "ResponsiveLayout" : true,
                          "ShowDataLoading" : true,
                          "ShowExpandCollapseTab" : false,
                          "Style" : "DefaultContainerStyle",
                          "TabCollapseStyle" : "DefaultTabCollapseStyle",
                          "TabExpandStyle" : "DefaultTabExpandStyle",
                          "TabHeight" : 36,
                          "TabLocation" : "center",
                          "TabOffset" : 0,
                          "TabWidth" : 36,
                          "Type" : "container",
                          "Visible" : true,
                          "Z-index" : 10,
                          "__TypeDisplayName" : "Container",
                          "userCannotRemove" : true
                        },
                        "Widgets" : [ {
                          "Properties" : {
                            "Area" : "UI",
                            "DisplayName" : "statepanel-30",
                            "Height" : 200,
                            "HideScrollbars" : false,
                            "HorizontalAnchor" : "left",
                            "Id" : "statepanel-30",
                            "LastContainer" : false,
                            "Left" : 27,
                            "ResponsiveLayout" : true,
                            "ShowBackgroundImage" : false,
                            "ShowDataLoading" : true,
                            "Style" : "DefaultPanelStyle",
                            "Top" : 131.3333282470703,
                            "Type" : "statepanel",
                            "VerticalAnchor" : "top",
                            "Visible" : true,
                            "Width" : 300,
                            "Z-index" : 10,
                            "__TypeDisplayName" : "State Panel"
                          },
                          "Widgets" : [ {
                            "Properties" : {
                              "Area" : "UI",
                              "DisclosureControl" : "show-more",
                              "DisplayName" : "ptcs-label-32",
                              "HorizontalAlignment" : "left",
                              "Id" : "ptcslabel-32",
                              "LabelText" : "Order",
                              "LabelType" : "body",
                              "LastContainer" : false,
                              "Left" : 86.9444580078125,
                              "MultiLine" : true,
                              "ResponsiveLayout" : false,
                              "ShowDataLoading" : true,
                              "Top" : 16.9444580078125,
                              "Type" : "ptcslabel",
                              "UseTheme" : true,
                              "VerticalAlignment" : "flex-start",
                              "Visible" : true,
                              "Z-index" : 10,
                              "__TypeDisplayName" : "Label",
                              "overflowShowLessTxt" : "[[showLess]]",
                              "overflowShowMoreTxt" : "[[showMore]]"
                            },
                            "Widgets" : [ ]
                          } ]
                        } ]
                      }, {
                        "Properties" : {
                          "AnimateExpandCollapse" : true,
                          "Area" : "UI",
                          "BGImageRepeat" : "no-repeat",
                          "BGImageSize" : "auto",
                          "DisplayName" : "Column",
                          "ExpandCollapseTabLocation" : "outside",
                          "Expanded" : true,
                          "Id" : "container-81",
                          "LastContainer" : false,
                          "MinHeight" : 0,
                          "MinWidth" : 0,
                          "Overlay" : false,
                          "OverlayIsTransparent" : false,
                          "ResponsiveLayout" : true,
                          "ShowDataLoading" : true,
                          "ShowExpandCollapseTab" : false,
                          "Style" : "DefaultContainerStyle",
                          "TabCollapseStyle" : "DefaultTabCollapseStyle",
                          "TabExpandStyle" : "DefaultTabExpandStyle",
                          "TabHeight" : 36,
                          "TabLocation" : "center",
                          "TabOffset" : 0,
                          "TabWidth" : 36,
                          "Type" : "container",
                          "Visible" : true,
                          "Z-index" : 10,
                          "__TypeDisplayName" : "Container",
                          "userCannotRemove" : true
                        },
                        "Widgets" : [ {
                          "Properties" : {
                            "AllowSelection" : false,
                            "AllowXAxisZoom" : false,
                            "Area" : "UI",
                            "ChartAreaStyle" : "DefaultChartAreaStyle",
                            "ChartLegendStyle" : "DefaultChartLegendStyle",
                            "ChartOrientation" : "vertical",
                            "ChartStyle" : "DefaultChartStyle",
                            "ChartTitle" : "",
                            "ChartTitleStyle" : "DefaultChartTitleStyle",
                            "ChartType" : "flag",
                            "DisplayName" : "eventchart-21",
                            "EnableHover" : true,
                            "EventDataStyle" : {
                              "FieldName" : "StatusLevel1",
                              "StateDefinition" : "KBCVSOrderBarStates",
                              "StateDefinitionType" : "string",
                              "StateFormats" : [ {
                                "comparator" : "==",
                                "state" : "DefaultChartStyle8",
                                "stateName" : "N.A.",
                                "value" : "N\\A"
                              }, {
                                "state" : "DefaultChartStyle1",
                                "stateName" : ""
                              } ]
                            },
                            "EventDataStyle_StateParameters" : [ {
                              "BaseType" : "STRING",
                              "DefaultValue" : "N\\A",
                              "Description" : "N.A.",
                              "ParameterName" : "EventDataStyle_N.A."
                            } ],
                            "EventStyle" : "DefaultChartStyle1",
                            "FlagHeight" : 40,
                            "FlagTimeFormat" : "HH:mm",
                            "FlagWidth" : 1800,
                            "GridStyle" : "DefaultChartGridStyle",
                            "Height" : 240,
                            "Id" : "eventchart-21",
                            "LabelField" : "StatusLevel1",
                            "LabelFormat" : "0000.0",
                            "LastContainer" : false,
                            "Left" : 334.00390625,
                            "LegendLocation" : "right",
                            "LegendOrientation" : "vertical",
                            "LegendWidth" : 0,
                            "MarkerSize" : 0,
                            "MarkerType" : "flag",
                            "ResponsiveLayout" : true,
                            "SelectedItemStyle" : "DefaultChartSelectionStyle",
                            "ShowDataLoading" : true,
                            "ShowLegend" : false,
                            "ShowTimeOnFlag" : true,
                            "ShowXAxis" : false,
                            "ShowXAxisGrid" : false,
                            "ShowXAxisLabels" : false,
                            "ShowXAxisTicks" : false,
                            "SingleDataSource" : true,
                            "StickEnd" : 100,
                            "StickStart" : 0,
                            "ToolTipStyle" : "DefaultTooltipStyle",
                            "Top" : 36.015625,
                            "TruncateX-AxisLabels" : 0,
                            "Type" : "eventchart",
                            "Visible" : true,
                            "Width" : 640,
                            "XAxisAutoscale" : false,
                            "XAxisField" : "StatusTime",
                            "XAxisFormat" : "HH:mm",
                            "XAxisIntervals" : 10,
                            "XAxisLabels" : 2,
                            "XAxisMinorTicks" : 1,
                            "XAxisSmoothScaling" : true,
                            "XAxisStyle" : "DefaultChartAxisStyle",
                            "XAxisZeroscale" : false,
                            "Z-index" : 10,
                            "__TypeDisplayName" : "Event Chart",
                            "__supportsTooltip" : true
                          },
                          "Widgets" : [ ]
                        } ]
                      } ]
                    } ]
                  }, {
                    "Properties" : {
                      "Area" : "UI",
                      "DisplayName" : "container-74",
                      "EnableExpandCollapse" : false,
                      "Expanded" : true,
                      "Id" : "flexcontainer-74",
                      "LastContainer" : false,
                      "Overlay" : false,
                      "ResponsiveLayout" : false,
                      "ShowDataLoading" : true,
                      "ShowExpandCollapseTab" : false,
                      "SourceURL" : "",
                      "Style" : "DefaultContainerStyle",
                      "StyleProperties" : { },
                      "Type" : "flexcontainer",
                      "UseTheme" : true,
                      "Visible" : true,
                      "Z-index" : 10,
                      "__TypeDisplayName" : "Responsive Container",
                      "align-content" : "flex-start",
                      "align-items" : "flex-start",
                      "flex-basis" : "auto",
                      "flex-direction" : "row",
                      "flex-grow" : 1,
                      "flex-max-height" : "",
                      "flex-max-width" : "",
                      "flex-min-height" : "",
                      "flex-min-width" : "",
                      "flex-shrink" : 1,
                      "flex-size" : "default",
                      "flex-wrap" : "nowrap",
                      "iconClass" : "widgets-flexcontainer",
                      "isLocked" : false,
                      "justify-content" : "flex-start",
                      "positioning" : "responsive",
                      "userCannotRemove" : false
                    },
                    "Widgets" : [ {
                      "Properties" : {
                        "Area" : "UI",
                        "Columns" : 2,
                        "DisplayName" : "layout-83",
                        "Footer" : false,
                        "FooterHeight" : 0,
                        "Header" : false,
                        "HeaderHeight" : 0,
                        "Id" : "layout-83",
                        "IncludeSpacingInFixedAreas" : false,
                        "IsPrintLayout" : false,
                        "LastContainer" : false,
                        "Left" : 175,
                        "LeftSidebar" : false,
                        "LeftSidebarWidth" : 0,
                        "Orientation" : "horizontal",
                        "PctColumn1" : 20,
                        "PctColumn2" : 80,
                        "PctColumn3" : 1,
                        "PctColumn4" : 1,
                        "PctColumn5" : 1,
                        "PctColumn6" : 1,
                        "PctColumn7" : 1,
                        "PctColumn8" : 1,
                        "PctRow1" : 50,
                        "PctRow2" : 50,
                        "PctRow3" : 0,
                        "PctRow4" : 0,
                        "PctRow5" : 0,
                        "PctRow6" : 0,
                        "PctRow7" : 0,
                        "PctRow8" : 0,
                        "PrintMarginLeftRight" : 0.5,
                        "PrintMarginTopBottom" : 0.5,
                        "PrintWidth" : 650,
                        "ResponsiveLayout" : true,
                        "RightSidebar" : false,
                        "RightSidebarWidth" : 0,
                        "Rows" : 0,
                        "ShowDataLoading" : true,
                        "Spacing" : 2,
                        "Top" : 100,
                        "Type" : "layout",
                        "Visible" : true,
                        "Z-index" : 10,
                        "__TypeDisplayName" : "Layout"
                      },
                      "Widgets" : [ {
                        "Properties" : {
                          "AnimateExpandCollapse" : true,
                          "Area" : "UI",
                          "BGImageRepeat" : "no-repeat",
                          "BGImageSize" : "auto",
                          "DisplayName" : "Column",
                          "ExpandCollapseTabLocation" : "outside",
                          "Expanded" : true,
                          "Id" : "container-84",
                          "LastContainer" : false,
                          "MinHeight" : 0,
                          "MinWidth" : 0,
                          "Overlay" : false,
                          "OverlayIsTransparent" : false,
                          "ResponsiveLayout" : true,
                          "ShowDataLoading" : true,
                          "ShowExpandCollapseTab" : false,
                          "Style" : "DefaultContainerStyle",
                          "TabCollapseStyle" : "DefaultTabCollapseStyle",
                          "TabExpandStyle" : "DefaultTabExpandStyle",
                          "TabHeight" : 36,
                          "TabLocation" : "center",
                          "TabOffset" : 0,
                          "TabWidth" : 36,
                          "Type" : "container",
                          "Visible" : true,
                          "Z-index" : 10,
                          "__TypeDisplayName" : "Container",
                          "userCannotRemove" : true
                        },
                        "Widgets" : [ {
                          "Properties" : {
                            "Area" : "UI",
                            "DisplayName" : "statepanel-63",
                            "Height" : 200,
                            "HideScrollbars" : false,
                            "HorizontalAnchor" : "left",
                            "Id" : "statepanel-63",
                            "LastContainer" : false,
                            "Left" : 92,
                            "ResponsiveLayout" : true,
                            "ShowBackgroundImage" : false,
                            "ShowDataLoading" : true,
                            "Style" : "DefaultPanelStyle",
                            "Top" : 51,
                            "Type" : "statepanel",
                            "VerticalAnchor" : "top",
                            "Visible" : true,
                            "Width" : 300,
                            "Z-index" : 10,
                            "__TypeDisplayName" : "State Panel"
                          },
                          "Widgets" : [ {
                            "Properties" : {
                              "Area" : "UI",
                              "DisclosureControl" : "show-more",
                              "DisplayName" : "ptcs-label-64",
                              "HorizontalAlignment" : "left",
                              "Id" : "ptcslabel-64",
                              "LabelText" : "APO Order ",
                              "LabelType" : "body",
                              "LastContainer" : false,
                              "Left" : 72.7430419921875,
                              "MultiLine" : true,
                              "ResponsiveLayout" : false,
                              "ShowDataLoading" : true,
                              "Top" : 10.97222900390625,
                              "Type" : "ptcslabel",
                              "UseTheme" : true,
                              "VerticalAlignment" : "flex-start",
                              "Visible" : true,
                              "Z-index" : 10,
                              "__TypeDisplayName" : "Label",
                              "overflowShowLessTxt" : "[[showLess]]",
                              "overflowShowMoreTxt" : "[[showMore]]"
                            },
                            "Widgets" : [ ]
                          } ]
                        } ]
                      }, {
                        "Properties" : {
                          "AnimateExpandCollapse" : true,
                          "Area" : "UI",
                          "BGImageRepeat" : "no-repeat",
                          "BGImageSize" : "auto",
                          "DisplayName" : "Column",
                          "ExpandCollapseTabLocation" : "outside",
                          "Expanded" : true,
                          "Id" : "container-85",
                          "LastContainer" : false,
                          "MinHeight" : 0,
                          "MinWidth" : 0,
                          "Overlay" : false,
                          "OverlayIsTransparent" : false,
                          "ResponsiveLayout" : true,
                          "ShowDataLoading" : true,
                          "ShowExpandCollapseTab" : false,
                          "Style" : "DefaultContainerStyle",
                          "TabCollapseStyle" : "DefaultTabCollapseStyle",
                          "TabExpandStyle" : "DefaultTabExpandStyle",
                          "TabHeight" : 36,
                          "TabLocation" : "center",
                          "TabOffset" : 0,
                          "TabWidth" : 36,
                          "Type" : "container",
                          "Visible" : true,
                          "Z-index" : 10,
                          "__TypeDisplayName" : "Container",
                          "userCannotRemove" : true
                        },
                        "Widgets" : [ {
                          "Properties" : {
                            "AllowSelection" : false,
                            "AllowXAxisZoom" : false,
                            "Area" : "UI",
                            "ChartAreaStyle" : "DefaultChartAreaStyle",
                            "ChartLegendStyle" : "DefaultChartLegendStyle",
                            "ChartOrientation" : "vertical",
                            "ChartStyle" : "DefaultChartStyle",
                            "ChartTitle" : "",
                            "ChartTitleStyle" : "DefaultChartTitleStyle",
                            "ChartType" : "flag",
                            "DisplayName" : "eventchart-61",
                            "EnableHover" : true,
                            "EventDataStyle_StateParameters" : [ ],
                            "EventStyle" : "DefaultChartStyle18",
                            "FlagHeight" : 40,
                            "FlagTimeFormat" : "HH:mm",
                            "FlagWidth" : 1800,
                            "GridStyle" : "DefaultChartGridStyle",
                            "Height" : 240,
                            "Id" : "eventchart-61",
                            "LabelField" : "OrderNumber",
                            "LabelFormat" : "0000.0",
                            "LastContainer" : false,
                            "Left" : 112,
                            "LegendLocation" : "right",
                            "LegendOrientation" : "vertical",
                            "LegendWidth" : 0,
                            "MarkerSize" : 3,
                            "MarkerType" : "flag",
                            "ResponsiveLayout" : true,
                            "SelectedItemStyle" : "DefaultChartSelectionStyle",
                            "ShowDataLoading" : true,
                            "ShowLegend" : false,
                            "ShowTimeOnFlag" : true,
                            "ShowXAxis" : false,
                            "ShowXAxisGrid" : false,
                            "ShowXAxisLabels" : false,
                            "ShowXAxisTicks" : false,
                            "SingleDataSource" : true,
                            "StickEnd" : 100,
                            "StickStart" : 0,
                            "ToolTipStyle" : "DefaultTooltipStyle",
                            "Top" : 36,
                            "TruncateX-AxisLabels" : 0,
                            "Type" : "eventchart",
                            "Visible" : true,
                            "Width" : 640,
                            "XAxisAutoscale" : false,
                            "XAxisField" : "StatusTimeStart",
                            "XAxisFormat" : "HH:mm",
                            "XAxisIntervals" : 10,
                            "XAxisLabels" : 2,
                            "XAxisMinorTicks" : 1,
                            "XAxisSmoothScaling" : true,
                            "XAxisStyle" : "DefaultChartAxisStyle",
                            "XAxisZeroscale" : false,
                            "Z-index" : 10,
                            "__TypeDisplayName" : "Event Chart",
                            "__supportsTooltip" : true
                          },
                          "Widgets" : [ ]
                        } ]
                      } ]
                    } ]
                  } ]
                } ]
              },
              "mashupType" : "mashup"
            }
            ]]>
            </mashupContent>
            <preview></preview>
        </Mashup>
    </Mashups>
</Entities>
