<?xml version="1.0" encoding="UTF-8" standalone="no"?>
<Entities build="b52" majorVersion="8" minorVersion="0"
	modelPersistenceProviderPackage="MssqlPersistenceProviderPackage"
	revision="3" schemaVersion="1000">
	<Mashups>
		<Mashup aspect.isResponsive="true" aspect.mashupType="mashup"
			columns="0.0" description="" documentationContent="" homeMashup=""
			lastModifiedDate="2018-02-20T16:03:08.343+01:00"
			name="KBLocalSmartKPIMachineLevelProcessDataBoxplotMashup"
			projectName="KBsmartKPI" rows="0.0"
			tags="KBThingWorxInstallationVocabulary:ExtensionSmartKPI">
			<Owner name="adm-flassakm" type="User" />
			<avatar />
			<DesignTimePermissions>
				<Create />
				<Read />
				<Update />
				<Delete />
				<Metadata />
			</DesignTimePermissions>
			<RunTimePermissions>
				<Permissions resourceName="*">
					<PropertyRead>
						<Principal isPermitted="true" name="KBUserGroup"
							type="Group" />
					</PropertyRead>
					<PropertyWrite />
					<ServiceInvoke>
						<Principal isPermitted="true" name="KBUserGroup"
							type="Group" />
					</ServiceInvoke>
					<EventInvoke />
					<EventSubscribe />
				</Permissions>
			</RunTimePermissions>
			<VisibilityPermissions>
				<Visibility>
					<Principal isPermitted="true" name="KBOrganization"
						type="Organization" />
				</Visibility>
			</VisibilityPermissions>
			<ConfigurationTables />
			<ParameterDefinitions>
				<FieldDefinition aspect.ordinal="1"
					baseType="DATETIME" description="" name="EndDate" ordinal="0" />
				<FieldDefinition aspect.ordinal="2"
					baseType="STRING" description="" name="Machine" ordinal="0" />
				<FieldDefinition aspect.ordinal="3"
					baseType="STRING" description="" name="ProcessParameterType"
					ordinal="0" />
				<FieldDefinition aspect.ordinal="0"
					baseType="DATETIME" description="" name="StartDate" ordinal="0" />
			</ParameterDefinitions>
			<Things />
			<ThingShapes />
			<ThingTemplates>
				<ThingTemplate>KBKPILocalThingWorxDatabaseTemplate</ThingTemplate>
			</ThingTemplates>
			<mashupContent><![CDATA[{
  "RunTimePermissions" : { },
  "UI" : {
    "Widgets" : [ {
      "Widgets" : [ ],
      "Properties" : {
        "NumberOfSeries" : 1,
        "SeriesStyle3" : "DefaultChartStyle3",
        "SeriesStyle2" : "DefaultChartStyle2",
        "SeriesStyle5" : "DefaultChartStyle5",
        "SeriesStyle4" : "DefaultChartStyle4",
        "Left" : 0,
        "SeriesStyle7" : "DefaultChartStyle7",
        "SeriesStyle6" : "DefaultChartStyle6",
        "SeriesStyle9" : "DefaultChartStyle9",
        "SeriesDataValueField1" : "ProcesData",
        "SeriesStyle8" : "DefaultChartStyle8",
        "ShowDataLoading" : false,
        "ToolTipStyle" : "DefaultTooltipStyle",
        "SeriesStyle1" : "DefaultChartStyle1",
        "__supportsTooltip" : true,
        "ToolTipField" : "",
        "Visible" : true,
        "DisplayName" : "boxplot-2",
        "Height" : 300,
        "SeriesStyle10" : "DefaultChartStyle10",
        "Width" : 800,
        "ResponsiveLayout" : true,
        "Title" : "Boxplot",
        "Z-index" : 10,
        "Orientation" : "horizontal",
        "FrameStyle" : "DefaultChartStyle",
        "__TypeDisplayName" : "Boxplot",
        "Area" : "UI",
        "Type" : "boxplot",
        "Top" : 0,
        "BoxplotStyling" : "sd",
        "Id" : "boxplot-2",
        "ShowLegend" : false
      }
    } ],
    "Properties" : {
      "MinHeight" : 0,
      "Left" : 0,
      "BGImageRepeat" : "no-repeat",
      "ShowDataLoading" : true,
      "AddToDashboardButtonStyle" : "DefaultAddToDashboardButtonStyle",
      "id_index" : 3,
      "Machine" : "",
      "StartDate" : "2017-12-10T23:00:00.000Z",
      "ProcessParameterType" : "Effort 35mm",
      "supportsAutoResize" : true,
      "Visible" : true,
      "DisplayName" : "Mashup",
      "Style" : "DefaultMashupStyle",
      "BGImageSize" : "auto",
      "Height" : 618,
      "_currentParameterDefs" : [ {
        "DefaultValue" : "2017-11-30T23:00:00.000Z",
        "Description" : "",
        "BaseType" : "DATETIME",
        "ParameterName" : "StartDate"
      }, {
        "DefaultValue" : "2017-12-10T23:00:00.000Z",
        "Description" : "",
        "BaseType" : "DATETIME",
        "ParameterName" : "EndDate"
      }, {
        "DefaultValue" : "-nothing-",
        "Description" : "",
        "BaseType" : "STRING",
        "ParameterName" : "Machine"
      }, {
        "DefaultValue" : "M1",
        "Description" : "",
        "BaseType" : "STRING",
        "ParameterName" : "ProcessParameterType"
      } ],
      "Width" : 1024,
      "TitleBar" : false,
      "Rows" : 0,
      "ConfigureGadgetButtonStyle" : "DefaultConfigureGadgetButtonStyle",
      "TitleBarStyle" : "DefaultTitleBarStyle",
      "ResponsiveLayout" : true,
      "Title" : "",
      "Columns" : 0,
      "Z-index" : 10,
      "TitleBarText" : "Gadget Title Here",
      "MinWidth" : 0,
      "EndDate" : "2017-12-12T23:00:00.000Z",
      "__TypeDisplayName" : "Mashup",
      "EnableParameterEditing" : false,
      "Area" : "Mashup",
      "Type" : "mashup",
      "Top" : 0,
      "IsPrintLayout" : false,
      "MashupToEditGadget" : "DefaultMashupToEditGadget",
      "Id" : "mashup-root",
      "IgnoreWarningsInViewMashup" : false
    }
  },
  "Events" : [ {
    "EventTriggerArea" : "Mashup",
    "EventHandlerService" : "GetKPILocalThingWorxDatabaseThing",
    "EventTriggerSection" : "",
    "EventHandlerId" : "Resources_KBThingWorxServerSystem",
    "EventTriggerEvent" : "Loaded",
    "Id" : "f9a1a409-7f88-4937-8628-99a8c8d4c33d",
    "EventTriggerId" : "mashup-root",
    "EventHandlerArea" : "Data"
  }, {
    "EventTriggerArea" : "Mashup",
    "EventHandlerService" : "GetKPILocalThingWorxDatabaseThing",
    "EventTriggerSection" : "",
    "EventHandlerId" : "Resources_KBThingWorxServerSystem",
    "EventTriggerEvent" : "RefreshRequested",
    "Id" : "46a1dffe-8f82-49e3-be79-de9be68941f0",
    "EventTriggerId" : "mashup-root",
    "EventHandlerArea" : "Data"
  }, {
    "EventTriggerArea" : "Mashup",
    "EventHandlerService" : "GetKPILocalThingWorxDatabaseThing",
    "EventTriggerSection" : "",
    "EventHandlerId" : "Resources_KBThingWorxServerSystem",
    "EventTriggerEvent" : "StartDateChanged",
    "Id" : "217b12c8-a133-4b42-81ae-157f6f95da93",
    "EventTriggerId" : "mashup-root",
    "EventHandlerArea" : "Data"
  }, {
    "EventTriggerArea" : "Mashup",
    "EventHandlerService" : "GetKPILocalThingWorxDatabaseThing",
    "EventTriggerSection" : "",
    "EventHandlerId" : "Resources_KBThingWorxServerSystem",
    "EventTriggerEvent" : "EndDateChanged",
    "Id" : "ba415d3d-5109-499b-91a3-d794de80ee90",
    "EventTriggerId" : "mashup-root",
    "EventHandlerArea" : "Data"
  }, {
    "EventTriggerArea" : "Mashup",
    "EventHandlerService" : "GetKPILocalThingWorxDatabaseThing",
    "EventTriggerSection" : "",
    "EventHandlerId" : "Resources_KBThingWorxServerSystem",
    "EventTriggerEvent" : "MachineChanged",
    "Id" : "ccef7dfc-f36b-4e6c-8019-7de291b88a25",
    "EventTriggerId" : "mashup-root",
    "EventHandlerArea" : "Data"
  }, {
    "EventTriggerArea" : "Mashup",
    "EventHandlerService" : "GetKPILocalThingWorxDatabaseThing",
    "EventTriggerSection" : "",
    "EventHandlerId" : "Resources_KBThingWorxServerSystem",
    "EventTriggerEvent" : "ProcessParameterTypeChanged",
    "Id" : "651785f2-3b36-4766-a9c1-e1e96d95a305",
    "EventTriggerId" : "mashup-root",
    "EventHandlerArea" : "Data"
  }, {
    "EventTriggerArea" : "Data",
    "EventHandlerService" : "GetProcessDataFloatPerTypeFromDB",
    "EventTriggerSection" : "Resources_KBThingWorxServerSystem",
    "EventHandlerId" : "DynamicThingTemplates_KBKPILocalThingWorxDatabaseTemplate",
    "EventTriggerEvent" : "ServiceInvokeCompleted",
    "Id" : "31e33a4c-bb98-4bf6-b3a9-c972ef0d24de",
    "EventTriggerId" : "GetKPILocalThingWorxDatabaseThing",
    "EventHandlerArea" : "Data"
  } ],
  "mashupType" : "mashup",
  "DataBindings" : [ {
    "SourceArea" : "Data",
    "TargetArea" : "Data",
    "TargetSection" : "DynamicThingTemplates_KBKPILocalThingWorxDatabaseTemplate",
    "SourceId" : "GetKPILocalThingWorxDatabaseThing",
    "Id" : "2fe8f7de-5c6c-4e10-ba16-7744ff3cab1a",
    "SourceSection" : "Resources_KBThingWorxServerSystem",
    "SourceDetails" : "AllData",
    "PropertyMaps" : [ {
      "TargetProperty" : "value",
      "TargetPropertyType" : "Entity",
      "SourcePropertyBaseType" : "STRING",
      "TargetPropertyBaseType" : "THINGNAME",
      "SourceProperty" : "Result"
    } ],
    "TargetId" : "EntityName"
  }, {
    "SourceArea" : "Mashup",
    "TargetArea" : "Data",
    "TargetSection" : "DynamicThingTemplates_KBKPILocalThingWorxDatabaseTemplate",
    "SourceId" : "mashup-root",
    "Id" : "1bda8117-b994-41d0-87c0-b1a35e36620c",
    "SourceSection" : "",
    "PropertyMaps" : [ {
      "TargetProperty" : "StartDate",
      "TargetPropertyType" : "Parameter",
      "SourcePropertyBaseType" : "DATETIME",
      "TargetPropertyBaseType" : "DATETIME",
      "SourceProperty" : "StartDate"
    } ],
    "TargetId" : "GetProcessDataFloatPerTypeFromDB"
  }, {
    "SourceArea" : "Mashup",
    "TargetArea" : "Data",
    "TargetSection" : "DynamicThingTemplates_KBKPILocalThingWorxDatabaseTemplate",
    "SourceId" : "mashup-root",
    "Id" : "0a42bd99-5447-40c5-8f26-446c5bd6678a",
    "SourceSection" : "",
    "PropertyMaps" : [ {
      "TargetProperty" : "EndDate",
      "TargetPropertyType" : "Parameter",
      "SourcePropertyBaseType" : "DATETIME",
      "TargetPropertyBaseType" : "DATETIME",
      "SourceProperty" : "EndDate"
    } ],
    "TargetId" : "GetProcessDataFloatPerTypeFromDB"
  }, {
    "SourceArea" : "Mashup",
    "TargetArea" : "Data",
    "TargetSection" : "DynamicThingTemplates_KBKPILocalThingWorxDatabaseTemplate",
    "SourceId" : "mashup-root",
    "Id" : "708a69a8-fcd2-40f4-a7e8-b4e65e0896f6",
    "SourceSection" : "",
    "PropertyMaps" : [ {
      "TargetProperty" : "Machine",
      "TargetPropertyType" : "Parameter",
      "SourcePropertyBaseType" : "STRING",
      "TargetPropertyBaseType" : "STRING",
      "SourceProperty" : "Machine"
    } ],
    "TargetId" : "GetProcessDataFloatPerTypeFromDB"
  }, {
    "SourceArea" : "Mashup",
    "TargetArea" : "Data",
    "TargetSection" : "DynamicThingTemplates_KBKPILocalThingWorxDatabaseTemplate",
    "SourceId" : "mashup-root",
    "Id" : "69c3e3fb-87f2-4a72-a326-d646a2dd17e0",
    "SourceSection" : "",
    "PropertyMaps" : [ {
      "TargetProperty" : "ProcessDataType",
      "TargetPropertyType" : "Parameter",
      "SourcePropertyBaseType" : "STRING",
      "TargetPropertyBaseType" : "STRING",
      "SourceProperty" : "ProcessParameterType"
    } ],
    "TargetId" : "GetProcessDataFloatPerTypeFromDB"
  }, {
    "SourceArea" : "Data",
    "TargetArea" : "UI",
    "TargetSection" : "",
    "SourceId" : "GetProcessDataFloatPerTypeFromDB",
    "Id" : "e981743c-b870-4507-9388-a4ae55901459",
    "SourceSection" : "DynamicThingTemplates_KBKPILocalThingWorxDatabaseTemplate",
    "SourceDetails" : "AllData",
    "PropertyMaps" : [ {
      "SourcePropertyType" : "InfoTable",
      "TargetProperty" : "Data",
      "TargetPropertyType" : "property",
      "SourcePropertyBaseType" : "INFOTABLE",
      "TargetPropertyBaseType" : "INFOTABLE",
      "SourceProperty" : ""
    } ],
    "TargetId" : "boxplot-2"
  }, {
    "SourceArea" : "Mashup",
    "TargetArea" : "UI",
    "TargetSection" : "",
    "SourceId" : "mashup-root",
    "Id" : "99121728-8b6d-4c7f-bd35-f796a2e449d8",
    "SourceSection" : "",
    "PropertyMaps" : [ {
      "TargetProperty" : "Title",
      "SourcePropertyBaseType" : "STRING",
      "TargetPropertyBaseType" : "STRING",
      "SourceProperty" : "ProcessParameterType"
    } ],
    "TargetId" : "boxplot-2"
  }, {
    "SourceArea" : "Mashup",
    "TargetArea" : "UI",
    "TargetSection" : "",
    "SourceId" : "mashup-root",
    "Id" : "0c81ebcc-cb71-44e2-a361-eccdcf80e2cd",
    "SourceSection" : "",
    "PropertyMaps" : [ {
      "SourcePropertyType" : "Property",
      "TargetProperty" : "SeriesLabel1",
      "TargetPropertyType" : "property",
      "SourcePropertyBaseType" : "STRING",
      "TargetPropertyBaseType" : "STRING",
      "SourceProperty" : "ProcessParameterType"
    } ],
    "TargetId" : "boxplot-2"
  } ],
  "Data" : {
    "DynamicThingTemplates_KBKPILocalThingWorxDatabaseTemplate" : {
      "EntityType" : "DynamicThingTemplates",
      "Services" : [ {
        "Target" : "GetProcessDataFloatPerTypeFromDB",
        "Parameters" : { },
        "APIMethod" : "post",
        "Characteristic" : "Services",
        "RefreshInterval" : 0,
        "Id" : "16fa1810-4fc8-4b4b-8c13-b6a9a2502f03",
        "Name" : "GetProcessDataFloatPerTypeFromDB"
      } ],
      "EntityName" : "KBKPILocalThingWorxDatabaseTemplate",
      "Id" : "3256132a-eacd-4d86-ae1a-2d9e89bbf991",
      "DataName" : "DynamicThingTemplates_KBKPILocalThingWorxDatabaseTemplate"
    },
    "Resources_KBThingWorxServerSystem" : {
      "EntityType" : "Resources",
      "Services" : [ {
        "Target" : "GetKPILocalThingWorxDatabaseThing",
        "Parameters" : { },
        "APIMethod" : "post",
        "Characteristic" : "Services",
        "RefreshInterval" : 0,
        "Id" : "72ac8f66-8fd0-4f07-8416-c26d3a85bb57",
        "Name" : "GetKPILocalThingWorxDatabaseThing"
      } ],
      "EntityName" : "KBThingWorxServerSystem",
      "Id" : "3832247b-69a6-4717-9607-a632375229d6",
      "DataName" : "Resources_KBThingWorxServerSystem"
    },
    "UserExtensions" : {
      "EntityType" : "UserExtensions",
      "Services" : [ {
        "Target" : "GetCurrentUserExtensionProperties",
        "Parameters" : { },
        "APIMethod" : "post",
        "Characteristic" : "Services",
        "RefreshInterval" : 0,
        "Id" : "UserExtensionInterface",
        "Name" : "GetCurrentUserExtensionProperties"
      } ],
      "EntityName" : "",
      "Id" : "UserExtensions",
      "DataName" : "UserExtensions"
    },
    "Session" : {
      "EntityType" : "Session",
      "Services" : [ {
        "Target" : "GetGlobalSessionValues",
        "Parameters" : { },
        "APIMethod" : "post",
        "Characteristic" : "Services",
        "RefreshInterval" : 0,
        "Id" : "SessionInterface",
        "Name" : "GetGlobalSessionValues"
      } ],
      "EntityName" : "",
      "Id" : "session",
      "DataName" : "Session"
    }
  },
  "DesignTimePermissions" : { }
}]]></mashupContent>
			<ConfigurationChanges>
				<ConfigurationChange changeAction="CREATE"
					changeReason="header : name : updated&#10;"
					timestamp="2018-02-20T16:02:50.421+01:00" user="adm-flassakm" />
				<ConfigurationChange changeAction="MODIFY"
					changeReason="" timestamp="2018-02-20T16:03:08.343+01:00"
					user="adm-flassakm" />
			</ConfigurationChanges>
		</Mashup>
	</Mashups>
</Entities>