<?xml version="1.0" encoding="UTF-8" standalone="no"?>
<Entities build="b167" majorVersion="8" minorVersion="2"
	modelPersistenceProviderPackage="MssqlPersistenceProviderPackage"
	revision="2" schemaVersion="1020" universal="">
	<Mashups>
		<Mashup aspect.isResponsive="true" aspect.mashupType="mashup"
			columns="0.0" description="" documentationContent="" homeMashup=""
			lastModifiedDate="2019-09-05T16:31:21.196+02:00"
			name="KBMachineSetupMeshup" projectName="KBMesKit" rows="0.0" tags="">
			<Owner name="adm-flassakm" type="User" />
			<avatar />
			<DesignTimePermissions>
				<Create />
				<Read />
				<Update />
				<Delete />
				<Metadata />
			</DesignTimePermissions>
			<RunTimePermissions />
			<VisibilityPermissions>
				<Visibility>
					<Principal isPermitted="true" name="KBDevelopment"
						type="Organization" />
				</Visibility>
			</VisibilityPermissions>
			<ConfigurationTables />
			<ParameterDefinitions />
			<Things>
				<Thing>KBSmartKPIHelperThing</Thing>
			</Things>
			<ThingShapes>
				<ThingShape>KBLocalMachineSmartKPIShape</ThingShape>
			</ThingShapes>
			<ThingTemplates>
				<ThingTemplate>KBLocalMachineThingTemplate</ThingTemplate>
			</ThingTemplates>
			<mashupContent><![CDATA[{
  "CustomMashupCss" : "",
  "Data" : {
    "DynamicThingShapes_KBLocalMachineSmartKPIShape" : {
      "DataName" : "DynamicThingShapes_KBLocalMachineSmartKPIShape",
      "EntityName" : "KBLocalMachineSmartKPIShape",
      "EntityType" : "DynamicThingShapes",
      "Id" : "7f1d2cfb-6e17-489f-82df-431bbf927b1e",
      "Services" : [ {
        "APIMethod" : "get",
        "Characteristic" : "Services",
        "Id" : "ec75fc24-ea5a-4e5d-92a4-71ec281dab33",
        "Name" : "SetProperties",
        "Parameters" : { },
        "RefreshInterval" : 0,
        "Target" : "SetProperties"
      }, {
        "APIMethod" : "post",
        "Characteristic" : "Services",
        "Id" : "0081bed0-4ee5-44bd-9b11-ad50b3bfd021",
        "Name" : "GetStringPropertyValue",
        "Parameters" : {
          "propertyName" : "DisplayName"
        },
        "RefreshInterval" : 0,
        "Target" : "GetStringPropertyValue"
      }, {
        "APIMethod" : "post",
        "Characteristic" : "Services",
        "Id" : "9616c258-f739-44a3-bb14-d1632c6f94b8",
        "Name" : "GetStringPropertyValue1",
        "Parameters" : {
          "propertyName" : "FullName"
        },
        "RefreshInterval" : 0,
        "Target" : "GetStringPropertyValue"
      }, {
        "APIMethod" : "post",
        "Characteristic" : "Services",
        "Id" : "b0948615-b4d6-4455-9626-77c6fd02c3cc",
        "Name" : "GetBooleanPropertyValue",
        "Parameters" : {
          "propertyName" : "isActive"
        },
        "RefreshInterval" : 0,
        "Target" : "GetBooleanPropertyValue"
      } ]
    },
    "DynamicThingTemplates_KBLocalMachineThingTemplate" : {
      "DataName" : "DynamicThingTemplates_KBLocalMachineThingTemplate",
      "EntityName" : "KBLocalMachineThingTemplate",
      "EntityType" : "DynamicThingTemplates",
      "Id" : "273151f7-d6ca-4f4f-b4b8-80fdd6ebf581",
      "Services" : [ {
        "APIMethod" : "post",
        "Characteristic" : "Services",
        "Id" : "e3390c95-6d22-43cb-940a-f2294d2e740d",
        "Name" : "GetNumberPropertyValue",
        "Parameters" : {
          "propertyName" : "ShiftFactorInPercent"
        },
        "RefreshInterval" : 0,
        "Target" : "GetNumberPropertyValue"
      }, {
        "APIMethod" : "get",
        "Characteristic" : "Services",
        "Id" : "5eabe0d7-17e5-420d-b3f6-03a66d9a6cb4",
        "Name" : "SetProperties",
        "Parameters" : { },
        "RefreshInterval" : 0,
        "Target" : "SetProperties"
      }, {
        "APIMethod" : "post",
        "Characteristic" : "Services",
        "Id" : "57f5dbd6-f47f-47e1-a57e-ab159d7b482e",
        "Name" : "GetStringPropertyValue1",
        "Parameters" : {
          "propertyName" : "MainStationForLineStatus"
        },
        "RefreshInterval" : 0,
        "Target" : "GetStringPropertyValue"
      } ]
    },
    "Session" : {
      "DataName" : "Session",
      "EntityName" : "",
      "EntityType" : "Session",
      "Id" : "session",
      "Services" : [ {
        "APIMethod" : "post",
        "Characteristic" : "Services",
        "Id" : "SessionInterface",
        "Name" : "GetGlobalSessionValues",
        "Parameters" : { },
        "RefreshInterval" : 0,
        "Target" : "GetGlobalSessionValues"
      } ]
    },
    "ThingTemplates_KBLocalMachineThingTemplate" : {
      "DataName" : "ThingTemplates_KBLocalMachineThingTemplate",
      "EntityName" : "KBLocalMachineThingTemplate",
      "EntityType" : "ThingTemplates",
      "Id" : "e1e2593a-50ed-4b51-ada8-9e4bf6afbcef",
      "Services" : [ {
        "APIMethod" : "post",
        "Characteristic" : "Services",
        "Id" : "94829270-0a03-40a8-a16e-42d34b41c8fe",
        "Name" : "GetImplementingThings",
        "Parameters" : { },
        "RefreshInterval" : 0,
        "Target" : "GetImplementingThings"
      } ]
    },
    "Things_KBSmartKPIHelperThing" : {
      "DataName" : "Things_KBSmartKPIHelperThing",
      "EntityName" : "KBSmartKPIHelperThing",
      "EntityType" : "Things",
      "Id" : "4a5f0a1f-6d69-4bec-8564-05e4169b2543",
      "Services" : [ {
        "APIMethod" : "post",
        "Characteristic" : "Services",
        "Id" : "28782b27-0871-4e1f-bb49-f4a6cc8c9399",
        "Name" : "GetDataForMachineAdminMashup",
        "Parameters" : { },
        "RefreshInterval" : 0,
        "Target" : "GetDataForMachineAdminMashup"
      } ]
    },
    "UserExtensions" : {
      "DataName" : "UserExtensions",
      "EntityName" : "",
      "EntityType" : "UserExtensions",
      "Id" : "UserExtensions",
      "Services" : [ {
        "APIMethod" : "post",
        "Characteristic" : "Services",
        "Id" : "UserExtensionInterface",
        "Name" : "GetCurrentUserExtensionProperties",
        "Parameters" : { },
        "RefreshInterval" : 0,
        "Target" : "GetCurrentUserExtensionProperties"
      } ]
    }
  },
  "DataBindings" : [ {
    "Id" : "c84698a5-d6d9-4d1e-a8e0-983fef4fd0c9",
    "PropertyMaps" : [ {
      "SourceProperty" : "result",
      "SourcePropertyBaseType" : "NUMBER",
      "SourcePropertyType" : "Field",
      "TargetProperty" : "Value",
      "TargetPropertyBaseType" : "NUMBER",
      "TargetPropertyType" : "property"
    } ],
    "SourceArea" : "Data",
    "SourceDetails" : "AllData",
    "SourceId" : "GetNumberPropertyValue",
    "SourceSection" : "DynamicThingTemplates_KBLocalMachineThingTemplate",
    "TargetArea" : "UI",
    "TargetId" : "verticalslider-20",
    "TargetSection" : ""
  }, {
    "Id" : "9d5d2b16-3421-4fcc-b1a3-e155b5b86cc8",
    "PropertyMaps" : [ {
      "SourceProperty" : "Value",
      "SourcePropertyBaseType" : "NUMBER",
      "TargetProperty" : "ShiftFactorInPercent",
      "TargetPropertyBaseType" : "NUMBER",
      "TargetPropertyType" : "Property"
    } ],
    "SourceArea" : "UI",
    "SourceId" : "verticalslider-20",
    "SourceSection" : "",
    "TargetArea" : "Data",
    "TargetId" : "SetProperties",
    "TargetSection" : "DynamicThingTemplates_KBLocalMachineThingTemplate"
  }, {
    "Id" : "ac5d719d-9e7a-43e0-a6d7-914797b11ddd",
    "PropertyMaps" : [ {
      "SourceProperty" : "",
      "SourcePropertyBaseType" : "INFOTABLE",
      "SourcePropertyType" : "InfoTable",
      "TargetProperty" : "Data",
      "TargetPropertyBaseType" : "INFOTABLE",
      "TargetPropertyType" : "property"
    } ],
    "SourceArea" : "Data",
    "SourceDetails" : "AllData",
    "SourceId" : "GetImplementingThings",
    "SourceSection" : "ThingTemplates_KBLocalMachineThingTemplate",
    "TargetArea" : "UI",
    "TargetId" : "dhxlist-13",
    "TargetSection" : ""
  }, {
    "Id" : "f24d9743-cefb-4dbf-8bca-d13078db1df8",
    "PropertyMaps" : [ {
      "SourceProperty" : "name",
      "SourcePropertyBaseType" : "STRING",
      "TargetProperty" : "value",
      "TargetPropertyBaseType" : "THINGNAME",
      "TargetPropertyType" : "Entity"
    } ],
    "SourceArea" : "Data",
    "SourceDetails" : "SelectedRows",
    "SourceId" : "GetImplementingThings",
    "SourceSection" : "ThingTemplates_KBLocalMachineThingTemplate",
    "TargetArea" : "Data",
    "TargetId" : "EntityName",
    "TargetSection" : "DynamicThingTemplates_KBLocalMachineThingTemplate"
  }, {
    "Id" : "4df481a9-7143-48eb-bf97-574bd0c52a5f",
    "PropertyMaps" : [ {
      "SourceProperty" : "name",
      "SourcePropertyBaseType" : "STRING",
      "TargetProperty" : "value",
      "TargetPropertyBaseType" : "THINGNAME",
      "TargetPropertyType" : "Entity"
    } ],
    "SourceArea" : "Data",
    "SourceDetails" : "SelectedRows",
    "SourceId" : "GetImplementingThings",
    "SourceSection" : "ThingTemplates_KBLocalMachineThingTemplate",
    "TargetArea" : "Data",
    "TargetId" : "EntityName",
    "TargetSection" : "DynamicThingShapes_KBLocalMachineSmartKPIShape"
  }, {
    "Id" : "7a013278-6960-41d0-aba6-4442327fbbac",
    "PropertyMaps" : [ {
      "SourceProperty" : "Text",
      "SourcePropertyBaseType" : "STRING",
      "TargetProperty" : "DisplayName",
      "TargetPropertyBaseType" : "STRING",
      "TargetPropertyType" : "Property"
    } ],
    "SourceArea" : "UI",
    "SourceId" : "textbox-22",
    "SourceSection" : "",
    "TargetArea" : "Data",
    "TargetId" : "SetProperties",
    "TargetSection" : "DynamicThingShapes_KBLocalMachineSmartKPIShape"
  }, {
    "Id" : "f2c7a995-87d1-4917-883d-55aacc206787",
    "PropertyMaps" : [ {
      "SourceProperty" : "result",
      "SourcePropertyBaseType" : "STRING",
      "SourcePropertyType" : "Field",
      "TargetProperty" : "Entity",
      "TargetPropertyBaseType" : "THINGNAME",
      "TargetPropertyType" : "property"
    } ],
    "SourceArea" : "Data",
    "SourceDetails" : "AllData",
    "SourceId" : "GetStringPropertyValue1",
    "SourceSection" : "DynamicThingTemplates_KBLocalMachineThingTemplate",
    "TargetArea" : "UI",
    "TargetId" : "entitypicker-27",
    "TargetSection" : ""
  }, {
    "Id" : "b3b053c3-21bc-4bfc-8347-b53f40f07caa",
    "PropertyMaps" : [ {
      "SourceProperty" : "Entity",
      "SourcePropertyBaseType" : "THINGNAME",
      "TargetProperty" : "MainStationForLineStatus",
      "TargetPropertyBaseType" : "THINGNAME",
      "TargetPropertyType" : "Property"
    } ],
    "SourceArea" : "UI",
    "SourceId" : "entitypicker-27",
    "SourceSection" : "",
    "TargetArea" : "Data",
    "TargetId" : "SetProperties",
    "TargetSection" : "DynamicThingTemplates_KBLocalMachineThingTemplate"
  }, {
    "Id" : "1a712387-9381-4e8e-8cd7-0890ba4c09d9",
    "PropertyMaps" : [ {
      "SourceProperty" : "",
      "SourcePropertyBaseType" : "INFOTABLE",
      "SourcePropertyType" : "InfoTable",
      "TargetProperty" : "Data",
      "TargetPropertyBaseType" : "INFOTABLE",
      "TargetPropertyType" : "property"
    } ],
    "SourceArea" : "Data",
    "SourceDetails" : "AllData",
    "SourceId" : "GetDataForMachineAdminMashup",
    "SourceSection" : "Things_KBSmartKPIHelperThing",
    "TargetArea" : "UI",
    "TargetId" : "dhxgrid-18",
    "TargetSection" : ""
  }, {
    "Id" : "6ed38eb8-7d57-4237-820c-2bcad9555c43",
    "PropertyMaps" : [ {
      "SourceProperty" : "result",
      "SourcePropertyBaseType" : "STRING",
      "SourcePropertyType" : "Field",
      "TargetProperty" : "Text",
      "TargetPropertyBaseType" : "STRING",
      "TargetPropertyType" : "property"
    } ],
    "SourceArea" : "Data",
    "SourceDetails" : "AllData",
    "SourceId" : "GetStringPropertyValue",
    "SourceSection" : "DynamicThingShapes_KBLocalMachineSmartKPIShape",
    "TargetArea" : "UI",
    "TargetId" : "textbox-22",
    "TargetSection" : ""
  }, {
    "Id" : "5c2a021b-4aab-40c7-8c85-6941ca603e46",
    "PropertyMaps" : [ {
      "SourceProperty" : "result",
      "SourcePropertyBaseType" : "STRING",
      "SourcePropertyType" : "Field",
      "TargetProperty" : "Text",
      "TargetPropertyBaseType" : "STRING",
      "TargetPropertyType" : "property"
    } ],
    "SourceArea" : "Data",
    "SourceDetails" : "AllData",
    "SourceId" : "GetStringPropertyValue1",
    "SourceSection" : "DynamicThingShapes_KBLocalMachineSmartKPIShape",
    "TargetArea" : "UI",
    "TargetId" : "textbox-30",
    "TargetSection" : ""
  }, {
    "Id" : "baf6f6cd-8743-4155-a3a0-051d2ef08801",
    "PropertyMaps" : [ {
      "SourceProperty" : "result",
      "SourcePropertyBaseType" : "BOOLEAN",
      "SourcePropertyType" : "Field",
      "TargetProperty" : "State",
      "TargetPropertyBaseType" : "BOOLEAN",
      "TargetPropertyType" : "property"
    } ],
    "SourceArea" : "Data",
    "SourceDetails" : "AllData",
    "SourceId" : "GetBooleanPropertyValue",
    "SourceSection" : "DynamicThingShapes_KBLocalMachineSmartKPIShape",
    "TargetArea" : "UI",
    "TargetId" : "checkbox-28",
    "TargetSection" : ""
  }, {
    "Id" : "bff94de6-8c81-414a-8935-a60c593162b0",
    "PropertyMaps" : [ {
      "SourceProperty" : "Text",
      "SourcePropertyBaseType" : "STRING",
      "TargetProperty" : "FullName",
      "TargetPropertyBaseType" : "STRING",
      "TargetPropertyType" : "Property"
    } ],
    "SourceArea" : "UI",
    "SourceId" : "textbox-30",
    "SourceSection" : "",
    "TargetArea" : "Data",
    "TargetId" : "SetProperties",
    "TargetSection" : "DynamicThingShapes_KBLocalMachineSmartKPIShape"
  }, {
    "Id" : "ac2d62c5-15e1-4046-a563-6abd734c6922",
    "PropertyMaps" : [ {
      "SourceProperty" : "State",
      "SourcePropertyBaseType" : "BOOLEAN",
      "TargetProperty" : "isActive",
      "TargetPropertyBaseType" : "BOOLEAN",
      "TargetPropertyType" : "Property"
    } ],
    "SourceArea" : "UI",
    "SourceId" : "checkbox-28",
    "SourceSection" : "",
    "TargetArea" : "Data",
    "TargetId" : "SetProperties",
    "TargetSection" : "DynamicThingShapes_KBLocalMachineSmartKPIShape"
  } ],
  "DesignTimePermissions" : { },
  "Events" : [ {
    "EventHandlerArea" : "Data",
    "EventHandlerId" : "ThingTemplates_KBLocalMachineThingTemplate",
    "EventHandlerService" : "GetImplementingThings",
    "EventTriggerArea" : "Mashup",
    "EventTriggerEvent" : "Loaded",
    "EventTriggerId" : "mashup-root",
    "EventTriggerSection" : "",
    "Id" : "886477d1-54e5-41ae-a961-3e1385059b80"
  }, {
    "EventHandlerArea" : "Data",
    "EventHandlerId" : "ThingTemplates_KBLocalMachineThingTemplate",
    "EventHandlerService" : "GetImplementingThings",
    "EventTriggerArea" : "UI",
    "EventTriggerEvent" : "PopupClosed",
    "EventTriggerId" : "navigation-25",
    "EventTriggerSection" : "",
    "Id" : "b383f20c-8b19-4a4b-b183-2b5d050db486"
  }, {
    "EventHandlerArea" : "Data",
    "EventHandlerId" : "DynamicThingTemplates_KBLocalMachineThingTemplate",
    "EventHandlerService" : "GetNumberPropertyValue",
    "EventTriggerArea" : "Data",
    "EventTriggerEvent" : "SelectedRowsChanged",
    "EventTriggerId" : "GetImplementingThings",
    "EventTriggerSection" : "ThingTemplates_KBLocalMachineThingTemplate",
    "Id" : "29a72f23-5a0a-4992-b9c9-c5e70d944c33"
  }, {
    "EventHandlerArea" : "Data",
    "EventHandlerId" : "DynamicThingShapes_KBLocalMachineSmartKPIShape",
    "EventHandlerService" : "SetProperties",
    "EventTriggerArea" : "UI",
    "EventTriggerEvent" : "Clicked",
    "EventTriggerId" : "button-17",
    "EventTriggerSection" : "",
    "Id" : "22263b99-2176-4c6b-8764-ab67dd97a52f"
  }, {
    "EventHandlerArea" : "Data",
    "EventHandlerId" : "DynamicThingTemplates_KBLocalMachineThingTemplate",
    "EventHandlerService" : "GetStringPropertyValue1",
    "EventTriggerArea" : "Data",
    "EventTriggerEvent" : "SelectedRowsChanged",
    "EventTriggerId" : "GetImplementingThings",
    "EventTriggerSection" : "ThingTemplates_KBLocalMachineThingTemplate",
    "Id" : "b956384f-48b3-4022-b1b8-548e7e81a479"
  }, {
    "EventHandlerArea" : "Data",
    "EventHandlerId" : "Things_KBSmartKPIHelperThing",
    "EventHandlerService" : "GetDataForMachineAdminMashup",
    "EventTriggerArea" : "Mashup",
    "EventTriggerEvent" : "Loaded",
    "EventTriggerId" : "mashup-root",
    "EventTriggerSection" : "",
    "Id" : "1aa929cb-5d7e-4b40-9981-798477b9c6b5"
  }, {
    "EventHandlerArea" : "Data",
    "EventHandlerId" : "Things_KBSmartKPIHelperThing",
    "EventHandlerService" : "GetDataForMachineAdminMashup",
    "EventTriggerArea" : "UI",
    "EventTriggerEvent" : "PopupClosed",
    "EventTriggerId" : "navigation-25",
    "EventTriggerSection" : "",
    "Id" : "c2802e54-20b9-46b4-a718-23f93bbc4744"
  }, {
    "EventHandlerArea" : "Data",
    "EventHandlerId" : "DynamicThingShapes_KBLocalMachineSmartKPIShape",
    "EventHandlerService" : "GetStringPropertyValue",
    "EventTriggerArea" : "Data",
    "EventTriggerEvent" : "SelectedRowsChanged",
    "EventTriggerId" : "GetImplementingThings",
    "EventTriggerSection" : "ThingTemplates_KBLocalMachineThingTemplate",
    "Id" : "cfd36d1d-b8eb-40a5-b066-027d5f812c61"
  }, {
    "EventHandlerArea" : "Data",
    "EventHandlerId" : "DynamicThingTemplates_KBLocalMachineThingTemplate",
    "EventHandlerService" : "SetProperties",
    "EventTriggerArea" : "Data",
    "EventTriggerEvent" : "ServiceInvokeCompleted",
    "EventTriggerId" : "SetProperties",
    "EventTriggerSection" : "DynamicThingShapes_KBLocalMachineSmartKPIShape",
    "Id" : "c53db9b8-b3aa-40b1-8df4-31190ec6a025"
  }, {
    "EventHandlerArea" : "Data",
    "EventHandlerId" : "Things_KBSmartKPIHelperThing",
    "EventHandlerService" : "GetDataForMachineAdminMashup",
    "EventTriggerArea" : "Data",
    "EventTriggerEvent" : "ServiceInvokeCompleted",
    "EventTriggerId" : "SetProperties",
    "EventTriggerSection" : "DynamicThingTemplates_KBLocalMachineThingTemplate",
    "Id" : "ec7591c6-ab1e-4204-ab59-ad75168cd269"
  }, {
    "EventHandlerArea" : "Data",
    "EventHandlerId" : "DynamicThingShapes_KBLocalMachineSmartKPIShape",
    "EventHandlerService" : "GetStringPropertyValue1",
    "EventTriggerArea" : "Data",
    "EventTriggerEvent" : "SelectedRowsChanged",
    "EventTriggerId" : "GetImplementingThings",
    "EventTriggerSection" : "ThingTemplates_KBLocalMachineThingTemplate",
    "Id" : "3a9ba901-af6e-47c3-b513-d3bce0468dee"
  }, {
    "EventHandlerArea" : "Data",
    "EventHandlerId" : "DynamicThingShapes_KBLocalMachineSmartKPIShape",
    "EventHandlerService" : "GetBooleanPropertyValue",
    "EventTriggerArea" : "Data",
    "EventTriggerEvent" : "SelectedRowsChanged",
    "EventTriggerId" : "GetImplementingThings",
    "EventTriggerSection" : "ThingTemplates_KBLocalMachineThingTemplate",
    "Id" : "98465c35-54cc-4694-8e91-d0b431f10f1b"
  } ],
  "RunTimePermissions" : { },
  "UI" : {
    "Properties" : {
      "AddToDashboardButtonStyle" : "DefaultAddToDashboardButtonStyle",
      "Area" : "Mashup",
      "BGImageRepeat" : "no-repeat",
      "BGImageSize" : "auto",
      "Columns" : 0,
      "ConfigureGadgetButtonStyle" : "DefaultConfigureGadgetButtonStyle",
      "DisplayName" : "Mashup",
      "EnableParameterEditing" : false,
      "Height" : 618,
      "Id" : "mashup-root",
      "IgnoreWarningsInViewMashup" : false,
      "IsPrintLayout" : false,
      "Left" : 0,
      "MashupToEditGadget" : "DefaultMashupToEditGadget",
      "Master" : "KBSmartProductionMaster1Mashup",
      "MinHeight" : 0,
      "MinWidth" : 0,
      "ResponsiveLayout" : true,
      "Rows" : 0,
      "ShowDataLoading" : true,
      "Style" : "DefaultMashupStyle",
      "Title" : "",
      "TitleBar" : false,
      "TitleBarStyle" : "DefaultTitleBarStyle",
      "TitleBarText" : "Gadget Title Here",
      "Top" : 0,
      "Type" : "mashup",
      "Visible" : true,
      "Width" : 1024,
      "Z-index" : 10,
      "__TypeDisplayName" : "Mashup",
      "id_index" : 30,
      "supportsAutoResize" : true
    },
    "Widgets" : [ {
      "Properties" : {
        "Area" : "UI",
        "Columns" : 0,
        "DisplayName" : "layout-6",
        "Footer" : false,
        "FooterHeight" : 0,
        "Header" : true,
        "HeaderHeight" : 300,
        "Id" : "layout-6",
        "IncludeSpacingInFixedAreas" : false,
        "IsPrintLayout" : false,
        "Left" : 145,
        "LeftSidebar" : false,
        "LeftSidebarWidth" : 0,
        "Orientation" : "vertical",
        "PctColumn1" : 50,
        "PctColumn2" : 50,
        "PctColumn3" : 1,
        "PctColumn4" : 1,
        "PctColumn5" : 1,
        "PctColumn6" : 1,
        "PctColumn7" : 1,
        "PctColumn8" : 1,
        "PctRow1" : 100,
        "PctRow2" : 100,
        "PctRow3" : 0,
        "PctRow4" : 0,
        "PctRow5" : 0,
        "PctRow6" : 0,
        "PctRow7" : 0,
        "PctRow8" : 0,
        "PrintMarginLeftRight" : 0.5,
        "PrintMarginTopBottom" : 0.5,
        "PrintWidth" : 650,
        "ResponsiveLayout" : true,
        "RightSidebar" : false,
        "RightSidebarWidth" : 0,
        "Rows" : 1,
        "ShowDataLoading" : true,
        "Spacing" : 2,
        "Top" : 155,
        "Type" : "layout",
        "Visible" : true,
        "Z-index" : 10,
        "__TypeDisplayName" : "Layout"
      },
      "Widgets" : [ {
        "Properties" : {
          "AnimateExpandCollapse" : true,
          "Area" : "UI",
          "BGImageRepeat" : "no-repeat",
          "BGImageSize" : "auto",
          "DisplayName" : "Header",
          "ExpandCollapseTabLocation" : "outside",
          "Expanded" : true,
          "Id" : "container-7",
          "MinHeight" : 0,
          "MinWidth" : 0,
          "Overlay" : false,
          "OverlayIsTransparent" : false,
          "ResponsiveLayout" : true,
          "ShowDataLoading" : true,
          "ShowExpandCollapseTab" : false,
          "Style" : "DefaultContainerStyle",
          "TabCollapseStyle" : "DefaultTabCollapseStyle",
          "TabExpandStyle" : "DefaultTabExpandStyle",
          "TabHeight" : 36,
          "TabLocation" : "center",
          "TabOffset" : 0,
          "TabWidth" : 36,
          "Type" : "container",
          "Visible" : true,
          "Z-index" : 10,
          "__TypeDisplayName" : "Container"
        },
        "Widgets" : [ {
          "Properties" : {
            "Area" : "UI",
            "DisplayName" : "panel-9",
            "Height" : 200,
            "HideScrollbars" : false,
            "HorizontalAnchor" : "left",
            "Id" : "panel-9",
            "Left" : 325,
            "ResponsiveLayout" : true,
            "ShowDataLoading" : true,
            "Style" : "DefaultPanelStyle",
            "Top" : 30,
            "Type" : "panel",
            "VerticalAnchor" : "top",
            "Visible" : true,
            "Width" : 300,
            "Z-index" : 10,
            "__TypeDisplayName" : "Panel"
          },
          "Widgets" : [ {
            "Properties" : {
              "Alignment" : "left",
              "AllowEllipsis" : false,
              "Area" : "UI",
              "CustomClass" : "",
              "DisplayName" : "label-10",
              "Height" : 22,
              "Id" : "label-10",
              "Left" : 20,
              "ResponsiveLayout" : false,
              "ShowDataLoading" : true,
              "Style" : "KB.BigLabelStyle",
              "Text" : "Line/Machine Overview",
              "ToolTipField" : "",
              "ToolTipStyle" : "DefaultTooltipStyle",
              "Top" : 15,
              "Type" : "label",
              "Visible" : true,
              "Width" : 335,
              "Z-index" : 10,
              "__TypeDisplayName" : "Label",
              "__supportsTooltip" : true
            },
            "Widgets" : [ ]
          }, {
            "Properties" : {
              "Alignment" : "left",
              "Area" : "UI",
              "AutoSelectFirstRow" : false,
              "ClearIfNoSelection" : false,
              "ComboDropdownButtonStyle" : "DefaultComboDropdownButtonStyle",
              "ComboEnableCheckbox" : false,
              "ComboItemHighlightedStyle" : "DefaultComboItemHighlightedStyle",
              "ComboTextboxStyle" : "DefaultComboTextboxStyle",
              "DisableSelectedStyle" : false,
              "DisplayField" : "name",
              "DisplayName" : "dhxlist-13",
              "DropdownButtonStyle" : "DefaultDropdownButtonStyle",
              "DropdownSelectedStyle" : "DefaultDropdownSelectedStyle",
              "DropdownStyle" : "DefaultDropdownStyle",
              "EnableKeyboardSelections" : true,
              "Height" : 28,
              "HeightOfDropdownView" : 170,
              "Id" : "dhxlist-13",
              "Label" : "",
              "LabelAlignment" : "left",
              "Left" : 20,
              "ListBackgroundStyle" : "DefaultListBackgroundStyle",
              "ListFocusStyle" : "DefaultFocusStyle",
              "ListItemAlternateStyle" : "DefaultListItemAlternateStyle",
              "ListItemHoverStyle" : "DefaultListItemHoverStyle",
              "ListItemSelectedStyle" : "DefaultListItemSelectedStyle",
              "ListItemStyle" : "DefaultListItemStyle",
              "ListLabelStyle" : "DefaultWidgetLabelStyle",
              "MultiSelect" : false,
              "NumberOfItemsInDropdownView" : 6,
              "ResponsiveLayout" : false,
              "RowHeight" : 28,
              "ShowDataLoading" : true,
              "SingleClickSelectOnTablets" : false,
              "TabSequence" : -1,
              "TextIfNoSelectionType" : "editable",
              "ToolTipStyle" : "DefaultTooltipStyle",
              "Top" : 55,
              "Type" : "dhxlist",
              "ValueField" : "name",
              "View" : "dropdown",
              "Visible" : true,
              "Width" : 515,
              "WidthOfDropdownView" : 500,
              "Z-index" : 10,
              "__TypeDisplayName" : "List",
              "__supportsLabel" : true,
              "__supportsTooltip" : true
            },
            "Widgets" : [ ]
          }, {
            "Properties" : {
              "ActiveStyle" : "DefaultButtonActiveStyle",
              "Area" : "UI",
              "CancelConfirmationButton" : "button2",
              "ConfirmationButton1Label" : "Yes",
              "ConfirmationButton2Label" : "No",
              "ConfirmationPrompt" : "Do Action?",
              "ConfirmationRequired" : false,
              "ConfirmationTitle" : "Confirm Action",
              "ContextId" : "",
              "DefaultConfirmationButton" : "button1",
              "Disabled" : false,
              "DisabledStyle" : "DefaultButtonDisabledStyle",
              "DisplayName" : "button-17",
              "FocusStyle" : "DefaultButtonFocusStyle",
              "Height" : 30,
              "HoverStyle" : "DefaultButtonHoverStyle",
              "IconAlignment" : "left",
              "Id" : "button-17",
              "Label" : "Save",
              "Left" : 25,
              "ResponsiveLayout" : false,
              "RoundedCorners" : true,
              "ShowDataLoading" : true,
              "Style" : "DefaultButtonStyle",
              "TabSequence" : 0,
              "ToolTipField" : "",
              "ToolTipStyle" : "DefaultTooltipStyle",
              "Top" : 255,
              "Type" : "button",
              "Visible" : true,
              "Width" : 75,
              "Z-index" : 10,
              "__TypeDisplayName" : "Button",
              "__supportsTooltip" : true
            },
            "Widgets" : [ ]
          }, {
            "Properties" : {
              "Area" : "UI",
              "DisplayMinMaxLabels" : true,
              "DisplayName" : "verticalslider-20",
              "DisplayValueLabel" : true,
              "Height" : 200,
              "Id" : "verticalslider-20",
              "Left" : 580,
              "Maximum" : 100,
              "Minimum" : 0,
              "ResponsiveLayout" : false,
              "ShowDataLoading" : true,
              "Skin" : "Default",
              "SliderBGStyle" : "DefaultSliderBGStyle",
              "SliderBar" : "Thick",
              "SliderHandle" : "Square",
              "SliderHandleStyle" : "DefaultSliderHandleStyle",
              "SliderMaxStyle" : "DefaultSliderMaxStyle",
              "SliderMinStyle" : "DefaultSliderMinStyle",
              "SliderTrackerProgressStyle" : "DefaultSliderTrackerProgressStyle",
              "SliderTrackerStyle" : "DefaultSliderTrackerStyle",
              "SliderValueStyle" : "DefaultSliderValueStyle",
              "Step" : 1,
              "SteppingMode" : false,
              "Top" : 30,
              "TrackingMode" : false,
              "Type" : "verticalslider",
              "Value" : 0,
              "Vertical" : true,
              "Visible" : true,
              "Width" : 57,
              "Z-index" : 10,
              "__TypeDisplayName" : "Vertical Slider"
            },
            "Widgets" : [ ]
          }, {
            "Properties" : {
              "Alignment" : "left",
              "AllowEllipsis" : false,
              "Area" : "UI",
              "DisplayName" : "label-21",
              "Height" : 22,
              "Id" : "label-21",
              "Left" : 550,
              "ResponsiveLayout" : false,
              "ShowDataLoading" : true,
              "Style" : "DefaultLabelStyle",
              "Text" : "Shift Factor in Percent",
              "ToolTipField" : "",
              "ToolTipStyle" : "DefaultTooltipStyle",
              "Top" : 240,
              "Type" : "label",
              "Visible" : true,
              "Width" : 160,
              "Z-index" : 10,
              "__TypeDisplayName" : "Label",
              "__supportsTooltip" : true
            },
            "Widgets" : [ ]
          }, {
            "Properties" : {
              "Area" : "UI",
              "CursorPosition" : 0,
              "DefaultTextboxFocusStyle" : "DefaultFocusStyle",
              "DisplayName" : "textbox-22",
              "Height" : 24,
              "Id" : "textbox-22",
              "InnerShadow" : true,
              "Label" : "",
              "LabelAlignment" : "left",
              "Left" : 185,
              "MaskInputCharacters" : false,
              "PlaceholderText" : "",
              "ReadOnly" : false,
              "ResponsiveLayout" : false,
              "ShowDataLoading" : true,
              "Style" : "DefaultTextBoxStyle",
              "TabSequence" : 0,
              "Text" : "",
              "TextAlign" : "left",
              "TextboxLabelStyle" : "DefaultWidgetLabelStyle",
              "ToolTipField" : "",
              "ToolTipStyle" : "DefaultTooltipStyle",
              "Top" : 100,
              "Type" : "textbox",
              "Visible" : true,
              "Width" : 350,
              "Z-index" : 10,
              "__TypeDisplayName" : "TextBox",
              "__supportsLabel" : true,
              "__supportsTooltip" : true
            },
            "Widgets" : [ ]
          }, {
            "Properties" : {
              "Alignment" : "left",
              "AllowEllipsis" : false,
              "Area" : "UI",
              "Description" : "",
              "DisplayName" : "label-23",
              "Height" : 22,
              "Id" : "label-23",
              "Left" : 25,
              "ResponsiveLayout" : false,
              "ShowDataLoading" : true,
              "Style" : "DefaultLabelStyle",
              "Text" : "Display Name:",
              "ToolTipField" : "",
              "ToolTipStyle" : "DefaultTooltipStyle",
              "Top" : 102,
              "Type" : "label",
              "Visible" : true,
              "Width" : 75,
              "Z-index" : 10,
              "__TypeDisplayName" : "Label",
              "__supportsTooltip" : true
            },
            "Widgets" : [ ]
          }, {
            "Properties" : {
              "Alignment" : "center",
              "Area" : "UI",
              "ClickOutsideToClose" : false,
              "DisplayName" : "navigation-25",
              "FixedPopupHeight" : 0,
              "FixedPopupWidth" : 0,
              "Height" : 30,
              "IconAlignment" : "left",
              "Id" : "navigation-25",
              "Left" : 120,
              "MashupName" : "KBStationSetupNameForNewMeshup",
              "MashupParameters" : [ ],
              "MessageToShow" : "Mashup must be selected",
              "ModalPopupOpacity" : 0.5,
              "NavigationActiveStyle" : "DefaultNavigationActiveStyle",
              "NavigationFocusStyle" : "DefaultNavigationFocusStyle",
              "NavigationHoverStyle" : "DefaultNavigationHoverStyle",
              "PopupScrolling" : "auto",
              "PopupTitle" : "",
              "PopupTitleStyle" : "DefaultPopupTitleStyle",
              "ReloadOnReplace" : false,
              "ResponsiveLayout" : false,
              "RoundedCorners" : true,
              "ShowCloseButton" : true,
              "ShowDataLoading" : true,
              "ShowMessageIfNoMashup" : false,
              "Style" : "DefaultNavigationStyle",
              "TabSequence" : 0,
              "TargetWindow" : "popup",
              "Text" : "New",
              "ToolTipField" : "",
              "ToolTipStyle" : "DefaultTooltipStyle",
              "Top" : 255,
              "Transparent" : false,
              "Type" : "navigation",
              "Visible" : false,
              "Width" : 75,
              "Z-index" : 10,
              "__TypeDisplayName" : "Navigation",
              "__supportsTooltip" : true
            },
            "Widgets" : [ ]
          }, {
            "Properties" : {
              "Alignment" : "left",
              "AllowEllipsis" : false,
              "Area" : "UI",
              "DisplayName" : "label-26",
              "Height" : 22,
              "Id" : "label-26",
              "Left" : 25,
              "ResponsiveLayout" : false,
              "ShowDataLoading" : true,
              "Style" : "DefaultLabelStyle",
              "Text" : "Main Station for Status:",
              "ToolTipField" : "",
              "ToolTipStyle" : "DefaultTooltipStyle",
              "Top" : 173,
              "Type" : "label",
              "Visible" : true,
              "Width" : 145,
              "Z-index" : 10,
              "__TypeDisplayName" : "Label",
              "__supportsTooltip" : true
            },
            "Widgets" : [ ]
          }, {
            "Properties" : {
              "Area" : "UI",
              "DisplayName" : "entitypicker-27",
              "EntityType" : "Things",
              "FocusStyle" : "DefaultFocusStyle",
              "Height" : 30,
              "Id" : "entitypicker-27",
              "IncludeSystemObjects" : false,
              "Left" : 185,
              "ResponsiveLayout" : false,
              "SearchIncludesDescriptions" : true,
              "SearchTerm" : "",
              "ShowAdvanced" : true,
              "ShowDataLoading" : true,
              "TabSequence" : 0,
              "ThingTemplate" : "KBLocalStationThingTemplate",
              "Top" : 165,
              "Type" : "entitypicker",
              "UseMostRecentlyUsed" : true,
              "Visible" : true,
              "Width" : 350,
              "Z-index" : 10,
              "__TypeDisplayName" : "Entity Picker"
            },
            "Widgets" : [ ]
          }, {
            "Properties" : {
              "Area" : "UI",
              "Disabled" : false,
              "DisplayName" : "checkbox-28",
              "FocusStyle" : "DefaultFocusStyle",
              "Height" : 20,
              "Id" : "checkbox-28",
              "Left" : 695,
              "Prompt" : "is Active",
              "ResponsiveLayout" : false,
              "ShowDataLoading" : true,
              "State" : false,
              "Style" : "DefaultCheckboxStyle",
              "TabSequence" : 0,
              "ToolTipField" : "",
              "ToolTipStyle" : "DefaultTooltipStyle",
              "Top" : 30,
              "Type" : "checkbox",
              "Visible" : true,
              "Width" : 120,
              "Z-index" : 10,
              "__TypeDisplayName" : "Checkbox",
              "__supportsTooltip" : true
            },
            "Widgets" : [ ]
          }, {
            "Properties" : {
              "Alignment" : "left",
              "AllowEllipsis" : false,
              "Area" : "UI",
              "DisplayName" : "label-29",
              "Height" : 22,
              "Id" : "label-29",
              "Left" : 25,
              "ResponsiveLayout" : false,
              "ShowDataLoading" : true,
              "Style" : "DefaultLabelStyle",
              "Text" : "Full Name",
              "ToolTipField" : "",
              "ToolTipStyle" : "DefaultTooltipStyle",
              "Top" : 132,
              "Type" : "label",
              "Visible" : true,
              "Width" : 75,
              "Z-index" : 10,
              "__TypeDisplayName" : "Label",
              "__supportsTooltip" : true
            },
            "Widgets" : [ ]
          }, {
            "Properties" : {
              "Area" : "UI",
              "CursorPosition" : 0,
              "DefaultTextboxFocusStyle" : "DefaultFocusStyle",
              "DisplayName" : "textbox-30",
              "Height" : 24,
              "Id" : "textbox-30",
              "InnerShadow" : true,
              "Label" : "",
              "LabelAlignment" : "left",
              "Left" : 185,
              "MaskInputCharacters" : false,
              "PlaceholderText" : "",
              "ReadOnly" : false,
              "ResponsiveLayout" : false,
              "ShowDataLoading" : true,
              "Style" : "DefaultTextBoxStyle",
              "TabSequence" : 0,
              "Text" : "",
              "TextAlign" : "left",
              "TextboxLabelStyle" : "DefaultWidgetLabelStyle",
              "ToolTipField" : "",
              "ToolTipStyle" : "DefaultTooltipStyle",
              "Top" : 130,
              "Type" : "textbox",
              "Visible" : true,
              "Width" : 350,
              "Z-index" : 10,
              "__TypeDisplayName" : "TextBox",
              "__supportsLabel" : true,
              "__supportsTooltip" : true
            },
            "Widgets" : [ ]
          } ]
        } ]
      }, {
        "Properties" : {
          "AnimateExpandCollapse" : true,
          "Area" : "UI",
          "BGImageRepeat" : "no-repeat",
          "BGImageSize" : "auto",
          "DisplayName" : "Row 1",
          "ExpandCollapseTabLocation" : "outside",
          "Expanded" : true,
          "Id" : "container-8",
          "MinHeight" : 0,
          "MinWidth" : 0,
          "Overlay" : false,
          "OverlayIsTransparent" : false,
          "ResponsiveLayout" : true,
          "ShowDataLoading" : true,
          "ShowExpandCollapseTab" : false,
          "Style" : "DefaultContainerStyle",
          "TabCollapseStyle" : "DefaultTabCollapseStyle",
          "TabExpandStyle" : "DefaultTabExpandStyle",
          "TabHeight" : 36,
          "TabLocation" : "center",
          "TabOffset" : 0,
          "TabWidth" : 36,
          "Type" : "container",
          "Visible" : true,
          "Z-index" : 10,
          "__TypeDisplayName" : "Container"
        },
        "Widgets" : [ {
          "Properties" : {
            "AlignHeader" : false,
            "Area" : "UI",
            "AutoSelectFirstRow" : false,
            "CellTextWrapping" : false,
            "ColumnFormat" : {
              "formatInfo" : [ {
                "Align" : "left",
                "AllowEdit" : false,
                "FieldName" : "MachineThingName",
                "FormatOptions" : {
                  "FormatString" : "full",
                  "formatInfo" : {
                    "FieldName" : "",
                    "StateDefinition" : "",
                    "StateDefinitionType" : "fixed",
                    "StateFormats" : [ {
                      "state" : "",
                      "stateName" : "fixed"
                    } ]
                  },
                  "renderer" : "STRING",
                  "roundingEnabled" : true
                },
                "Title" : "Machine Thing",
                "ValidationExpression" : "",
                "ValidationMessage" : "",
                "Width" : "auto"
              }, {
                "Align" : "left",
                "AllowEdit" : false,
                "FieldName" : "isActive",
                "FormatOptions" : {
                  "FormatString" : "checkbox",
                  "formatInfo" : {
                    "FieldName" : "",
                    "StateDefinition" : "",
                    "StateDefinitionType" : "fixed",
                    "StateFormats" : [ {
                      "state" : "",
                      "stateName" : "fixed"
                    } ]
                  },
                  "renderer" : "BOOLEAN",
                  "roundingEnabled" : true
                },
                "Title" : "is Active",
                "ValidationExpression" : "",
                "ValidationMessage" : "",
                "Width" : "auto"
              }, {
                "Align" : "left",
                "AllowEdit" : false,
                "FieldName" : "DisplayName",
                "FormatOptions" : {
                  "FormatString" : "full",
                  "formatInfo" : {
                    "FieldName" : "",
                    "StateDefinition" : "",
                    "StateDefinitionType" : "fixed",
                    "StateFormats" : [ {
                      "state" : "",
                      "stateName" : "fixed"
                    } ]
                  },
                  "renderer" : "STRING",
                  "roundingEnabled" : true
                },
                "Title" : "Display Name",
                "ValidationExpression" : "",
                "ValidationMessage" : "",
                "Width" : "auto"
              }, {
                "Align" : "left",
                "AllowEdit" : false,
                "FieldName" : "FullName",
                "FormatOptions" : {
                  "FormatString" : "full",
                  "formatInfo" : {
                    "FieldName" : "",
                    "StateDefinition" : "",
                    "StateDefinitionType" : "fixed",
                    "StateFormats" : [ {
                      "state" : "",
                      "stateName" : "fixed"
                    } ]
                  },
                  "renderer" : "STRING",
                  "roundingEnabled" : true
                },
                "Title" : "Full Name",
                "ValidationExpression" : "",
                "ValidationMessage" : "",
                "Width" : "auto"
              }, {
                "Align" : "left",
                "AllowEdit" : false,
                "FieldName" : "MainStationForStatus",
                "FormatOptions" : {
                  "FormatString" : "full",
                  "formatInfo" : {
                    "FieldName" : "",
                    "StateDefinition" : "",
                    "StateDefinitionType" : "fixed",
                    "StateFormats" : [ {
                      "state" : "",
                      "stateName" : "fixed"
                    } ]
                  },
                  "renderer" : "STRING",
                  "roundingEnabled" : true
                },
                "Title" : "Main station for status",
                "ValidationExpression" : "",
                "ValidationMessage" : "",
                "Width" : "auto"
              }, {
                "Align" : "right",
                "AllowEdit" : false,
                "FieldName" : "ShiftFactor",
                "FormatOptions" : {
                  "FormatString" : "0.00",
                  "formatInfo" : {
                    "FieldName" : "",
                    "StateDefinition" : "",
                    "StateDefinitionType" : "fixed",
                    "StateFormats" : [ {
                      "state" : "",
                      "stateName" : "fixed"
                    } ]
                  },
                  "renderer" : "NUMBER",
                  "roundingEnabled" : true
                },
                "Title" : "Shift Factor [%]",
                "ValidationExpression" : "",
                "ValidationMessage" : "",
                "Width" : "auto"
              } ]
            },
            "CurrentScrollTop" : 0,
            "DisplayName" : "dhxgrid-18",
            "FocusStyle" : "DefaultFocusStyle",
            "GridBackgroundStyle" : "DefaultGridBackgroundStyle",
            "GridEditableFieldStyle" : "DefaultGridEditableFieldStyle",
            "GridHeaderStyle" : "DefaultGridHeaderStyle",
            "GridHeaderTextCase" : "capitalize",
            "GridInvalidFieldStyle" : "DefaultGridInvalidFieldStyle",
            "Height" : 200,
            "Id" : "dhxgrid-18",
            "IsEditable" : false,
            "IsPrintLayout" : false,
            "Left" : 400,
            "MultiSelect" : false,
            "ResponsiveLayout" : true,
            "RowAlternateBackgroundStyle" : "DefaultRowAlternateBackgroundStyle",
            "RowBackgroundStyle" : "DefaultRowBackgroundStyle",
            "RowFormat_StateParameters" : [ ],
            "RowHeight" : 30,
            "RowHoverStyle" : "DefaultRowHoverStyle",
            "RowSelectedStyle" : "DefaultRowSelectedStyle",
            "ScrollTop" : 0,
            "ShowAllColumns" : false,
            "ShowDataLoading" : true,
            "TabSequence" : 0,
            "Top" : 35,
            "Type" : "dhxgrid",
            "Visible" : true,
            "Width" : 400,
            "Z-index" : 10,
            "__TypeDisplayName" : "Grid"
          },
          "Widgets" : [ ]
        } ]
      } ]
    } ]
  },
  "mashupType" : "mashup"
}]]></mashupContent>
			<ConfigurationChanges>
				<ConfigurationChange changeAction="CREATE"
					changeReason="header : name : updated&#10;"
					timestamp="2019-09-05T15:24:16.210+02:00" user="adm-flassakm" />
				<ConfigurationChange changeAction="MODIFY"
					changeReason="" timestamp="2019-09-05T15:58:13.820+02:00"
					user="adm-flassakm" />
				<ConfigurationChange changeAction="MODIFY"
					changeReason="" timestamp="2019-09-05T16:04:51.015+02:00"
					user="adm-flassakm" />
				<ConfigurationChange changeAction="MODIFY"
					changeReason="" timestamp="2019-09-05T16:06:48.767+02:00"
					user="adm-flassakm" />
				<ConfigurationChange changeAction="MODIFY"
					changeReason="" timestamp="2019-09-05T16:27:28.530+02:00"
					user="adm-flassakm" />
				<ConfigurationChange changeAction="MODIFY"
					changeReason="" timestamp="2019-09-05T16:31:21.196+02:00"
					user="adm-flassakm" />
			</ConfigurationChanges>
		</Mashup>
	</Mashups>
</Entities>