<?xml version="1.0" encoding="UTF-8" standalone="no"?>
<Entities build="b52" majorVersion="8" minorVersion="0"
	modelPersistenceProviderPackage="MssqlPersistenceProviderPackage"
	revision="3" schemaVersion="1000">
	<Mashups>
		<Mashup aspect.isResponsive="true" aspect.mashupType="mashup"
			columns="0.0" description="" documentationContent="" homeMashup=""
			lastModifiedDate="2018-02-20T15:54:02.559+01:00"
			name="KBLocalSmartKPIMachineLevelProcessDataIChartMashup"
			projectName="KBsmartKPI" rows="0.0"
			tags="KBThingWorxInstallationVocabulary:ExtensionSmartKPI">
			<Owner name="adm-flassakm" type="User" />
			<avatar />
			<DesignTimePermissions>
				<Create />
				<Read />
				<Update />
				<Delete />
				<Metadata />
			</DesignTimePermissions>
			<RunTimePermissions>
				<Permissions resourceName="*">
					<PropertyRead>
						<Principal isPermitted="true" name="KBUserGroup"
							type="Group" />
					</PropertyRead>
					<PropertyWrite />
					<ServiceInvoke>
						<Principal isPermitted="true" name="KBUserGroup"
							type="Group" />
					</ServiceInvoke>
					<EventInvoke />
					<EventSubscribe />
				</Permissions>
			</RunTimePermissions>
			<VisibilityPermissions>
				<Visibility>
					<Principal isPermitted="true" name="KBOrganization"
						type="Organization" />
				</Visibility>
			</VisibilityPermissions>
			<ConfigurationTables />
			<ParameterDefinitions>
				<FieldDefinition aspect.ordinal="1"
					baseType="DATETIME" description="" name="EndDate" ordinal="0" />
				<FieldDefinition aspect.ordinal="2"
					baseType="STRING" description="" name="Machine" ordinal="0" />
				<FieldDefinition aspect.ordinal="3"
					baseType="STRING" description="" name="ProcessParameterType"
					ordinal="0" />
				<FieldDefinition aspect.ordinal="0"
					baseType="DATETIME" description="" name="StartDate" ordinal="0" />
			</ParameterDefinitions>
			<Things />
			<ThingShapes />
			<ThingTemplates>
				<ThingTemplate>KBKPILocalThingWorxDatabaseTemplate</ThingTemplate>
			</ThingTemplates>
			<mashupContent><![CDATA[{
  "RunTimePermissions" : { },
  "UI" : {
    "Widgets" : [ {
      "Widgets" : [ ],
      "Properties" : {
        "ShowTestsResults" : true,
        "ShowStdDevAreas" : true,
        "Left" : 100,
        "K1" : 3,
        "K2" : 9,
        "ShowDataLoading" : true,
        "K3" : 6,
        "K4" : 14,
        "K5" : 2,
        "Test1Style" : "DefaultChartStyle1",
        "K6" : 4,
        "LineLCL&UCL" : "DefaultChartStyle",
        "K7" : 15,
        "K8" : 8,
        "Test6Style" : "DefaultChartStyle6",
        "Area3StdDev" : "DefaultChartStyle16",
        "Test3Style" : "DefaultChartStyle3",
        "ShowAdditionalData" : true,
        "ShowLCL&UCL" : true,
        "XAxisTitle" : "x-scale ID",
        "Test4Style" : "DefaultChartStyle4",
        "Visible" : true,
        "DisplayName" : "ichart-13",
        "LineLSL&USL" : "DefaultChartStyle3",
        "Test7Style" : "DefaultChartStyle7",
        "Height" : 340,
        "Width" : 420,
        "FieldName" : "ProcesData",
        "ShowLSL&USL" : true,
        "Test8Style" : "DefaultChartStyle8",
        "LSL" : -6,
        "Test5Style" : "DefaultChartStyle5",
        "ResponsiveLayout" : true,
        "Title" : "I-Chart",
        "Z-index" : 10,
        "Area1StdDev" : "DefaultChartStyle2",
        "YAxisTitle" : "data/uom",
        "D2" : 1.128,
        "__TypeDisplayName" : "I-Chart",
        "USL" : 6,
        "Area" : "UI",
        "Type" : "ichart",
        "Top" : 35,
        "Area2StdDev" : "DefaultChartStyle15",
        "Test9Style" : "DefaultChartStyle9",
        "Id" : "ichart-13",
        "Test2Style" : "DefaultChartStyle2"
      }
    } ],
    "Properties" : {
      "MinHeight" : 0,
      "Left" : 0,
      "BGImageRepeat" : "no-repeat",
      "ShowDataLoading" : true,
      "AddToDashboardButtonStyle" : "DefaultAddToDashboardButtonStyle",
      "id_index" : 15,
      "Machine" : "KBLisLaa7MachineThing",
      "StartDate" : "2017-12-11T23:00:00.000Z",
      "ProcessParameterType" : "Mesure Couple Raccort 1",
      "supportsAutoResize" : true,
      "Visible" : true,
      "DisplayName" : "Mashup",
      "Style" : "DefaultMashupStyle",
      "BGImageSize" : "auto",
      "Height" : 618,
      "_currentParameterDefs" : [ {
        "DefaultValue" : "2017-11-30T23:00:00.000Z",
        "Description" : "",
        "BaseType" : "DATETIME",
        "ParameterName" : "StartDate"
      }, {
        "DefaultValue" : "2017-12-10T23:00:00.000Z",
        "Description" : "",
        "BaseType" : "DATETIME",
        "ParameterName" : "EndDate"
      }, {
        "DefaultValue" : "KBLisLaa8MachineThing",
        "Description" : "",
        "BaseType" : "STRING",
        "ParameterName" : "Machine"
      }, {
        "DefaultValue" : "M1",
        "Description" : "",
        "BaseType" : "STRING",
        "ParameterName" : "ProcessParameterType"
      } ],
      "Width" : 1024,
      "TitleBar" : false,
      "Rows" : 0,
      "ConfigureGadgetButtonStyle" : "DefaultConfigureGadgetButtonStyle",
      "TitleBarStyle" : "DefaultTitleBarStyle",
      "ResponsiveLayout" : true,
      "Title" : "",
      "Columns" : 0,
      "Z-index" : 10,
      "TitleBarText" : "Gadget Title Here",
      "MinWidth" : 0,
      "EndDate" : "2017-12-12T23:00:00.000Z",
      "__TypeDisplayName" : "Mashup",
      "EnableParameterEditing" : false,
      "Area" : "Mashup",
      "Type" : "mashup",
      "Top" : 0,
      "IsPrintLayout" : false,
      "MashupToEditGadget" : "DefaultMashupToEditGadget",
      "Id" : "mashup-root",
      "IgnoreWarningsInViewMashup" : false
    }
  },
  "Events" : [ {
    "EventTriggerArea" : "Mashup",
    "EventHandlerService" : "GetKPILocalThingWorxDatabaseThing",
    "EventTriggerSection" : "",
    "EventHandlerId" : "Resources_KBThingWorxServerSystem",
    "EventTriggerEvent" : "Loaded",
    "Id" : "f9a1a409-7f88-4937-8628-99a8c8d4c33d",
    "EventTriggerId" : "mashup-root",
    "EventHandlerArea" : "Data"
  }, {
    "EventTriggerArea" : "Mashup",
    "EventHandlerService" : "GetKPILocalThingWorxDatabaseThing",
    "EventTriggerSection" : "",
    "EventHandlerId" : "Resources_KBThingWorxServerSystem",
    "EventTriggerEvent" : "RefreshRequested",
    "Id" : "46a1dffe-8f82-49e3-be79-de9be68941f0",
    "EventTriggerId" : "mashup-root",
    "EventHandlerArea" : "Data"
  }, {
    "EventTriggerArea" : "Mashup",
    "EventHandlerService" : "GetKPILocalThingWorxDatabaseThing",
    "EventTriggerSection" : "",
    "EventHandlerId" : "Resources_KBThingWorxServerSystem",
    "EventTriggerEvent" : "StartDateChanged",
    "Id" : "217b12c8-a133-4b42-81ae-157f6f95da93",
    "EventTriggerId" : "mashup-root",
    "EventHandlerArea" : "Data"
  }, {
    "EventTriggerArea" : "Mashup",
    "EventHandlerService" : "GetKPILocalThingWorxDatabaseThing",
    "EventTriggerSection" : "",
    "EventHandlerId" : "Resources_KBThingWorxServerSystem",
    "EventTriggerEvent" : "EndDateChanged",
    "Id" : "ba415d3d-5109-499b-91a3-d794de80ee90",
    "EventTriggerId" : "mashup-root",
    "EventHandlerArea" : "Data"
  }, {
    "EventTriggerArea" : "Mashup",
    "EventHandlerService" : "GetKPILocalThingWorxDatabaseThing",
    "EventTriggerSection" : "",
    "EventHandlerId" : "Resources_KBThingWorxServerSystem",
    "EventTriggerEvent" : "MachineChanged",
    "Id" : "ccef7dfc-f36b-4e6c-8019-7de291b88a25",
    "EventTriggerId" : "mashup-root",
    "EventHandlerArea" : "Data"
  }, {
    "EventTriggerArea" : "Mashup",
    "EventHandlerService" : "GetKPILocalThingWorxDatabaseThing",
    "EventTriggerSection" : "",
    "EventHandlerId" : "Resources_KBThingWorxServerSystem",
    "EventTriggerEvent" : "ProcessParameterTypeChanged",
    "Id" : "651785f2-3b36-4766-a9c1-e1e96d95a305",
    "EventTriggerId" : "mashup-root",
    "EventHandlerArea" : "Data"
  }, {
    "EventTriggerArea" : "Data",
    "EventHandlerService" : "GetTop30ProcessDataFromDB",
    "EventTriggerSection" : "Resources_KBThingWorxServerSystem",
    "EventHandlerId" : "DynamicThingTemplates_KBKPILocalThingWorxDatabaseTemplate",
    "EventTriggerEvent" : "ServiceInvokeCompleted",
    "Id" : "31e33a4c-bb98-4bf6-b3a9-c972ef0d24de",
    "EventTriggerId" : "GetKPILocalThingWorxDatabaseThing",
    "EventHandlerArea" : "Data"
  } ],
  "mashupType" : "mashup",
  "DataBindings" : [ {
    "SourceArea" : "Data",
    "TargetArea" : "Data",
    "TargetSection" : "DynamicThingTemplates_KBKPILocalThingWorxDatabaseTemplate",
    "SourceId" : "GetKPILocalThingWorxDatabaseThing",
    "Id" : "2fe8f7de-5c6c-4e10-ba16-7744ff3cab1a",
    "SourceSection" : "Resources_KBThingWorxServerSystem",
    "SourceDetails" : "AllData",
    "PropertyMaps" : [ {
      "TargetProperty" : "value",
      "TargetPropertyType" : "Entity",
      "SourcePropertyBaseType" : "STRING",
      "TargetPropertyBaseType" : "THINGNAME",
      "SourceProperty" : "Result"
    } ],
    "TargetId" : "EntityName"
  }, {
    "SourceArea" : "Mashup",
    "TargetArea" : "Data",
    "TargetSection" : "DynamicThingTemplates_KBKPILocalThingWorxDatabaseTemplate",
    "SourceId" : "mashup-root",
    "Id" : "0a42bd99-5447-40c5-8f26-446c5bd6678a",
    "SourceSection" : "",
    "PropertyMaps" : [ {
      "TargetProperty" : "EndDate",
      "TargetPropertyType" : "Parameter",
      "SourcePropertyBaseType" : "DATETIME",
      "TargetPropertyBaseType" : "DATETIME",
      "SourceProperty" : "EndDate"
    } ],
    "TargetId" : "GetTop30ProcessDataFromDB"
  }, {
    "SourceArea" : "Mashup",
    "TargetArea" : "Data",
    "TargetSection" : "DynamicThingTemplates_KBKPILocalThingWorxDatabaseTemplate",
    "SourceId" : "mashup-root",
    "Id" : "708a69a8-fcd2-40f4-a7e8-b4e65e0896f6",
    "SourceSection" : "",
    "PropertyMaps" : [ {
      "TargetProperty" : "Machine",
      "TargetPropertyType" : "Parameter",
      "SourcePropertyBaseType" : "STRING",
      "TargetPropertyBaseType" : "STRING",
      "SourceProperty" : "Machine"
    } ],
    "TargetId" : "GetTop30ProcessDataFromDB"
  }, {
    "SourceArea" : "Mashup",
    "TargetArea" : "Data",
    "TargetSection" : "DynamicThingTemplates_KBKPILocalThingWorxDatabaseTemplate",
    "SourceId" : "mashup-root",
    "Id" : "69c3e3fb-87f2-4a72-a326-d646a2dd17e0",
    "SourceSection" : "",
    "PropertyMaps" : [ {
      "TargetProperty" : "ProcessDataType",
      "TargetPropertyType" : "Parameter",
      "SourcePropertyBaseType" : "STRING",
      "TargetPropertyBaseType" : "STRING",
      "SourceProperty" : "ProcessParameterType"
    } ],
    "TargetId" : "GetTop30ProcessDataFromDB"
  }, {
    "SourceArea" : "Data",
    "TargetArea" : "UI",
    "TargetSection" : "",
    "SourceId" : "GetTop30ProcessDataFromDB",
    "Id" : "67147512-28a3-4fed-bd0a-7f4a62c9fac8",
    "SourceSection" : "DynamicThingTemplates_KBKPILocalThingWorxDatabaseTemplate",
    "SourceDetails" : "AllData",
    "PropertyMaps" : [ {
      "SourcePropertyType" : "InfoTable",
      "TargetProperty" : "Data",
      "TargetPropertyType" : "property",
      "SourcePropertyBaseType" : "INFOTABLE",
      "TargetPropertyBaseType" : "INFOTABLE",
      "SourceProperty" : ""
    } ],
    "TargetId" : "ichart-13"
  }, {
    "SourceArea" : "Data",
    "TargetArea" : "UI",
    "TargetSection" : "",
    "SourceId" : "GetTop30ProcessDataFromDB",
    "Id" : "bb066b9d-aa50-40d4-9561-1968dbd0cce1",
    "SourceSection" : "DynamicThingTemplates_KBKPILocalThingWorxDatabaseTemplate",
    "SourceDetails" : "AllData",
    "PropertyMaps" : [ {
      "SourcePropertyType" : "Field",
      "TargetProperty" : "LSL",
      "TargetPropertyType" : "property",
      "SourcePropertyBaseType" : "NUMBER",
      "TargetPropertyBaseType" : "NUMBER",
      "SourceProperty" : "ProcesDataLSL"
    } ],
    "TargetId" : "ichart-13"
  }, {
    "SourceArea" : "Data",
    "TargetArea" : "UI",
    "TargetSection" : "",
    "SourceId" : "GetTop30ProcessDataFromDB",
    "Id" : "b8a84f66-2850-4c4d-aad0-517af87c798e",
    "SourceSection" : "DynamicThingTemplates_KBKPILocalThingWorxDatabaseTemplate",
    "SourceDetails" : "AllData",
    "PropertyMaps" : [ {
      "SourcePropertyType" : "Field",
      "TargetProperty" : "USL",
      "TargetPropertyType" : "property",
      "SourcePropertyBaseType" : "NUMBER",
      "TargetPropertyBaseType" : "NUMBER",
      "SourceProperty" : "ProcesDataUSL"
    } ],
    "TargetId" : "ichart-13"
  } ],
  "Data" : {
    "DynamicThingTemplates_KBKPILocalThingWorxDatabaseTemplate" : {
      "EntityType" : "DynamicThingTemplates",
      "Services" : [ {
        "Target" : "GetTop30ProcessDataFromDB",
        "Parameters" : { },
        "APIMethod" : "post",
        "Characteristic" : "Services",
        "RefreshInterval" : 0,
        "Id" : "16fa1810-4fc8-4b4b-8c13-b6a9a2502f03",
        "Name" : "GetTop30ProcessDataFromDB"
      } ],
      "EntityName" : "KBKPILocalThingWorxDatabaseTemplate",
      "Id" : "3256132a-eacd-4d86-ae1a-2d9e89bbf991",
      "DataName" : "DynamicThingTemplates_KBKPILocalThingWorxDatabaseTemplate"
    },
    "Resources_KBThingWorxServerSystem" : {
      "EntityType" : "Resources",
      "Services" : [ {
        "Target" : "GetKPILocalThingWorxDatabaseThing",
        "Parameters" : { },
        "APIMethod" : "post",
        "Characteristic" : "Services",
        "RefreshInterval" : 0,
        "Id" : "72ac8f66-8fd0-4f07-8416-c26d3a85bb57",
        "Name" : "GetKPILocalThingWorxDatabaseThing"
      } ],
      "EntityName" : "KBThingWorxServerSystem",
      "Id" : "3832247b-69a6-4717-9607-a632375229d6",
      "DataName" : "Resources_KBThingWorxServerSystem"
    },
    "UserExtensions" : {
      "EntityType" : "UserExtensions",
      "Services" : [ {
        "Target" : "GetCurrentUserExtensionProperties",
        "Parameters" : { },
        "APIMethod" : "post",
        "Characteristic" : "Services",
        "RefreshInterval" : 0,
        "Id" : "UserExtensionInterface",
        "Name" : "GetCurrentUserExtensionProperties"
      } ],
      "EntityName" : "",
      "Id" : "UserExtensions",
      "DataName" : "UserExtensions"
    },
    "Session" : {
      "EntityType" : "Session",
      "Services" : [ {
        "Target" : "GetGlobalSessionValues",
        "Parameters" : { },
        "APIMethod" : "post",
        "Characteristic" : "Services",
        "RefreshInterval" : 0,
        "Id" : "SessionInterface",
        "Name" : "GetGlobalSessionValues"
      } ],
      "EntityName" : "",
      "Id" : "session",
      "DataName" : "Session"
    }
  },
  "DesignTimePermissions" : { }
}]]></mashupContent>
			<ConfigurationChanges>
				<ConfigurationChange changeAction="CREATE"
					changeReason="header : name : updated&#10;"
					timestamp="2018-02-20T13:32:54.637+01:00" user="adm-flassakm" />
			</ConfigurationChanges>
		</Mashup>
	</Mashups>
</Entities>