<?xml version="1.0" encoding="UTF-8"?>
<Entities
 build="b97"
 majorVersion="8"
 minorVersion="4"
 modelPersistenceProviderPackage="MssqlPersistenceProviderPackage"
 revision="11"
 schemaVersion="1044"
 universal="password">
    <Mashups>
        <Mashup
         aspect.isResponsive="true"
         aspect.mashupType="mashup"
         columns="0.0"
         description=""
         documentationContent=""
         homeMashup=""
         lastModifiedDate="2021-02-26T14:58:21.485+01:00"
         name="KBLocalMachineTimeLossesBasicFooterMashup"
         projectName="KBLocalShiftInfo"
         rows="0.0"
         tags="">
            <avatar></avatar>
            <DesignTimePermissions>
                <Create></Create>
                <Read></Read>
                <Update></Update>
                <Delete></Delete>
                <Metadata></Metadata>
            </DesignTimePermissions>
            <RunTimePermissions>
                <Permissions
                 resourceName="*">
                    <PropertyRead>
                        <Principal
                         isPermitted="true"
                         name="KBUserGroup"
                         type="Group"></Principal>
                    </PropertyRead>
                    <PropertyWrite></PropertyWrite>
                    <ServiceInvoke>
                        <Principal
                         isPermitted="true"
                         name="KBUserGroup"
                         type="Group"></Principal>
                    </ServiceInvoke>
                    <EventInvoke></EventInvoke>
                    <EventSubscribe></EventSubscribe>
                </Permissions>
            </RunTimePermissions>
            <VisibilityPermissions>
                <Visibility>
                    <Principal
                     isPermitted="true"
                     name="KBBackGroundWorker"
                     type="Organization"></Principal>
                    <Principal
                     isPermitted="true"
                     name="KBOrganization"
                     type="Organization"></Principal>
                </Visibility>
            </VisibilityPermissions>
            <ConfigurationTableDefinitions></ConfigurationTableDefinitions>
            <ConfigurationTables></ConfigurationTables>
            <ParameterDefinitions>
                <FieldDefinition
                 aspect.bindingDirection="IN"
                 aspect.isMandatory="false"
                 aspect.ordinal="1"
                 baseType="DATETIME"
                 description=""
                 name="EndTime"
                 ordinal="0"></FieldDefinition>
                <FieldDefinition
                 aspect.bindingDirection="IN"
                 aspect.isMandatory="false"
                 aspect.ordinal="0"
                 baseType="DATETIME"
                 description=""
                 name="StartTime"
                 ordinal="0"></FieldDefinition>
            </ParameterDefinitions>
            <Things>
                <Thing>KBTimeHelperThing</Thing>
            </Things>
            <ThingShapes></ThingShapes>
            <ThingTemplates></ThingTemplates>
            <mashupContent>
            <![CDATA[
            {
              "CustomMashupCss" : "",
              "Data" : {
                "Session" : {
                  "DataName" : "Session",
                  "EntityName" : "",
                  "EntityType" : "Session",
                  "Id" : "session",
                  "Services" : [ {
                    "APIMethod" : "post",
                    "Characteristic" : "Services",
                    "Id" : "SessionInterface",
                    "Name" : "GetGlobalSessionValues",
                    "Parameters" : { },
                    "RefreshInterval" : 0,
                    "Target" : "GetGlobalSessionValues"
                  } ]
                },
                "Things_KBTimeHelperThing" : {
                  "DataName" : "Things_KBTimeHelperThing",
                  "EntityName" : "KBTimeHelperThing",
                  "EntityType" : "Things",
                  "Id" : "41f5494c-5fb7-44f9-a911-779a0d2c391d",
                  "Services" : [ {
                    "APIMethod" : "post",
                    "Characteristic" : "Services",
                    "Id" : "c6a5ee3a-c5e0-4303-ae21-7e9a9528e209",
                    "Name" : "GetDateTimeForVisualization",
                    "Parameters" : {
                      "ShowEnDate" : true,
                      "ShowTime" : true
                    },
                    "RefreshInterval" : 0,
                    "Target" : "GetDateTimeForVisualization"
                  }, {
                    "APIMethod" : "post",
                    "Characteristic" : "Services",
                    "Id" : "d010287b-ae78-46a2-86e2-fbe227494147",
                    "Name" : "GetDateTimeForVisualization1",
                    "Parameters" : {
                      "ShowEnDate" : true,
                      "ShowTime" : true
                    },
                    "RefreshInterval" : 0,
                    "Target" : "GetDateTimeForVisualization"
                  }, {
                    "APIMethod" : "post",
                    "Characteristic" : "Services",
                    "Id" : "ee2a1384-c02a-4a3a-9621-40b2f95a879e",
                    "Name" : "GetDateTimeForVisualization2",
                    "Parameters" : {
                      "ShowEnDate" : true,
                      "ShowTime" : true
                    },
                    "RefreshInterval" : 0,
                    "Target" : "GetDateTimeForVisualization"
                  } ]
                },
                "UserExtensions" : {
                  "DataName" : "UserExtensions",
                  "EntityName" : "",
                  "EntityType" : "UserExtensions",
                  "Id" : "UserExtensions",
                  "Services" : [ {
                    "APIMethod" : "post",
                    "Characteristic" : "Services",
                    "Id" : "UserExtensionInterface",
                    "Name" : "GetCurrentUserExtensionProperties",
                    "Parameters" : { },
                    "RefreshInterval" : 0,
                    "Target" : "GetCurrentUserExtensionProperties"
                  } ]
                }
              },
              "DataBindings" : [ {
                "Id" : "a030b715-1907-4ba1-b57f-908582129cc1",
                "PropertyMaps" : [ {
                  "SourceProperty" : "StartTime",
                  "SourcePropertyBaseType" : "DATETIME",
                  "SourcePropertyType" : "Property",
                  "TargetProperty" : "Starttime",
                  "TargetPropertyBaseType" : "DATETIME",
                  "TargetPropertyType" : "property"
                } ],
                "SourceArea" : "Mashup",
                "SourceId" : "mashup-root",
                "SourceSection" : "",
                "TargetArea" : "UI",
                "TargetId" : "expression-41",
                "TargetSection" : ""
              }, {
                "Id" : "766c6bcc-0a95-42da-a6da-10336dd775b4",
                "PropertyMaps" : [ {
                  "SourceProperty" : "EndTime",
                  "SourcePropertyBaseType" : "DATETIME",
                  "SourcePropertyType" : "Property",
                  "TargetProperty" : "Endtime",
                  "TargetPropertyBaseType" : "DATETIME",
                  "TargetPropertyType" : "property"
                } ],
                "SourceArea" : "Mashup",
                "SourceId" : "mashup-root",
                "SourceSection" : "",
                "TargetArea" : "UI",
                "TargetId" : "expression-41",
                "TargetSection" : ""
              }, {
                "Id" : "38527c61-49be-4aeb-8c79-d7671e6fe4e0",
                "PropertyMaps" : [ {
                  "SourceProperty" : "StartTime",
                  "SourcePropertyBaseType" : "DATETIME",
                  "SourcePropertyType" : "Property",
                  "TargetProperty" : "ST",
                  "TargetPropertyBaseType" : "DATETIME",
                  "TargetPropertyType" : "property"
                } ],
                "SourceArea" : "Mashup",
                "SourceId" : "mashup-root",
                "SourceSection" : "",
                "TargetArea" : "UI",
                "TargetId" : "expression-42",
                "TargetSection" : ""
              }, {
                "Id" : "cc906aa0-f85e-4bd8-9aab-7c482a51d606",
                "PropertyMaps" : [ {
                  "SourceProperty" : "EndTime",
                  "SourcePropertyBaseType" : "DATETIME",
                  "SourcePropertyType" : "Property",
                  "TargetProperty" : "ET",
                  "TargetPropertyBaseType" : "DATETIME",
                  "TargetPropertyType" : "property"
                } ],
                "SourceArea" : "Mashup",
                "SourceId" : "mashup-root",
                "SourceSection" : "",
                "TargetArea" : "UI",
                "TargetId" : "expression-42",
                "TargetSection" : ""
              }, {
                "Id" : "1f985fda-a6bc-49ee-9aa6-ab1c7b586f66",
                "PropertyMaps" : [ {
                  "SourceProperty" : "StartTime",
                  "SourcePropertyBaseType" : "DATETIME",
                  "SourcePropertyType" : "Property",
                  "TargetProperty" : "ST",
                  "TargetPropertyBaseType" : "DATETIME",
                  "TargetPropertyType" : "property"
                } ],
                "SourceArea" : "Mashup",
                "SourceId" : "mashup-root",
                "SourceSection" : "",
                "TargetArea" : "UI",
                "TargetId" : "expression-43",
                "TargetSection" : ""
              }, {
                "Id" : "662429f4-266b-4b47-98da-25d8ec7aae39",
                "PropertyMaps" : [ {
                  "SourceProperty" : "EndTime",
                  "SourcePropertyBaseType" : "DATETIME",
                  "SourcePropertyType" : "Property",
                  "TargetProperty" : "ET",
                  "TargetPropertyBaseType" : "DATETIME",
                  "TargetPropertyType" : "property"
                } ],
                "SourceArea" : "Mashup",
                "SourceId" : "mashup-root",
                "SourceSection" : "",
                "TargetArea" : "UI",
                "TargetId" : "expression-43",
                "TargetSection" : ""
              }, {
                "Id" : "f97857c8-6325-438d-81c7-5d1a19cd2397",
                "PropertyMaps" : [ {
                  "SourceProperty" : "EndTime",
                  "SourcePropertyBaseType" : "DATETIME",
                  "SourcePropertyType" : "Property",
                  "TargetProperty" : "Data",
                  "TargetPropertyBaseType" : "ANYSCALAR",
                  "TargetPropertyType" : "property"
                } ],
                "SourceArea" : "Mashup",
                "SourceId" : "mashup-root",
                "SourceSection" : "",
                "TargetArea" : "UI",
                "TargetId" : "valuedisplaykb-56",
                "TargetSection" : ""
              }, {
                "Id" : "19609b33-b6f8-42ab-a9ad-4afaaaeaecc8",
                "PropertyMaps" : [ {
                  "SourceProperty" : "StartTime",
                  "SourcePropertyBaseType" : "DATETIME",
                  "SourcePropertyType" : "Property",
                  "TargetProperty" : "Data",
                  "TargetPropertyBaseType" : "ANYSCALAR",
                  "TargetPropertyType" : "property"
                } ],
                "SourceArea" : "Mashup",
                "SourceId" : "mashup-root",
                "SourceSection" : "",
                "TargetArea" : "UI",
                "TargetId" : "valuedisplaykb-57",
                "TargetSection" : ""
              }, {
                "Id" : "ba6beb3e-df7a-49c6-88fa-3d59c0936b6d",
                "PropertyMaps" : [ {
                  "SourceProperty" : "Output",
                  "SourcePropertyBaseType" : "DATETIME",
                  "TargetProperty" : "DateTime",
                  "TargetPropertyBaseType" : "DATETIME",
                  "TargetPropertyType" : "Parameter"
                } ],
                "SourceArea" : "UI",
                "SourceId" : "expression-41",
                "SourceSection" : "",
                "TargetArea" : "Data",
                "TargetId" : "GetDateTimeForVisualization",
                "TargetSection" : "Things_KBTimeHelperThing"
              }, {
                "Id" : "fd53734a-0f46-4034-a501-b7a70acc78ac",
                "PropertyMaps" : [ {
                  "SourceProperty" : "Output",
                  "SourcePropertyBaseType" : "DATETIME",
                  "TargetProperty" : "DateTime",
                  "TargetPropertyBaseType" : "DATETIME",
                  "TargetPropertyType" : "Parameter"
                } ],
                "SourceArea" : "UI",
                "SourceId" : "expression-42",
                "SourceSection" : "",
                "TargetArea" : "Data",
                "TargetId" : "GetDateTimeForVisualization1",
                "TargetSection" : "Things_KBTimeHelperThing"
              }, {
                "Id" : "f20f92c1-7c0b-4444-80c4-ff0e9b6e048c",
                "PropertyMaps" : [ {
                  "SourceProperty" : "Output",
                  "SourcePropertyBaseType" : "DATETIME",
                  "TargetProperty" : "DateTime",
                  "TargetPropertyBaseType" : "DATETIME",
                  "TargetPropertyType" : "Parameter"
                } ],
                "SourceArea" : "UI",
                "SourceId" : "expression-43",
                "SourceSection" : "",
                "TargetArea" : "Data",
                "TargetId" : "GetDateTimeForVisualization2",
                "TargetSection" : "Things_KBTimeHelperThing"
              }, {
                "Id" : "5f305336-4e3b-4e7f-8162-9ae273274d4f",
                "PropertyMaps" : [ {
                  "SourceProperty" : "result",
                  "SourcePropertyBaseType" : "STRING",
                  "SourcePropertyType" : "Field",
                  "TargetProperty" : "Data",
                  "TargetPropertyBaseType" : "ANYSCALAR",
                  "TargetPropertyType" : "property"
                } ],
                "SourceArea" : "Data",
                "SourceDetails" : "AllData",
                "SourceId" : "GetDateTimeForVisualization",
                "SourceSection" : "Things_KBTimeHelperThing",
                "TargetArea" : "UI",
                "TargetId" : "valuedisplaykb-58",
                "TargetSection" : ""
              }, {
                "Id" : "e0f7c5ee-8ac6-4d48-a8cb-382a8ab871c4",
                "PropertyMaps" : [ {
                  "SourceProperty" : "result",
                  "SourcePropertyBaseType" : "STRING",
                  "SourcePropertyType" : "Field",
                  "TargetProperty" : "Data",
                  "TargetPropertyBaseType" : "ANYSCALAR",
                  "TargetPropertyType" : "property"
                } ],
                "SourceArea" : "Data",
                "SourceDetails" : "AllData",
                "SourceId" : "GetDateTimeForVisualization1",
                "SourceSection" : "Things_KBTimeHelperThing",
                "TargetArea" : "UI",
                "TargetId" : "valuedisplaykb-59",
                "TargetSection" : ""
              }, {
                "Id" : "e700c9f6-efe3-4430-87ac-2a7f45dc2c5e",
                "PropertyMaps" : [ {
                  "SourceProperty" : "result",
                  "SourcePropertyBaseType" : "STRING",
                  "SourcePropertyType" : "Field",
                  "TargetProperty" : "Data",
                  "TargetPropertyBaseType" : "ANYSCALAR",
                  "TargetPropertyType" : "property"
                } ],
                "SourceArea" : "Data",
                "SourceDetails" : "AllData",
                "SourceId" : "GetDateTimeForVisualization2",
                "SourceSection" : "Things_KBTimeHelperThing",
                "TargetArea" : "UI",
                "TargetId" : "valuedisplaykb-60",
                "TargetSection" : ""
              } ],
              "DesignTimePermissions" : {
                "Create" : [ ],
                "Delete" : [ ],
                "Metadata" : [ ],
                "Read" : [ ],
                "Update" : [ ]
              },
              "Events" : [ {
                "EventHandlerArea" : "UI",
                "EventHandlerId" : "expression-41",
                "EventHandlerService" : "Evaluate",
                "EventTriggerArea" : "Mashup",
                "EventTriggerEvent" : "Loaded",
                "EventTriggerId" : "mashup-root",
                "EventTriggerSection" : "",
                "Id" : "d4bd675f-6736-43b1-927b-2a10269d79a9"
              }, {
                "EventHandlerArea" : "UI",
                "EventHandlerId" : "expression-42",
                "EventHandlerService" : "Evaluate",
                "EventTriggerArea" : "Mashup",
                "EventTriggerEvent" : "Loaded",
                "EventTriggerId" : "mashup-root",
                "EventTriggerSection" : "",
                "Id" : "1bf82f5d-9770-4c6b-b1e7-bfb046f682fb"
              }, {
                "EventHandlerArea" : "UI",
                "EventHandlerId" : "expression-43",
                "EventHandlerService" : "Evaluate",
                "EventTriggerArea" : "Mashup",
                "EventTriggerEvent" : "Loaded",
                "EventTriggerId" : "mashup-root",
                "EventTriggerSection" : "",
                "Id" : "3d00c56e-1274-4bbb-a792-8cd01ad55547"
              }, {
                "EventHandlerArea" : "UI",
                "EventHandlerId" : "expression-41",
                "EventHandlerService" : "Evaluate",
                "EventTriggerArea" : "Mashup",
                "EventTriggerEvent" : "StartTimeChanged",
                "EventTriggerId" : "mashup-root",
                "EventTriggerSection" : "",
                "Id" : "16da32a4-5500-412d-a993-40bbc64b45f2"
              }, {
                "EventHandlerArea" : "UI",
                "EventHandlerId" : "expression-42",
                "EventHandlerService" : "Evaluate",
                "EventTriggerArea" : "Mashup",
                "EventTriggerEvent" : "StartTimeChanged",
                "EventTriggerId" : "mashup-root",
                "EventTriggerSection" : "",
                "Id" : "59200693-0607-4af2-8805-45643a72b876"
              }, {
                "EventHandlerArea" : "UI",
                "EventHandlerId" : "expression-43",
                "EventHandlerService" : "Evaluate",
                "EventTriggerArea" : "Mashup",
                "EventTriggerEvent" : "StartTimeChanged",
                "EventTriggerId" : "mashup-root",
                "EventTriggerSection" : "",
                "Id" : "bf507ec9-f618-4907-ab1d-b4a720bc490d"
              }, {
                "EventHandlerArea" : "UI",
                "EventHandlerId" : "expression-41",
                "EventHandlerService" : "Evaluate",
                "EventTriggerArea" : "Mashup",
                "EventTriggerEvent" : "EndTimeChanged",
                "EventTriggerId" : "mashup-root",
                "EventTriggerSection" : "",
                "Id" : "c92b2bdc-dabd-4f40-8c90-ad758fa701c1"
              }, {
                "EventHandlerArea" : "UI",
                "EventHandlerId" : "expression-42",
                "EventHandlerService" : "Evaluate",
                "EventTriggerArea" : "Mashup",
                "EventTriggerEvent" : "EndTimeChanged",
                "EventTriggerId" : "mashup-root",
                "EventTriggerSection" : "",
                "Id" : "def65a83-37ec-4c51-b1ba-5cec821765b1"
              }, {
                "EventHandlerArea" : "UI",
                "EventHandlerId" : "expression-43",
                "EventHandlerService" : "Evaluate",
                "EventTriggerArea" : "Mashup",
                "EventTriggerEvent" : "EndTimeChanged",
                "EventTriggerId" : "mashup-root",
                "EventTriggerSection" : "",
                "Id" : "9bd9b5e6-c278-47da-bcb1-5e9fbaa6bc45"
              }, {
                "EventHandlerArea" : "Data",
                "EventHandlerId" : "Things_KBTimeHelperThing",
                "EventHandlerService" : "GetDateTimeForVisualization2",
                "EventTriggerArea" : "UI",
                "EventTriggerEvent" : "Changed",
                "EventTriggerId" : "expression-43",
                "EventTriggerSection" : "",
                "Id" : "9603902c-3010-4894-853e-2768d86a04fb"
              }, {
                "EventHandlerArea" : "Data",
                "EventHandlerId" : "Things_KBTimeHelperThing",
                "EventHandlerService" : "GetDateTimeForVisualization1",
                "EventTriggerArea" : "UI",
                "EventTriggerEvent" : "Changed",
                "EventTriggerId" : "expression-42",
                "EventTriggerSection" : "",
                "Id" : "53130a3e-3c88-469f-94ef-80dbd97c6e4c"
              }, {
                "EventHandlerArea" : "Data",
                "EventHandlerId" : "Things_KBTimeHelperThing",
                "EventHandlerService" : "GetDateTimeForVisualization",
                "EventTriggerArea" : "UI",
                "EventTriggerEvent" : "Changed",
                "EventTriggerId" : "expression-41",
                "EventTriggerSection" : "",
                "Id" : "9ee8591e-8c13-4dc4-97fa-b6b9b6f86c5b"
              }, {
                "EventHandlerArea" : "UI",
                "EventHandlerId" : "expression-41",
                "EventHandlerService" : "Evaluate",
                "EventTriggerArea" : "Mashup",
                "EventTriggerEvent" : "RefreshRequested",
                "EventTriggerId" : "mashup-root",
                "EventTriggerSection" : "",
                "Id" : "f823873e-9830-47e4-8f06-059883d36a20"
              }, {
                "EventHandlerArea" : "UI",
                "EventHandlerId" : "expression-42",
                "EventHandlerService" : "Evaluate",
                "EventTriggerArea" : "Mashup",
                "EventTriggerEvent" : "RefreshRequested",
                "EventTriggerId" : "mashup-root",
                "EventTriggerSection" : "",
                "Id" : "04813810-927b-4198-98bc-39867ac3db86"
              }, {
                "EventHandlerArea" : "UI",
                "EventHandlerId" : "expression-43",
                "EventHandlerService" : "Evaluate",
                "EventTriggerArea" : "Mashup",
                "EventTriggerEvent" : "RefreshRequested",
                "EventTriggerId" : "mashup-root",
                "EventTriggerSection" : "",
                "Id" : "119b6aee-7100-407d-a2d5-7f76d0d3c702"
              } ],
              "RunTimePermissions" : {
                "permissions" : [ {
                  "EventInvoke" : [ ],
                  "EventSubscribe" : [ ],
                  "PropertyRead" : [ {
                    "isPermitted" : true,
                    "name" : "KBUserGroup",
                    "type" : "Group"
                  } ],
                  "PropertyWrite" : [ ],
                  "ServiceInvoke" : [ {
                    "isPermitted" : true,
                    "name" : "KBUserGroup",
                    "type" : "Group"
                  } ],
                  "resourceName" : "*"
                } ]
              },
              "UI" : {
                "Properties" : {
                  "AddToDashboardButton" : "SimplePlus",
                  "AddToDashboardButtonStyle" : "DefaultAddToDashboardButtonStyle",
                  "Area" : "Mashup",
                  "BGImage" : "",
                  "BGImageRepeat" : "no-repeat",
                  "BGImageSize" : "auto",
                  "Columns" : 0,
                  "ConfigureGadgetButton" : "SimpleGear",
                  "ConfigureGadgetButtonStyle" : "DefaultConfigureGadgetButtonStyle",
                  "DisplayName" : "Mashup",
                  "EnableParameterEditing" : false,
                  "Height" : 618,
                  "Id" : "mashup-root",
                  "IgnoreWarningsInViewMashup" : false,
                  "IsPrintLayout" : false,
                  "Left" : 0,
                  "MashupToEditGadget" : "DefaultMashupToEditGadget",
                  "MinHeight" : 0,
                  "MinWidth" : 0,
                  "ResponsiveLayout" : true,
                  "Rows" : 0,
                  "ShowDataLoading" : true,
                  "Style" : "DefaultMashupStyle",
                  "StyleTheme" : "Base Theme",
                  "Title" : "",
                  "TitleBar" : false,
                  "TitleBarStyle" : "DefaultTitleBarStyle",
                  "TitleBarText" : "Gadget Title Here",
                  "Top" : 0,
                  "Type" : "mashup",
                  "UseTheme" : false,
                  "UseThemeForHybrids" : false,
                  "Visible" : true,
                  "Width" : 1024,
                  "Z-index" : 10,
                  "__TypeDisplayName" : "Mashup",
                  "_currentParameterDefs" : [ {
                    "Aspects" : {
                      "bindingDirection" : "IN",
                      "isMandatory" : false
                    },
                    "BaseType" : "DATETIME",
                    "Description" : "",
                    "ParameterName" : "StartTime"
                  }, {
                    "Aspects" : {
                      "bindingDirection" : "IN",
                      "isMandatory" : false
                    },
                    "BaseType" : "DATETIME",
                    "Description" : "",
                    "ParameterName" : "EndTime"
                  } ],
                  "id_index" : 61,
                  "supportsAutoResize" : true
                },
                "Widgets" : [ {
                  "Properties" : {
                    "Area" : "UI",
                    "AutoEvaluate" : false,
                    "DataChangeType" : "ALWAYS",
                    "DisplayName" : "Time1Q",
                    "Expression" : "Output = new Date(((Endtime.getTime()-Starttime.getTime())/4)+Starttime.getTime());",
                    "FireOnFirstValue" : false,
                    "Height" : 28,
                    "Id" : "expression-41",
                    "Left" : 0,
                    "OutputBaseType" : "DATETIME",
                    "ShowDataLoading" : true,
                    "Top" : 0,
                    "Type" : "expression",
                    "Visible" : true,
                    "Width" : 200,
                    "Z-index" : 10,
                    "__TypeDisplayName" : "Expression",
                    "_currentParameterDefs" : [ {
                      "BaseType" : "DATETIME",
                      "Description" : "",
                      "ParameterName" : "Starttime",
                      "isValid" : true
                    }, {
                      "BaseType" : "DATETIME",
                      "Description" : "",
                      "ParameterName" : "Endtime",
                      "isValid" : true
                    } ],
                    "editMode" : "edit",
                    "helperType" : "expression",
                    "parameters" : [ {
                      "BaseType" : "DATETIME",
                      "Description" : "",
                      "ParameterName" : "Starttime",
                      "isValid" : true
                    }, {
                      "BaseType" : "DATETIME",
                      "Description" : "",
                      "ParameterName" : "Endtime",
                      "isValid" : true
                    } ],
                    "parametersToDelete" : [ ]
                  },
                  "Widgets" : [ ]
                }, {
                  "Properties" : {
                    "Area" : "UI",
                    "AutoEvaluate" : false,
                    "DataChangeType" : "ALWAYS",
                    "DisplayName" : "Time2Q",
                    "Expression" : "Output = new Date(((ET.getTime()-ST.getTime())/2)+ST.getTime());",
                    "FireOnFirstValue" : false,
                    "Height" : 28,
                    "Id" : "expression-42",
                    "Left" : 0,
                    "OutputBaseType" : "DATETIME",
                    "ShowDataLoading" : true,
                    "Top" : 0,
                    "Type" : "expression",
                    "Visible" : true,
                    "Width" : 200,
                    "Z-index" : 10,
                    "__TypeDisplayName" : "Expression",
                    "_currentParameterDefs" : [ {
                      "BaseType" : "DATETIME",
                      "Description" : "",
                      "ParameterName" : "ST",
                      "isValid" : true
                    }, {
                      "BaseType" : "DATETIME",
                      "Description" : "",
                      "ParameterName" : "ET",
                      "isValid" : true
                    } ],
                    "editMode" : "edit",
                    "helperType" : "expression",
                    "parameters" : [ {
                      "BaseType" : "DATETIME",
                      "Description" : "",
                      "ParameterName" : "ST",
                      "isValid" : true
                    }, {
                      "BaseType" : "DATETIME",
                      "Description" : "",
                      "ParameterName" : "ET",
                      "isValid" : true
                    } ],
                    "parametersToDelete" : [ ]
                  },
                  "Widgets" : [ ]
                }, {
                  "Properties" : {
                    "Area" : "UI",
                    "AutoEvaluate" : false,
                    "DataChangeType" : "ALWAYS",
                    "DisplayName" : "Time3Q",
                    "Expression" : "Output = new Date((((ET.getTime()-ST.getTime())/4)*3)+ST.getTime());",
                    "FireOnFirstValue" : false,
                    "Height" : 28,
                    "Id" : "expression-43",
                    "Left" : 0,
                    "OutputBaseType" : "DATETIME",
                    "ShowDataLoading" : true,
                    "Top" : 0,
                    "Type" : "expression",
                    "Visible" : true,
                    "Width" : 200,
                    "Z-index" : 10,
                    "__TypeDisplayName" : "Expression",
                    "_currentParameterDefs" : [ {
                      "BaseType" : "DATETIME",
                      "Description" : "",
                      "ParameterName" : "ST",
                      "isValid" : true
                    }, {
                      "BaseType" : "DATETIME",
                      "Description" : "",
                      "ParameterName" : "ET",
                      "isValid" : true
                    } ],
                    "editMode" : "edit",
                    "helperType" : "expression",
                    "parameters" : [ {
                      "BaseType" : "DATETIME",
                      "Description" : "",
                      "ParameterName" : "ST",
                      "isValid" : true
                    }, {
                      "BaseType" : "DATETIME",
                      "Description" : "",
                      "ParameterName" : "ET",
                      "isValid" : true
                    } ],
                    "parametersToDelete" : [ ]
                  },
                  "Widgets" : [ ]
                }, {
                  "Properties" : {
                    "Area" : "UI",
                    "Columns" : 5,
                    "DisplayName" : "layout-44",
                    "Footer" : false,
                    "FooterHeight" : 0,
                    "Header" : false,
                    "HeaderHeight" : 0,
                    "Id" : "layout-44",
                    "IncludeSpacingInFixedAreas" : false,
                    "IsPrintLayout" : false,
                    "Left" : 200,
                    "LeftSidebar" : false,
                    "LeftSidebarWidth" : 0,
                    "Orientation" : "horizontal",
                    "PctColumn1" : 20,
                    "PctColumn2" : 20,
                    "PctColumn3" : 20,
                    "PctColumn4" : 20,
                    "PctColumn5" : 20,
                    "PctColumn6" : 4,
                    "PctColumn7" : 1,
                    "PctColumn8" : 1,
                    "PctRow1" : 50,
                    "PctRow2" : 50,
                    "PctRow3" : 0,
                    "PctRow4" : 0,
                    "PctRow5" : 0,
                    "PctRow6" : 0,
                    "PctRow7" : 0,
                    "PctRow8" : 0,
                    "PrintMarginLeftRight" : 0.5,
                    "PrintMarginTopBottom" : 0.5,
                    "PrintWidth" : 650,
                    "ResponsiveLayout" : true,
                    "RightSidebar" : false,
                    "RightSidebarWidth" : 0,
                    "Rows" : 0,
                    "ShowDataLoading" : true,
                    "Spacing" : 2,
                    "Top" : 55,
                    "Type" : "layout",
                    "Visible" : true,
                    "Z-index" : 10,
                    "__TypeDisplayName" : "Layout"
                  },
                  "Widgets" : [ {
                    "Properties" : {
                      "AnimateExpandCollapse" : true,
                      "Area" : "UI",
                      "BGImageRepeat" : "no-repeat",
                      "BGImageSize" : "auto",
                      "DisplayName" : "Column 1",
                      "ExpandCollapseTabLocation" : "outside",
                      "Expanded" : true,
                      "Id" : "container-45",
                      "MinHeight" : 0,
                      "MinWidth" : 0,
                      "Overlay" : false,
                      "OverlayIsTransparent" : false,
                      "ResponsiveLayout" : true,
                      "ShowDataLoading" : true,
                      "ShowExpandCollapseTab" : false,
                      "Style" : "DefaultContainerStyle",
                      "TabCollapseStyle" : "DefaultTabCollapseStyle",
                      "TabExpandStyle" : "DefaultTabExpandStyle",
                      "TabHeight" : 36,
                      "TabLocation" : "center",
                      "TabOffset" : 0,
                      "TabWidth" : 36,
                      "Type" : "container",
                      "Visible" : true,
                      "Z-index" : 10,
                      "__TypeDisplayName" : "Container",
                      "userCannotRemove" : true
                    },
                    "Widgets" : [ {
                      "Properties" : {
                        "Alignment" : "left",
                        "Area" : "UI",
                        "BackgroundFill" : "content",
                        "DisplayName" : "valuedisplaykb-57",
                        "Height" : 22,
                        "Id" : "valuedisplaykb-57",
                        "ImageScaling" : "Width",
                        "Label" : "",
                        "LabelAlignment" : "left",
                        "Left" : 0,
                        "Overflow" : "hidden",
                        "ResponsiveLayout" : true,
                        "ShowDataLoading" : true,
                        "TextIfNoValue" : " ",
                        "TextIfNoValueOffset" : 0,
                        "TextIfNoValueStyle" : "DefaultValueDisplayNoTextStyle",
                        "TextWrap" : true,
                        "ToolTipField" : "",
                        "ToolTipStyle" : "DefaultTooltipStyle",
                        "Top" : 0,
                        "Type" : "valuedisplaykb",
                        "ValueDisplayLabelStyle" : "DefaultWidgetLabelStyle",
                        "ValueDisplayStyle" : "DefaultValueDisplayStyle",
                        "ValueFormat" : {
                          "FormatString" : "[[dateTimeFormat_Default]]",
                          "formatInfo" : {
                            "FieldName" : "",
                            "StateDefinition" : "",
                            "StateDefinitionType" : "fixed",
                            "StateFormats" : [ {
                              "state" : "",
                              "stateName" : "fixed"
                            } ]
                          },
                          "renderer" : "DATETIME",
                          "roundingEnabled" : true
                        },
                        "ValueFormat_StateParameters" : [ ],
                        "VerticalAlignment" : "middle",
                        "Visible" : true,
                        "Width" : 100,
                        "Z-index" : 10,
                        "__TypeDisplayName" : "Value Display KB",
                        "__supportsLabel" : true,
                        "__supportsTooltip" : true
                      },
                      "Widgets" : [ ]
                    } ]
                  }, {
                    "Properties" : {
                      "AnimateExpandCollapse" : true,
                      "Area" : "UI",
                      "BGImageRepeat" : "no-repeat",
                      "BGImageSize" : "auto",
                      "DisplayName" : "Column 2",
                      "ExpandCollapseTabLocation" : "outside",
                      "Expanded" : true,
                      "Id" : "container-46",
                      "MinHeight" : 0,
                      "MinWidth" : 0,
                      "Overlay" : false,
                      "OverlayIsTransparent" : false,
                      "ResponsiveLayout" : true,
                      "ShowDataLoading" : true,
                      "ShowExpandCollapseTab" : false,
                      "Style" : "DefaultContainerStyle",
                      "TabCollapseStyle" : "DefaultTabCollapseStyle",
                      "TabExpandStyle" : "DefaultTabExpandStyle",
                      "TabHeight" : 36,
                      "TabLocation" : "center",
                      "TabOffset" : 0,
                      "TabWidth" : 36,
                      "Type" : "container",
                      "Visible" : true,
                      "Z-index" : 10,
                      "__TypeDisplayName" : "Container",
                      "userCannotRemove" : true
                    },
                    "Widgets" : [ {
                      "Properties" : {
                        "Alignment" : "center",
                        "Area" : "UI",
                        "BackgroundFill" : "content",
                        "DisplayName" : "valuedisplaykb-58",
                        "Height" : 22,
                        "Id" : "valuedisplaykb-58",
                        "ImageScaling" : "Width",
                        "Label" : "",
                        "LabelAlignment" : "left",
                        "Left" : 0,
                        "Overflow" : "hidden",
                        "ResponsiveLayout" : true,
                        "ShowDataLoading" : true,
                        "TextIfNoValue" : " ",
                        "TextIfNoValueOffset" : 0,
                        "TextIfNoValueStyle" : "DefaultValueDisplayNoTextStyle",
                        "TextWrap" : true,
                        "ToolTipField" : "",
                        "ToolTipStyle" : "DefaultTooltipStyle",
                        "Top" : 0,
                        "Type" : "valuedisplaykb",
                        "ValueDisplayLabelStyle" : "DefaultWidgetLabelStyle",
                        "ValueDisplayStyle" : "DefaultValueDisplayStyle",
                        "ValueFormat" : {
                          "FormatString" : "full",
                          "renderer" : "STRING"
                        },
                        "ValueFormat_StateParameters" : [ ],
                        "VerticalAlignment" : "middle",
                        "Visible" : true,
                        "Width" : 100,
                        "Z-index" : 10,
                        "__TypeDisplayName" : "Value Display KB",
                        "__supportsLabel" : true,
                        "__supportsTooltip" : true
                      },
                      "Widgets" : [ ]
                    } ]
                  }, {
                    "Properties" : {
                      "AnimateExpandCollapse" : true,
                      "Area" : "UI",
                      "BGImageRepeat" : "no-repeat",
                      "BGImageSize" : "auto",
                      "DisplayName" : "Column 3",
                      "ExpandCollapseTabLocation" : "outside",
                      "Expanded" : true,
                      "Id" : "container-47",
                      "MinHeight" : 0,
                      "MinWidth" : 0,
                      "Overlay" : false,
                      "OverlayIsTransparent" : false,
                      "ResponsiveLayout" : true,
                      "ShowDataLoading" : true,
                      "ShowExpandCollapseTab" : false,
                      "Style" : "DefaultContainerStyle",
                      "TabCollapseStyle" : "DefaultTabCollapseStyle",
                      "TabExpandStyle" : "DefaultTabExpandStyle",
                      "TabHeight" : 36,
                      "TabLocation" : "center",
                      "TabOffset" : 0,
                      "TabWidth" : 36,
                      "Type" : "container",
                      "Visible" : true,
                      "Z-index" : 10,
                      "__TypeDisplayName" : "Container",
                      "userCannotRemove" : true
                    },
                    "Widgets" : [ {
                      "Properties" : {
                        "Alignment" : "center",
                        "Area" : "UI",
                        "BackgroundFill" : "content",
                        "DisplayName" : "valuedisplaykb-59",
                        "Height" : 22,
                        "Id" : "valuedisplaykb-59",
                        "ImageScaling" : "Width",
                        "Label" : "",
                        "LabelAlignment" : "left",
                        "Left" : 0,
                        "Overflow" : "hidden",
                        "ResponsiveLayout" : true,
                        "ShowDataLoading" : true,
                        "TextIfNoValue" : " ",
                        "TextIfNoValueOffset" : 0,
                        "TextIfNoValueStyle" : "DefaultValueDisplayNoTextStyle",
                        "TextWrap" : true,
                        "ToolTipField" : "",
                        "ToolTipStyle" : "DefaultTooltipStyle",
                        "Top" : 0,
                        "Type" : "valuedisplaykb",
                        "ValueDisplayLabelStyle" : "DefaultWidgetLabelStyle",
                        "ValueDisplayStyle" : "DefaultValueDisplayStyle",
                        "ValueFormat" : {
                          "FormatString" : "full",
                          "renderer" : "STRING"
                        },
                        "ValueFormat_StateParameters" : [ ],
                        "VerticalAlignment" : "middle",
                        "Visible" : true,
                        "Width" : 100,
                        "Z-index" : 10,
                        "__TypeDisplayName" : "Value Display KB",
                        "__supportsLabel" : true,
                        "__supportsTooltip" : true
                      },
                      "Widgets" : [ ]
                    } ]
                  }, {
                    "Properties" : {
                      "AnimateExpandCollapse" : true,
                      "Area" : "UI",
                      "BGImageRepeat" : "no-repeat",
                      "BGImageSize" : "auto",
                      "DisplayName" : "Column 4",
                      "ExpandCollapseTabLocation" : "outside",
                      "Expanded" : true,
                      "Id" : "container-48",
                      "MinHeight" : 0,
                      "MinWidth" : 0,
                      "Overlay" : false,
                      "OverlayIsTransparent" : false,
                      "ResponsiveLayout" : true,
                      "ShowDataLoading" : true,
                      "ShowExpandCollapseTab" : false,
                      "Style" : "DefaultContainerStyle",
                      "TabCollapseStyle" : "DefaultTabCollapseStyle",
                      "TabExpandStyle" : "DefaultTabExpandStyle",
                      "TabHeight" : 36,
                      "TabLocation" : "center",
                      "TabOffset" : 0,
                      "TabWidth" : 36,
                      "Type" : "container",
                      "Visible" : true,
                      "Z-index" : 10,
                      "__TypeDisplayName" : "Container",
                      "userCannotRemove" : true
                    },
                    "Widgets" : [ {
                      "Properties" : {
                        "Alignment" : "center",
                        "Area" : "UI",
                        "BackgroundFill" : "content",
                        "DisplayName" : "valuedisplaykb-60",
                        "Height" : 22,
                        "Id" : "valuedisplaykb-60",
                        "ImageScaling" : "Width",
                        "Label" : "",
                        "LabelAlignment" : "left",
                        "Left" : 0,
                        "Overflow" : "hidden",
                        "ResponsiveLayout" : true,
                        "ShowDataLoading" : true,
                        "TextIfNoValue" : " ",
                        "TextIfNoValueOffset" : 0,
                        "TextIfNoValueStyle" : "DefaultValueDisplayNoTextStyle",
                        "TextWrap" : true,
                        "ToolTipField" : "",
                        "ToolTipStyle" : "DefaultTooltipStyle",
                        "Top" : 0,
                        "Type" : "valuedisplaykb",
                        "ValueDisplayLabelStyle" : "DefaultWidgetLabelStyle",
                        "ValueDisplayStyle" : "DefaultValueDisplayStyle",
                        "ValueFormat" : {
                          "FormatString" : "full",
                          "formatInfo" : {
                            "FieldName" : "",
                            "StateDefinition" : "",
                            "StateDefinitionType" : "fixed",
                            "StateFormats" : [ {
                              "state" : "",
                              "stateName" : "fixed"
                            } ]
                          },
                          "renderer" : "STRING",
                          "roundingEnabled" : true
                        },
                        "ValueFormat_StateParameters" : [ ],
                        "VerticalAlignment" : "middle",
                        "Visible" : true,
                        "Width" : 100,
                        "Z-index" : 10,
                        "__TypeDisplayName" : "Value Display KB",
                        "__supportsLabel" : true,
                        "__supportsTooltip" : true
                      },
                      "Widgets" : [ ]
                    } ]
                  }, {
                    "Properties" : {
                      "AnimateExpandCollapse" : true,
                      "Area" : "UI",
                      "BGImageRepeat" : "no-repeat",
                      "BGImageSize" : "auto",
                      "DisplayName" : "Column 5",
                      "ExpandCollapseTabLocation" : "outside",
                      "Expanded" : true,
                      "Id" : "container-49",
                      "MinHeight" : 0,
                      "MinWidth" : 0,
                      "Overlay" : false,
                      "OverlayIsTransparent" : false,
                      "ResponsiveLayout" : true,
                      "ShowDataLoading" : true,
                      "ShowExpandCollapseTab" : false,
                      "Style" : "DefaultContainerStyle",
                      "TabCollapseStyle" : "DefaultTabCollapseStyle",
                      "TabExpandStyle" : "DefaultTabExpandStyle",
                      "TabHeight" : 36,
                      "TabLocation" : "center",
                      "TabOffset" : 0,
                      "TabWidth" : 36,
                      "Type" : "container",
                      "Visible" : true,
                      "Z-index" : 10,
                      "__TypeDisplayName" : "Container",
                      "userCannotRemove" : true
                    },
                    "Widgets" : [ {
                      "Properties" : {
                        "Alignment" : "right",
                        "Area" : "UI",
                        "BackgroundFill" : "content",
                        "DisplayName" : "valuedisplaykb-56",
                        "Height" : 22,
                        "Id" : "valuedisplaykb-56",
                        "ImageScaling" : "Width",
                        "Label" : "",
                        "LabelAlignment" : "right",
                        "Left" : 150,
                        "Overflow" : "hidden",
                        "ResponsiveLayout" : true,
                        "ShowDataLoading" : true,
                        "TextIfNoValue" : " ",
                        "TextIfNoValueOffset" : 0,
                        "TextIfNoValueStyle" : "DefaultValueDisplayNoTextStyle",
                        "TextWrap" : true,
                        "ToolTipField" : "",
                        "ToolTipStyle" : "DefaultTooltipStyle",
                        "Top" : 90,
                        "Type" : "valuedisplaykb",
                        "ValueDisplayLabelStyle" : "DefaultWidgetLabelStyle",
                        "ValueDisplayStyle" : "DefaultValueDisplayStyle",
                        "ValueFormat" : {
                          "FormatString" : "[[dateTimeFormat_Default]]",
                          "formatInfo" : {
                            "FieldName" : "",
                            "StateDefinition" : "",
                            "StateDefinitionType" : "fixed",
                            "StateFormats" : [ {
                              "state" : "",
                              "stateName" : "fixed"
                            } ]
                          },
                          "renderer" : "DATETIME",
                          "roundingEnabled" : true
                        },
                        "ValueFormat_StateParameters" : [ ],
                        "VerticalAlignment" : "middle",
                        "Visible" : true,
                        "Width" : 100,
                        "Z-index" : 10,
                        "__TypeDisplayName" : "Value Display KB",
                        "__supportsLabel" : true,
                        "__supportsTooltip" : true
                      },
                      "Widgets" : [ ]
                    } ]
                  } ]
                } ]
              },
              "mashupType" : "mashup"
            }
            ]]>
            </mashupContent>
            <preview></preview>
        </Mashup>
    </Mashups>
</Entities>
