<?xml version="1.0" encoding="UTF-8"?>
<Entities
 build="b706"
 majorVersion="9"
 minorVersion="0"
 modelPersistenceProviderPackage="MssqlPersistenceProviderPackage"
 revision="12"
 schemaVersion="1109"
 universal="password">
    <Mashups>
        <Mashup
         aspect.isResponsive="false"
         aspect.mashupType="mashup"
         columns="0.0"
         description=""
         documentationContent=""
         homeMashup=""
         lastModifiedDate="2022-03-17T07:58:09.636Z"
         name="KBProductionOverviewCvsSingleMachineFooterMashup"
         projectName=""
         rows="0.0"
         tags="">
            <avatar></avatar>
            <DesignTimePermissions>
                <Create></Create>
                <Read></Read>
                <Update></Update>
                <Delete></Delete>
                <Metadata></Metadata>
            </DesignTimePermissions>
            <RunTimePermissions>
                <Permissions
                 resourceName="*">
                    <PropertyRead>
                        <Principal
                         isPermitted="true"
                         name="KBUserGroup"
                         type="Group"></Principal>
                    </PropertyRead>
                    <PropertyWrite></PropertyWrite>
                    <ServiceInvoke>
                        <Principal
                         isPermitted="true"
                         name="KBUserGroup"
                         type="Group"></Principal>
                    </ServiceInvoke>
                    <EventInvoke></EventInvoke>
                    <EventSubscribe></EventSubscribe>
                </Permissions>
            </RunTimePermissions>
            <VisibilityPermissions>
                <Visibility>
                    <Principal
                     isPermitted="true"
                     name="KBOrganization"
                     type="Organization"></Principal>
                </Visibility>
            </VisibilityPermissions>
            <ConfigurationTableDefinitions></ConfigurationTableDefinitions>
            <ConfigurationTables>
                <ConfigurationTable
                 dataShapeName=""
                 description="Mashup Mobile Settings"
                 isHidden="true"
                 isMultiRow="false"
                 name="MobileSettings"
                 ordinal="0">
                    <DataShape>
                        <FieldDefinitions>
                            <FieldDefinition
                             aspect.defaultValue="false"
                             baseType="BOOLEAN"
                             description=""
                             name="disableZoom"
                             ordinal="0"></FieldDefinition>
                            <FieldDefinition
                             aspect.defaultValue="true"
                             baseType="BOOLEAN"
                             description=""
                             name="fullScreenMode"
                             ordinal="0"></FieldDefinition>
                            <FieldDefinition
                             baseType="STRING"
                             description=""
                             name="height"
                             ordinal="0"></FieldDefinition>
                            <FieldDefinition
                             aspect.defaultValue="device-height"
                             baseType="STRING"
                             description=""
                             name="heightType"
                             ordinal="0"></FieldDefinition>
                            <FieldDefinition
                             aspect.defaultValue="1.0"
                             baseType="NUMBER"
                             description=""
                             name="initialScale"
                             ordinal="0"></FieldDefinition>
                            <FieldDefinition
                             baseType="STRING"
                             description=""
                             name="iosShortcutIconTitle"
                             ordinal="0"></FieldDefinition>
                            <FieldDefinition
                             aspect.defaultValue="black-translucent"
                             baseType="STRING"
                             description=""
                             name="iosStatusBarAppearance"
                             ordinal="0"></FieldDefinition>
                            <FieldDefinition
                             aspect.defaultValue="10.0"
                             baseType="NUMBER"
                             description=""
                             name="maximumScale"
                             ordinal="0"></FieldDefinition>
                            <FieldDefinition
                             aspect.defaultValue="0.1"
                             baseType="NUMBER"
                             description=""
                             name="minimumScale"
                             ordinal="0"></FieldDefinition>
                            <FieldDefinition
                             baseType="STRING"
                             description=""
                             name="width"
                             ordinal="0"></FieldDefinition>
                            <FieldDefinition
                             aspect.defaultValue="device-width"
                             baseType="STRING"
                             description=""
                             name="widthType"
                             ordinal="0"></FieldDefinition>
                        </FieldDefinitions>
                    </DataShape>
                    <Rows>
                        <Row>
                            <disableZoom>false</disableZoom>
                            <fullScreenMode>true</fullScreenMode>
                            <height></height>
                            <heightType>
                            <![CDATA[
                            device-height
                            ]]>
                            </heightType>
                            <initialScale>1.0</initialScale>
                            <iosShortcutIconTitle></iosShortcutIconTitle>
                            <iosStatusBarAppearance>
                            <![CDATA[
                            black-translucent
                            ]]>
                            </iosStatusBarAppearance>
                            <maximumScale>10.0</maximumScale>
                            <minimumScale>0.1</minimumScale>
                            <width></width>
                            <widthType>
                            <![CDATA[
                            device-width
                            ]]>
                            </widthType>
                        </Row>
                    </Rows>
                </ConfigurationTable>
            </ConfigurationTables>
            <ParameterDefinitions>
                <FieldDefinition
                 aspect.bindingDirection="IN"
                 aspect.dataShape="KBProductionAdvisorDataShape"
                 aspect.isMandatory="false"
                 baseType="INFOTABLE"
                 description=""
                 name="Footer"
                 ordinal="0"></FieldDefinition>
            </ParameterDefinitions>
            <Things></Things>
            <ThingShapes></ThingShapes>
            <ThingTemplates></ThingTemplates>
            <mashupContent>
            <![CDATA[
            {
              "CustomMashupCss" : "@keyframes marquee {\n0% { left: 500%; }\n100% { left: -1%; }\n}\n\n.valuedisplay-container {\n\tanimation: marquee 30s linear infinite;\n    background-color: #ffffff;\n    font-size: 20px;\n    color: blue;\n}",
              "Data" : {
                "DynamicThingTemplates_KBLocalAreaThingTemplate" : {
                  "DataName" : "DynamicThingTemplates_KBLocalAreaThingTemplate",
                  "EntityName" : "KBLocalAreaThingTemplate",
                  "EntityType" : "DynamicThingTemplates",
                  "Id" : "0f91860b-1ace-4ab4-ac9a-6b646c462130",
                  "Services" : [ {
                    "APIMethod" : "post",
                    "Characteristic" : "Services",
                    "Id" : "ea48650e-3751-4f16-a0c2-862e128d241c",
                    "Name" : "GetStringPropertyValue",
                    "Parameters" : {
                      "propertyName" : "DisplayName"
                    },
                    "RefreshInterval" : 0,
                    "Target" : "GetStringPropertyValue"
                  }, {
                    "APIMethod" : "post",
                    "Characteristic" : "Services",
                    "Id" : "8bad879d-8c11-46a8-9a7f-10ecb7f7d0a7",
                    "Name" : "GetStringPropertyValue1",
                    "Parameters" : {
                      "propertyName" : "InformationText"
                    },
                    "RefreshInterval" : 0,
                    "Target" : "GetStringPropertyValue"
                  } ]
                },
                "Session" : {
                  "DataName" : "Session",
                  "EntityName" : "",
                  "EntityType" : "Session",
                  "Id" : "session",
                  "Services" : [ {
                    "APIMethod" : "post",
                    "Characteristic" : "Services",
                    "Id" : "SessionInterface",
                    "Name" : "GetGlobalSessionValues",
                    "Parameters" : { },
                    "RefreshInterval" : 0,
                    "Target" : "GetGlobalSessionValues"
                  } ]
                },
                "Things_KBAdministratorTranslationUtilityThing" : {
                  "DataName" : "Things_KBAdministratorTranslationUtilityThing",
                  "EntityName" : "KBAdministratorTranslationUtilityThing",
                  "EntityType" : "Things",
                  "Id" : "d432ae1f-1503-4b2e-a369-6ba6756f794c",
                  "Services" : [ {
                    "APIMethod" : "post",
                    "Characteristic" : "Services",
                    "Id" : "bd8f0314-4bd3-40a5-9f45-e5aa36087cb0",
                    "Name" : "GetTokenValue",
                    "Parameters" : {
                      "Token" : "KBProductionAdvisorCvsSingleMachineFooterMashup.SummaryLabel"
                    },
                    "RefreshInterval" : 0,
                    "Target" : "GetTokenValue"
                  }, {
                    "APIMethod" : "post",
                    "Characteristic" : "Services",
                    "Id" : "673210eb-d59a-48ab-ae92-8a3b6c0933ba",
                    "Name" : "GetTokenValue1",
                    "Parameters" : {
                      "Language" : "Default",
                      "Token" : "KBProductionAdvisorCvsSingleMachineFooterMashup.SummaryLabel"
                    },
                    "RefreshInterval" : 0,
                    "Target" : "GetTokenValue"
                  } ]
                },
                "Things_KBSmartKPIHelperThing" : {
                  "DataName" : "Things_KBSmartKPIHelperThing",
                  "EntityName" : "KBSmartKPIHelperThing",
                  "EntityType" : "Things",
                  "Id" : "a7bc80d2-4581-415e-bd37-fe82b84af828",
                  "Services" : [ {
                    "APIMethod" : "post",
                    "Characteristic" : "Services",
                    "Id" : "5f7ad14e-04e4-4c45-b902-c0fb72a48c84",
                    "Name" : "SplitAreaFooterInfoTable",
                    "Parameters" : { },
                    "RefreshInterval" : 0,
                    "Target" : "SplitAreaFooterInfoTable"
                  } ]
                },
                "UserExtensions" : {
                  "DataName" : "UserExtensions",
                  "EntityName" : "",
                  "EntityType" : "UserExtensions",
                  "Id" : "UserExtensions",
                  "Services" : [ {
                    "APIMethod" : "post",
                    "Characteristic" : "Services",
                    "Id" : "UserExtensionInterface",
                    "Name" : "GetCurrentUserExtensionProperties",
                    "Parameters" : { },
                    "RefreshInterval" : 0,
                    "Target" : "GetCurrentUserExtensionProperties"
                  } ]
                }
              },
              "DataBindings" : [ {
                "Id" : "2ee8c418-08fe-463d-b300-718e8c416430",
                "PropertyMaps" : [ {
                  "SourceProperty" : "Output",
                  "SourcePropertyBaseType" : "STRING",
                  "SourcePropertyType" : "Property",
                  "TargetProperty" : "Text",
                  "TargetPropertyBaseType" : "STRING",
                  "TargetPropertyType" : "property"
                } ],
                "SourceArea" : "UI",
                "SourceId" : "expression-105",
                "SourceSection" : "",
                "TargetArea" : "UI",
                "TargetId" : "label-10",
                "TargetSection" : ""
              }, {
                "Id" : "299cb6b2-156d-4313-ba35-3f3e8e82fe43",
                "PropertyMaps" : [ {
                  "SourceProperty" : "language",
                  "SourcePropertyBaseType" : "STRING",
                  "TargetProperty" : "Language",
                  "TargetPropertyBaseType" : "STRING",
                  "TargetPropertyType" : "Parameter"
                } ],
                "SourceArea" : "UserExtensions",
                "SourceDetails" : "AllData",
                "SourceId" : "UserExtensions",
                "SourceSection" : "UserExtensions",
                "TargetArea" : "Data",
                "TargetId" : "GetTokenValue",
                "TargetSection" : "Things_KBAdministratorTranslationUtilityThing"
              }, {
                "Id" : "74609618-0a7e-4c82-9cfe-fae5c0f9f848",
                "PropertyMaps" : [ {
                  "SourceProperty" : "result",
                  "SourcePropertyBaseType" : "STRING",
                  "SourcePropertyType" : "Field",
                  "TargetProperty" : "SummaryLabelDefault",
                  "TargetPropertyBaseType" : "STRING",
                  "TargetPropertyType" : "property"
                } ],
                "SourceArea" : "Data",
                "SourceDetails" : "AllData",
                "SourceId" : "GetTokenValue1",
                "SourceSection" : "Things_KBAdministratorTranslationUtilityThing",
                "TargetArea" : "UI",
                "TargetId" : "expression-105",
                "TargetSection" : ""
              }, {
                "Id" : "21a2fbee-b369-444e-ba24-e87f832ef17f",
                "PropertyMaps" : [ {
                  "SourceProperty" : "result",
                  "SourcePropertyBaseType" : "STRING",
                  "SourcePropertyType" : "Field",
                  "TargetProperty" : "SummaryLabel",
                  "TargetPropertyBaseType" : "STRING",
                  "TargetPropertyType" : "property"
                } ],
                "SourceArea" : "Data",
                "SourceDetails" : "AllData",
                "SourceId" : "GetTokenValue1",
                "SourceSection" : "Things_KBAdministratorTranslationUtilityThing",
                "TargetArea" : "UI",
                "TargetId" : "expression-105",
                "TargetSection" : ""
              }, {
                "Id" : "b3d7b364-7585-4055-9590-5abc4241350c",
                "PropertyMaps" : [ {
                  "SourceProperty" : "Footer",
                  "SourcePropertyBaseType" : "INFOTABLE",
                  "TargetProperty" : "Footer",
                  "TargetPropertyBaseType" : "INFOTABLE",
                  "TargetPropertyType" : "Parameter"
                } ],
                "SourceArea" : "Mashup",
                "SourceId" : "mashup-root",
                "SourceSection" : "",
                "TargetArea" : "Data",
                "TargetId" : "SplitAreaFooterInfoTable",
                "TargetSection" : "Things_KBSmartKPIHelperThing"
              }, {
                "Id" : "85dce7ec-53af-4cda-b0f7-f461433367e1",
                "PropertyMaps" : [ {
                  "SourceProperty" : "Machine",
                  "SourcePropertyBaseType" : "STRING",
                  "TargetProperty" : "value",
                  "TargetPropertyBaseType" : "THINGNAME",
                  "TargetPropertyType" : "Entity"
                } ],
                "SourceArea" : "Data",
                "SourceDetails" : "AllData",
                "SourceId" : "SplitAreaFooterInfoTable",
                "SourceSection" : "Things_KBSmartKPIHelperThing",
                "TargetArea" : "Data",
                "TargetId" : "EntityName",
                "TargetSection" : "DynamicThingTemplates_KBLocalAreaThingTemplate"
              }, {
                "Id" : "f579311d-298b-4cf0-93a9-0aff142489a3",
                "PropertyMaps" : [ {
                  "SourceProperty" : "ActualWorkers",
                  "SourcePropertyBaseType" : "NUMBER",
                  "SourcePropertyType" : "Field",
                  "TargetProperty" : "Text",
                  "TargetPropertyBaseType" : "STRING",
                  "TargetPropertyType" : "property"
                } ],
                "SourceArea" : "Data",
                "SourceDetails" : "AllData",
                "SourceId" : "SplitAreaFooterInfoTable",
                "SourceSection" : "Things_KBSmartKPIHelperThing",
                "TargetArea" : "UI",
                "TargetId" : "label-108",
                "TargetSection" : ""
              }, {
                "Id" : "49856ef5-0863-40f4-ace6-f2b259a4e152",
                "PropertyMaps" : [ {
                  "SourceProperty" : "OutputNIO",
                  "SourcePropertyBaseType" : "NUMBER",
                  "SourcePropertyType" : "Field",
                  "TargetProperty" : "Text",
                  "TargetPropertyBaseType" : "STRING",
                  "TargetPropertyType" : "property"
                } ],
                "SourceArea" : "Data",
                "SourceDetails" : "AllData",
                "SourceId" : "SplitAreaFooterInfoTable",
                "SourceSection" : "Things_KBSmartKPIHelperThing",
                "TargetArea" : "UI",
                "TargetId" : "label-37",
                "TargetSection" : ""
              }, {
                "Id" : "88c7131d-853a-45cb-a952-4538e904e75c",
                "PropertyMaps" : [ {
                  "SourceProperty" : "Retest",
                  "SourcePropertyBaseType" : "NUMBER",
                  "SourcePropertyType" : "Field",
                  "TargetProperty" : "Text",
                  "TargetPropertyBaseType" : "STRING",
                  "TargetPropertyType" : "property"
                } ],
                "SourceArea" : "Data",
                "SourceDetails" : "AllData",
                "SourceId" : "SplitAreaFooterInfoTable",
                "SourceSection" : "Things_KBSmartKPIHelperThing",
                "TargetArea" : "UI",
                "TargetId" : "label-52",
                "TargetSection" : ""
              }, {
                "Id" : "27d54fc4-cf88-4877-8505-3612fdf619c8",
                "PropertyMaps" : [ {
                  "SourceProperty" : "OutputIO",
                  "SourcePropertyBaseType" : "NUMBER",
                  "SourcePropertyType" : "Field",
                  "TargetProperty" : "Text",
                  "TargetPropertyBaseType" : "STRING",
                  "TargetPropertyType" : "property"
                } ],
                "SourceArea" : "Data",
                "SourceDetails" : "AllData",
                "SourceId" : "SplitAreaFooterInfoTable",
                "SourceSection" : "Things_KBSmartKPIHelperThing",
                "TargetArea" : "UI",
                "TargetId" : "label-36",
                "TargetSection" : ""
              }, {
                "Id" : "ee503f8c-e148-41d4-89c1-d1603d138758",
                "PropertyMaps" : [ {
                  "SourceProperty" : "PlannedWorkers",
                  "SourcePropertyBaseType" : "NUMBER",
                  "SourcePropertyType" : "Field",
                  "TargetProperty" : "Text",
                  "TargetPropertyBaseType" : "STRING",
                  "TargetPropertyType" : "property"
                } ],
                "SourceArea" : "Data",
                "SourceDetails" : "AllData",
                "SourceId" : "SplitAreaFooterInfoTable",
                "SourceSection" : "Things_KBSmartKPIHelperThing",
                "TargetArea" : "UI",
                "TargetId" : "label-109",
                "TargetSection" : ""
              }, {
                "Id" : "28f6d1ad-95c3-4a78-bcf4-01eae1ab67f5",
                "PropertyMaps" : [ {
                  "SourceProperty" : "Machine",
                  "SourcePropertyBaseType" : "STRING",
                  "SourcePropertyType" : "Field",
                  "TargetProperty" : "Machine",
                  "TargetPropertyBaseType" : "STRING",
                  "TargetPropertyType" : "property"
                } ],
                "SourceArea" : "Data",
                "SourceDetails" : "AllData",
                "SourceId" : "SplitAreaFooterInfoTable",
                "SourceSection" : "Things_KBSmartKPIHelperThing",
                "TargetArea" : "UI",
                "TargetId" : "validator-110",
                "TargetSection" : ""
              }, {
                "Id" : "1ee0f791-f4c8-4fed-a7be-720fc1c18b33",
                "PropertyMaps" : [ {
                  "SourceProperty" : "result",
                  "SourcePropertyBaseType" : "STRING",
                  "SourcePropertyType" : "Field",
                  "TargetProperty" : "Area",
                  "TargetPropertyBaseType" : "STRING",
                  "TargetPropertyType" : "property"
                } ],
                "SourceArea" : "Data",
                "SourceDetails" : "AllData",
                "SourceId" : "GetStringPropertyValue",
                "SourceSection" : "DynamicThingTemplates_KBLocalAreaThingTemplate",
                "TargetArea" : "UI",
                "TargetId" : "expression-105",
                "TargetSection" : ""
              }, {
                "Id" : "3097f65e-f756-4c87-a4fb-f906b5f5e698",
                "PropertyMaps" : [ {
                  "SourceProperty" : "OutputIO",
                  "SourcePropertyBaseType" : "NUMBER",
                  "SourcePropertyType" : "Field",
                  "TargetProperty" : "OKParts",
                  "TargetPropertyBaseType" : "NUMBER",
                  "TargetPropertyType" : "property"
                } ],
                "SourceArea" : "Data",
                "SourceDetails" : "AllData",
                "SourceId" : "SplitAreaFooterInfoTable",
                "SourceSection" : "Things_KBSmartKPIHelperThing",
                "TargetArea" : "UI",
                "TargetId" : "expression-105",
                "TargetSection" : ""
              }, {
                "Id" : "06eeea70-e61c-4135-ae00-f584c8c692bd",
                "PropertyMaps" : [ {
                  "SourceProperty" : "TargetDelta",
                  "SourcePropertyBaseType" : "NUMBER",
                  "SourcePropertyType" : "Field",
                  "TargetProperty" : "Differenc",
                  "TargetPropertyBaseType" : "NUMBER",
                  "TargetPropertyType" : "property"
                } ],
                "SourceArea" : "Data",
                "SourceDetails" : "AllData",
                "SourceId" : "SplitAreaFooterInfoTable",
                "SourceSection" : "Things_KBSmartKPIHelperThing",
                "TargetArea" : "UI",
                "TargetId" : "expression-112",
                "TargetSection" : ""
              }, {
                "Id" : "76b2c09b-57e1-469f-811c-6d87d10270d4",
                "PropertyMaps" : [ {
                  "SourceProperty" : "OutputIO",
                  "SourcePropertyBaseType" : "NUMBER",
                  "SourcePropertyType" : "Field",
                  "TargetProperty" : "Actual",
                  "TargetPropertyBaseType" : "NUMBER",
                  "TargetPropertyType" : "property"
                } ],
                "SourceArea" : "Data",
                "SourceDetails" : "AllData",
                "SourceId" : "SplitAreaFooterInfoTable",
                "SourceSection" : "Things_KBSmartKPIHelperThing",
                "TargetArea" : "UI",
                "TargetId" : "expression-112",
                "TargetSection" : ""
              }, {
                "Id" : "f2daa12c-1444-45dc-bfc7-b6f7b4063938",
                "PropertyMaps" : [ {
                  "SourceProperty" : "Output",
                  "SourcePropertyBaseType" : "NUMBER",
                  "SourcePropertyType" : "Property",
                  "TargetProperty" : "input",
                  "TargetPropertyBaseType" : "NUMBER",
                  "TargetPropertyType" : "property"
                } ],
                "SourceArea" : "UI",
                "SourceId" : "expression-112",
                "SourceSection" : "",
                "TargetArea" : "UI",
                "TargetId" : "expression-113",
                "TargetSection" : ""
              }, {
                "Id" : "eb67e6ec-077c-4819-a626-6be55863c2ad",
                "PropertyMaps" : [ {
                  "SourceProperty" : "Output",
                  "SourcePropertyBaseType" : "NUMBER",
                  "SourcePropertyType" : "Property",
                  "TargetProperty" : "Text",
                  "TargetPropertyBaseType" : "STRING",
                  "TargetPropertyType" : "property"
                } ],
                "SourceArea" : "UI",
                "SourceId" : "expression-113",
                "SourceSection" : "",
                "TargetArea" : "UI",
                "TargetId" : "label-56",
                "TargetSection" : ""
              }, {
                "Id" : "35cac0f0-d2a7-433d-ae3a-e68c9c8dc9d0",
                "PropertyMaps" : [ {
                  "SourceProperty" : "result",
                  "SourcePropertyBaseType" : "STRING",
                  "SourcePropertyType" : "Field",
                  "TargetProperty" : "Data",
                  "TargetPropertyBaseType" : "ANYSCALAR",
                  "TargetPropertyType" : "property"
                } ],
                "SourceArea" : "Data",
                "SourceDetails" : "AllData",
                "SourceId" : "GetStringPropertyValue1",
                "SourceName" : "GetStringPropertyValue",
                "SourceSection" : "DynamicThingTemplates_KBLocalAreaThingTemplate",
                "TargetArea" : "UI",
                "TargetId" : "valuedisplay-114",
                "TargetSection" : ""
              }, {
                "Id" : "217b69db-e90c-40ef-b4d4-0f0af7994813",
                "PropertyMaps" : [ {
                  "SourceProperty" : "Output",
                  "SourcePropertyBaseType" : "NUMBER",
                  "SourcePropertyType" : "Property",
                  "TargetProperty" : "Target",
                  "TargetPropertyBaseType" : "NUMBER",
                  "TargetPropertyType" : "property"
                } ],
                "SourceArea" : "UI",
                "SourceId" : "expression-113",
                "SourceSection" : "",
                "TargetArea" : "UI",
                "TargetId" : "validator-116",
                "TargetSection" : ""
              }, {
                "Id" : "021952f1-970f-49d4-8ec4-8d35ef700d83",
                "PropertyMaps" : [ {
                  "SourceProperty" : "Output",
                  "SourcePropertyBaseType" : "BOOLEAN",
                  "SourcePropertyType" : "Property",
                  "TargetProperty" : "Visible",
                  "TargetPropertyBaseType" : "BOOLEAN",
                  "TargetPropertyType" : "property"
                } ],
                "SourceArea" : "UI",
                "SourceId" : "validator-116",
                "SourceSection" : "",
                "TargetArea" : "UI",
                "TargetId" : "label-56",
                "TargetSection" : ""
              } ],
              "DesignTimePermissions" : {
                "Create" : [ ],
                "Delete" : [ ],
                "Metadata" : [ ],
                "Read" : [ ],
                "Update" : [ ]
              },
              "Events" : [ {
                "EventHandlerArea" : "UI",
                "EventHandlerId" : "expression-105",
                "EventHandlerService" : "Evaluate",
                "EventTriggerArea" : "Mashup",
                "EventTriggerEvent" : "Loaded",
                "EventTriggerId" : "mashup-root",
                "EventTriggerSection" : "",
                "Id" : "458a6ec3-4a33-4efc-b208-85efa02bb13e"
              }, {
                "EventHandlerArea" : "Data",
                "EventHandlerId" : "Things_KBAdministratorTranslationUtilityThing",
                "EventHandlerService" : "GetTokenValue",
                "EventTriggerArea" : "Mashup",
                "EventTriggerEvent" : "Loaded",
                "EventTriggerId" : "mashup-root",
                "EventTriggerSection" : "",
                "Id" : "c8440152-dae9-4399-8156-3deab4f31ce9"
              }, {
                "EventHandlerArea" : "Data",
                "EventHandlerId" : "Things_KBAdministratorTranslationUtilityThing",
                "EventHandlerService" : "GetTokenValue1",
                "EventTriggerArea" : "Mashup",
                "EventTriggerEvent" : "Loaded",
                "EventTriggerId" : "mashup-root",
                "EventTriggerSection" : "",
                "Id" : "e74fd203-87e4-4227-ae78-19598964469f"
              }, {
                "EventHandlerArea" : "UI",
                "EventHandlerId" : "expression-105",
                "EventHandlerService" : "Evaluate",
                "EventTriggerArea" : "Data",
                "EventTriggerEvent" : "ServiceInvokeCompleted",
                "EventTriggerId" : "GetTokenValue1",
                "EventTriggerSection" : "Things_KBAdministratorTranslationUtilityThing",
                "Id" : "fe3c0706-b233-42cf-8fb9-4bcc316120df"
              }, {
                "EventHandlerArea" : "UI",
                "EventHandlerId" : "expression-105",
                "EventHandlerService" : "Evaluate",
                "EventTriggerArea" : "Data",
                "EventTriggerEvent" : "ServiceInvokeCompleted",
                "EventTriggerId" : "GetStringPropertyValue",
                "EventTriggerSection" : "DynamicThingTemplates_KBLocalAreaThingTemplate",
                "Id" : "d282ab3f-5e03-4c72-9373-4e34d8424387"
              }, {
                "EventHandlerArea" : "Data",
                "EventHandlerId" : "Things_KBSmartKPIHelperThing",
                "EventHandlerService" : "SplitAreaFooterInfoTable",
                "EventTriggerArea" : "Mashup",
                "EventTriggerEvent" : "Loaded",
                "EventTriggerId" : "mashup-root",
                "EventTriggerSection" : "",
                "Id" : "e8e73ab9-f7f1-4495-b151-20a78124a215"
              }, {
                "EventHandlerArea" : "UI",
                "EventHandlerId" : "validator-110",
                "EventHandlerService" : "Evaluate",
                "EventTriggerArea" : "Data",
                "EventTriggerEvent" : "ServiceInvokeCompleted",
                "EventTriggerId" : "SplitAreaFooterInfoTable",
                "EventTriggerSection" : "Things_KBSmartKPIHelperThing",
                "Id" : "0cdd88d7-4412-41d5-bd76-caf26874dff3"
              }, {
                "EventHandlerArea" : "UI",
                "EventHandlerId" : "expression-105",
                "EventHandlerService" : "Evaluate",
                "EventTriggerArea" : "UI",
                "EventTriggerEvent" : "True",
                "EventTriggerId" : "validator-110",
                "EventTriggerSection" : "",
                "Id" : "12b63fcb-475a-4c38-a7f0-47d7db1201cc"
              }, {
                "EventHandlerArea" : "Data",
                "EventHandlerId" : "DynamicThingTemplates_KBLocalAreaThingTemplate",
                "EventHandlerService" : "GetStringPropertyValue",
                "EventTriggerArea" : "UI",
                "EventTriggerEvent" : "False",
                "EventTriggerId" : "validator-110",
                "EventTriggerSection" : "",
                "Id" : "1d053171-c97b-4ecc-ba9a-598a378789cf"
              }, {
                "EventHandlerArea" : "UI",
                "EventHandlerId" : "expression-112",
                "EventHandlerService" : "Evaluate",
                "EventTriggerArea" : "Data",
                "EventTriggerEvent" : "ServiceInvokeCompleted",
                "EventTriggerId" : "SplitAreaFooterInfoTable",
                "EventTriggerSection" : "Things_KBSmartKPIHelperThing",
                "Id" : "fe16f4fa-1bc9-4630-8d7c-c1c8441d2958"
              }, {
                "EventHandlerArea" : "UI",
                "EventHandlerId" : "expression-113",
                "EventHandlerService" : "Evaluate",
                "EventTriggerArea" : "UI",
                "EventTriggerEvent" : "Changed",
                "EventTriggerId" : "expression-112",
                "EventTriggerSection" : "",
                "Id" : "d6c48b6e-3516-4525-a973-20c1ca9fe9a3"
              }, {
                "EventHandlerArea" : "UI",
                "EventHandlerId" : "expression-113",
                "EventHandlerService" : "Evaluate",
                "EventTriggerArea" : "Data",
                "EventTriggerEvent" : "ServiceInvokeCompleted",
                "EventTriggerId" : "SplitAreaFooterInfoTable",
                "EventTriggerSection" : "Things_KBSmartKPIHelperThing",
                "Id" : "43bf7e20-cafe-489d-8463-dc713ffb7eb8"
              }, {
                "EventHandlerArea" : "UI",
                "EventHandlerId" : "expression-115",
                "EventHandlerService" : "Evaluate",
                "EventTriggerArea" : "Mashup",
                "EventTriggerEvent" : "Loaded",
                "EventTriggerId" : "mashup-root",
                "EventTriggerSection" : "",
                "Id" : "a5ba7392-87e2-4a4d-afab-6983e5ace302"
              }, {
                "EventHandlerArea" : "Data",
                "EventHandlerId" : "DynamicThingTemplates_KBLocalAreaThingTemplate",
                "EventHandlerService" : "GetStringPropertyValue1",
                "EventTriggerArea" : "UI",
                "EventTriggerEvent" : "False",
                "EventTriggerId" : "validator-110",
                "EventTriggerSection" : "",
                "Id" : "38e8ca38-384d-4c00-935c-31c981500146"
              }, {
                "EventHandlerArea" : "Data",
                "EventHandlerId" : "Things_KBSmartKPIHelperThing",
                "EventHandlerService" : "SplitAreaFooterInfoTable",
                "EventTriggerArea" : "Mashup",
                "EventTriggerEvent" : "FooterChanged",
                "EventTriggerId" : "mashup-root",
                "EventTriggerSection" : "",
                "Id" : "811956bf-223f-4e02-852f-254157f6214e"
              }, {
                "EventHandlerArea" : "Data",
                "EventHandlerId" : "Things_KBAdministratorTranslationUtilityThing",
                "EventHandlerService" : "GetTokenValue1",
                "EventTriggerArea" : "Mashup",
                "EventTriggerEvent" : "FooterChanged",
                "EventTriggerId" : "mashup-root",
                "EventTriggerSection" : "",
                "Id" : "e687bbf8-bce9-4347-b5a3-9194d105d21d"
              }, {
                "EventHandlerArea" : "Data",
                "EventHandlerId" : "Things_KBAdministratorTranslationUtilityThing",
                "EventHandlerService" : "GetTokenValue",
                "EventTriggerArea" : "Mashup",
                "EventTriggerEvent" : "FooterChanged",
                "EventTriggerId" : "mashup-root",
                "EventTriggerSection" : "",
                "Id" : "6ed2b6f2-486f-41c1-b1c1-f1af0ddeeb22"
              }, {
                "EventHandlerArea" : "UI",
                "EventHandlerId" : "expression-105",
                "EventHandlerService" : "Evaluate",
                "EventTriggerArea" : "Mashup",
                "EventTriggerEvent" : "FooterChanged",
                "EventTriggerId" : "mashup-root",
                "EventTriggerSection" : "",
                "Id" : "1967d232-05b6-4748-9059-3b2f016b2c0c"
              }, {
                "EventHandlerArea" : "UI",
                "EventHandlerId" : "validator-116",
                "EventHandlerService" : "Evaluate",
                "EventTriggerArea" : "UI",
                "EventTriggerEvent" : "Changed",
                "EventTriggerId" : "expression-113",
                "EventTriggerSection" : "",
                "Id" : "004e2e25-72a2-46e4-9e27-5e1d09e23fd7"
              }, {
                "EventHandlerArea" : "Data",
                "EventHandlerId" : "DynamicThingTemplates_KBLocalAreaThingTemplate",
                "EventHandlerService" : "GetStringPropertyValue1",
                "EventTriggerArea" : "UI",
                "EventTriggerEvent" : "Refresh",
                "EventTriggerId" : "autorefresh-117",
                "EventTriggerSection" : "",
                "Id" : "51a07ad1-a7d4-460c-96c5-859343b5e70b"
              } ],
              "RunTimePermissions" : {
                "permissions" : [ {
                  "EventInvoke" : [ ],
                  "EventSubscribe" : [ ],
                  "PropertyRead" : [ {
                    "isPermitted" : true,
                    "name" : "KBUserGroup",
                    "type" : "Group"
                  } ],
                  "PropertyWrite" : [ ],
                  "ServiceInvoke" : [ {
                    "isPermitted" : true,
                    "name" : "KBUserGroup",
                    "type" : "Group"
                  } ],
                  "resourceName" : "*"
                } ]
              },
              "UI" : {
                "Properties" : {
                  "AddToDashboardButton" : "SimplePlus",
                  "AddToDashboardButtonStyle" : "DefaultAddToDashboardButtonStyle",
                  "Area" : "Mashup",
                  "BGImage" : "",
                  "BGImageRepeat" : "no-repeat",
                  "BGImageSize" : "auto",
                  "Columns" : 0,
                  "ConfigureGadgetButton" : "SimpleGear",
                  "ConfigureGadgetButtonStyle" : "DefaultConfigureGadgetButtonStyle",
                  "DisplayName" : "Mashup",
                  "EnableParameterEditing" : false,
                  "Height" : 75,
                  "Id" : "mashup-root",
                  "IgnoreWarningsInViewMashup" : false,
                  "IsPrintLayout" : false,
                  "Left" : 0,
                  "MashupToEditGadget" : "DefaultMashupToEditGadget",
                  "MinHeight" : 0,
                  "MinWidth" : 0,
                  "ResponsiveLayout" : false,
                  "Rows" : 0,
                  "ShowDataLoading" : true,
                  "Style" : "DefaultMashupStyle",
                  "StyleTheme" : "Base Theme",
                  "Title" : "",
                  "TitleBar" : false,
                  "TitleBarStyle" : "DefaultTitleBarStyle",
                  "TitleBarText" : "Gadget Title Here",
                  "Top" : 0,
                  "Type" : "mashup",
                  "UseMasterTheme" : false,
                  "UseTheme" : false,
                  "UseThemeForHybrids" : false,
                  "Visible" : true,
                  "Width" : 1720,
                  "Z-index" : 10,
                  "__TypeDisplayName" : "Mashup",
                  "_currentParameterDefs" : [ {
                    "Aspects" : {
                      "bindingDirection" : "IN",
                      "dataShape" : "KBProductionAdvisorDataShape",
                      "isMandatory" : false
                    },
                    "BaseType" : "INFOTABLE",
                    "Description" : "",
                    "ParameterName" : "Footer"
                  } ],
                  "id_index" : 117,
                  "supportsAutoResize" : true
                },
                "Widgets" : [ {
                  "Properties" : {
                    "Area" : "UI",
                    "ContainerClass" : "",
                    "CustomClass" : "",
                    "DisplayName" : "panel-4",
                    "Height" : 71,
                    "HideScrollbars" : false,
                    "HorizontalAnchor" : "left",
                    "Id" : "panel-4",
                    "LastContainer" : false,
                    "Left" : 0,
                    "ResponsiveLayout" : false,
                    "ShowDataLoading" : true,
                    "Style" : "DefaultPanelStyle",
                    "Top" : 0,
                    "Type" : "panel",
                    "VerticalAnchor" : "top",
                    "Visible" : true,
                    "Width" : 1720,
                    "Z-index" : 10,
                    "__TypeDisplayName" : "Panel"
                  },
                  "Widgets" : [ {
                    "Properties" : {
                      "Alignment" : "left",
                      "AllowEllipsis" : false,
                      "Area" : "UI",
                      "DisplayName" : "Summa",
                      "Height" : 30,
                      "Id" : "label-10",
                      "LastContainer" : false,
                      "Left" : 5,
                      "ResponsiveLayout" : false,
                      "ShowDataLoading" : true,
                      "Style" : "KB.BigLabelStyle",
                      "ToolTipField" : "",
                      "ToolTipStyle" : "DefaultTooltipStyle",
                      "Top" : 5,
                      "Type" : "label",
                      "Visible" : true,
                      "Width" : 295,
                      "Z-index" : 10,
                      "__TypeDisplayName" : "Label",
                      "__supportsTooltip" : true
                    },
                    "Widgets" : [ ]
                  }, {
                    "Properties" : {
                      "Alignment" : "right",
                      "AllowEllipsis" : false,
                      "Area" : "UI",
                      "DisplayName" : "label-36",
                      "Height" : 22,
                      "Id" : "label-36",
                      "LastContainer" : false,
                      "Left" : 305,
                      "ResponsiveLayout" : false,
                      "ShowDataLoading" : false,
                      "Style" : "KB.BigLabelStyle",
                      "ToolTipField" : "",
                      "ToolTipStyle" : "DefaultTooltipStyle",
                      "Top" : 10,
                      "Type" : "label",
                      "Visible" : true,
                      "Width" : 75,
                      "Z-index" : 100,
                      "__TypeDisplayName" : "Label",
                      "__supportsTooltip" : true
                    },
                    "Widgets" : [ ]
                  }, {
                    "Properties" : {
                      "Alignment" : "right",
                      "AllowEllipsis" : false,
                      "Area" : "UI",
                      "DisplayName" : "label-37",
                      "Height" : 22,
                      "Id" : "label-37",
                      "LastContainer" : false,
                      "Left" : 560,
                      "ResponsiveLayout" : false,
                      "ShowDataLoading" : false,
                      "Style" : "DefaultLabelStyle",
                      "ToolTipField" : "",
                      "ToolTipStyle" : "DefaultTooltipStyle",
                      "Top" : 0,
                      "Type" : "label",
                      "Visible" : true,
                      "Width" : 50,
                      "Z-index" : 10,
                      "__TypeDisplayName" : "Label",
                      "__supportsTooltip" : true
                    },
                    "Widgets" : [ ]
                  }, {
                    "Properties" : {
                      "Alignment" : "right",
                      "AllowEllipsis" : false,
                      "Area" : "UI",
                      "DisplayName" : "label-52",
                      "Height" : 22,
                      "Id" : "label-52",
                      "LastContainer" : false,
                      "Left" : 560,
                      "ResponsiveLayout" : false,
                      "ShowDataLoading" : false,
                      "Style" : "DefaultLabelStyle",
                      "ToolTipField" : "",
                      "ToolTipStyle" : "DefaultTooltipStyle",
                      "Top" : 15,
                      "Type" : "label",
                      "Visible" : true,
                      "Width" : 50,
                      "Z-index" : 10,
                      "__TypeDisplayName" : "Beschriftung",
                      "__supportsTooltip" : true
                    },
                    "Widgets" : [ ]
                  }, {
                    "Properties" : {
                      "Area" : "UI",
                      "DisplayName" : "divider-55",
                      "Height" : 42,
                      "Id" : "divider-55",
                      "LastContainer" : false,
                      "Left" : 300,
                      "ResponsiveLayout" : false,
                      "ShowDataLoading" : true,
                      "Style" : "DefaultDividerStyle",
                      "Top" : 0,
                      "Type" : "divider",
                      "Visible" : true,
                      "Width" : 4,
                      "Z-index" : 300,
                      "__TypeDisplayName" : "Trennlinie"
                    },
                    "Widgets" : [ ]
                  }, {
                    "Properties" : {
                      "Alignment" : "right",
                      "AllowEllipsis" : false,
                      "Area" : "UI",
                      "DisplayName" : "label-56",
                      "Height" : 22,
                      "Id" : "label-56",
                      "LastContainer" : false,
                      "Left" : 380,
                      "ResponsiveLayout" : false,
                      "ShowDataLoading" : false,
                      "Style" : "KB.BigLabelStyle",
                      "ToolTipField" : "",
                      "ToolTipStyle" : "DefaultTooltipStyle",
                      "Top" : 10,
                      "Type" : "label",
                      "Visible" : true,
                      "Width" : 75,
                      "Z-index" : 100,
                      "__TypeDisplayName" : "Beschriftung",
                      "__supportsTooltip" : true
                    },
                    "Widgets" : [ ]
                  }, {
                    "Properties" : {
                      "Area" : "UI",
                      "DisplayName" : "divider-57",
                      "Height" : 42,
                      "Id" : "divider-57",
                      "LastContainer" : false,
                      "Left" : 460,
                      "ResponsiveLayout" : false,
                      "ShowDataLoading" : true,
                      "Style" : "DefaultDividerStyle",
                      "Top" : 0,
                      "Type" : "divider",
                      "Visible" : true,
                      "Width" : 4,
                      "Z-index" : 300,
                      "__TypeDisplayName" : "Trennlinie"
                    },
                    "Widgets" : [ ]
                  }, {
                    "Properties" : {
                      "Area" : "UI",
                      "DisplayName" : "divider-64",
                      "Height" : 42,
                      "Id" : "divider-64",
                      "LastContainer" : false,
                      "Left" : 770,
                      "ResponsiveLayout" : false,
                      "ShowDataLoading" : true,
                      "Style" : "DefaultDividerStyle",
                      "Top" : 0,
                      "Type" : "divider",
                      "Visible" : true,
                      "Width" : 4,
                      "Z-index" : 300,
                      "__TypeDisplayName" : "Trennlinie"
                    },
                    "Widgets" : [ ]
                  }, {
                    "Properties" : {
                      "Area" : "UI",
                      "DisplayName" : "divider-71",
                      "Height" : 42,
                      "Id" : "divider-71",
                      "LastContainer" : false,
                      "Left" : 1010,
                      "ResponsiveLayout" : false,
                      "ShowDataLoading" : true,
                      "Style" : "DefaultDividerStyle",
                      "Top" : 0,
                      "Type" : "divider",
                      "Visible" : true,
                      "Width" : 4,
                      "Z-index" : 300,
                      "__TypeDisplayName" : "Trennlinie"
                    },
                    "Widgets" : [ ]
                  }, {
                    "Properties" : {
                      "Area" : "UI",
                      "DisplayName" : "divider-78",
                      "Height" : 42,
                      "Id" : "divider-78",
                      "LastContainer" : false,
                      "Left" : 890,
                      "ResponsiveLayout" : false,
                      "ShowDataLoading" : true,
                      "Style" : "DefaultDividerStyle",
                      "Top" : 0,
                      "Type" : "divider",
                      "Visible" : true,
                      "Width" : 4,
                      "Z-index" : 300,
                      "__TypeDisplayName" : "Trennlinie"
                    },
                    "Widgets" : [ ]
                  }, {
                    "Properties" : {
                      "Area" : "UI",
                      "DisplayName" : "divider-79",
                      "Height" : 42,
                      "Id" : "divider-79",
                      "LastContainer" : false,
                      "Left" : 1120,
                      "ResponsiveLayout" : false,
                      "ShowDataLoading" : true,
                      "Style" : "DefaultDividerStyle",
                      "Top" : 0,
                      "Type" : "divider",
                      "Visible" : true,
                      "Width" : 4,
                      "Z-index" : 300,
                      "__TypeDisplayName" : "Trennlinie"
                    },
                    "Widgets" : [ ]
                  }, {
                    "Properties" : {
                      "Area" : "UI",
                      "DisplayName" : "divider-80",
                      "Height" : 42,
                      "Id" : "divider-80",
                      "LastContainer" : false,
                      "Left" : 650,
                      "ResponsiveLayout" : false,
                      "ShowDataLoading" : true,
                      "Style" : "DefaultDividerStyle",
                      "Top" : 0,
                      "Type" : "divider",
                      "Visible" : true,
                      "Width" : 4,
                      "Z-index" : 300,
                      "__TypeDisplayName" : "Trennlinie"
                    },
                    "Widgets" : [ ]
                  }, {
                    "Properties" : {
                      "Area" : "UI",
                      "DisplayName" : "divider-103",
                      "Height" : 3,
                      "Id" : "divider-103",
                      "LastContainer" : false,
                      "Left" : 0,
                      "ResponsiveLayout" : false,
                      "ShowDataLoading" : true,
                      "Style" : "DefaultDividerStyle",
                      "Top" : 0,
                      "Type" : "divider",
                      "Visible" : true,
                      "Width" : 1234,
                      "Z-index" : 300,
                      "__TypeDisplayName" : "Trennlinie"
                    },
                    "Widgets" : [ ]
                  }, {
                    "Properties" : {
                      "Area" : "UI",
                      "DisplayName" : "divider-104",
                      "Height" : 4,
                      "Id" : "divider-104",
                      "LastContainer" : false,
                      "Left" : 0,
                      "ResponsiveLayout" : false,
                      "ShowDataLoading" : true,
                      "Style" : "DefaultDividerStyle",
                      "Top" : 38,
                      "Type" : "divider",
                      "Visible" : true,
                      "Width" : 1234,
                      "Z-index" : 300,
                      "__TypeDisplayName" : "Trennlinie"
                    },
                    "Widgets" : [ ]
                  }, {
                    "Properties" : {
                      "Alignment" : "right",
                      "AllowEllipsis" : false,
                      "Area" : "UI",
                      "DisplayName" : "label-108",
                      "Height" : 22,
                      "Id" : "label-108",
                      "LastContainer" : false,
                      "Left" : 615,
                      "ResponsiveLayout" : false,
                      "ShowDataLoading" : false,
                      "Style" : "KB.BigLabelStyle",
                      "ToolTipField" : "",
                      "ToolTipStyle" : "DefaultTooltipStyle",
                      "Top" : 10,
                      "Type" : "label",
                      "Visible" : false,
                      "Width" : 90,
                      "Z-index" : 100,
                      "__TypeDisplayName" : "Label",
                      "__supportsTooltip" : true
                    },
                    "Widgets" : [ ]
                  }, {
                    "Properties" : {
                      "Alignment" : "right",
                      "AllowEllipsis" : false,
                      "Area" : "UI",
                      "DisplayName" : "label-109",
                      "Height" : 22,
                      "Id" : "label-109",
                      "LastContainer" : false,
                      "Left" : 683,
                      "ResponsiveLayout" : false,
                      "ShowDataLoading" : false,
                      "Style" : "KB.BigLabelStyle",
                      "ToolTipField" : "",
                      "ToolTipStyle" : "DefaultTooltipStyle",
                      "Top" : 10,
                      "Type" : "label",
                      "Visible" : false,
                      "Width" : 85,
                      "Z-index" : 100,
                      "__TypeDisplayName" : "Beschriftung",
                      "__supportsTooltip" : true
                    },
                    "Widgets" : [ ]
                  }, {
                    "Properties" : {
                      "Area" : "UI",
                      "DisplayName" : "divider-111",
                      "Height" : 42,
                      "Id" : "divider-111",
                      "LastContainer" : false,
                      "Left" : 1230,
                      "ResponsiveLayout" : false,
                      "ShowDataLoading" : true,
                      "Style" : "DefaultDividerStyle",
                      "Top" : 0,
                      "Type" : "divider",
                      "Visible" : true,
                      "Width" : 4,
                      "Z-index" : 300,
                      "__TypeDisplayName" : "Trennlinie"
                    },
                    "Widgets" : [ ]
                  }, {
                    "Properties" : {
                      "ActiveStyle" : "DefaultButtonActiveStyle",
                      "Area" : "UI",
                      "AutoRefresh" : true,
                      "AutoRefreshTabSequence" : 0,
                      "DisplayName" : "autorefresh-117",
                      "FocusStyle" : "DefaultButtonFocusStyle",
                      "Height" : 28,
                      "HoverStyle" : "DefaultButtonHoverStyle",
                      "IconAlignment" : "left",
                      "Id" : "autorefresh-117",
                      "Label" : "Refresh Now",
                      "LastContainer" : false,
                      "Left" : 1245,
                      "RefreshInterval" : 30,
                      "RefreshNowTabSequence" : 0,
                      "RefreshToggleLabel" : "On",
                      "RefreshToggleLabelOff" : "Off",
                      "RefreshToggleSliderStyle" : "DefaultAutoRefreshToggleSliderStyle",
                      "RefreshToggleStyle" : "DefaultAutoRefreshToggleStyle",
                      "RefreshToggleStyleOff" : "DefaultAutoRefreshToggleOffStyle",
                      "ResponsiveLayout" : false,
                      "ShowControls" : true,
                      "ShowDataLoading" : true,
                      "Style" : "DefaultButtonStyle",
                      "Top" : 4,
                      "Type" : "autorefresh",
                      "Visible" : false,
                      "Width" : 180,
                      "Z-index" : 10,
                      "__TypeDisplayName" : "Auto Refresh"
                    },
                    "Widgets" : [ ]
                  }, {
                    "Properties" : {
                      "Alignment" : "left",
                      "Area" : "UI",
                      "BackgroundFill" : "content",
                      "DisplayName" : "valuedisplay-114",
                      "Height" : 22,
                      "Id" : "valuedisplay-114",
                      "ImageScaling" : "Width",
                      "Label" : "",
                      "LabelAlignment" : "left",
                      "LastContainer" : false,
                      "Left" : 1,
                      "Overflow" : "hidden",
                      "ResponsiveLayout" : false,
                      "ShowDataLoading" : true,
                      "TextIfNoValue" : "",
                      "TextIfNoValueOffset" : 0,
                      "TextIfNoValueStyle" : "DefaultValueDisplayNoTextStyle",
                      "TextWrap" : true,
                      "ToolTipField" : "",
                      "ToolTipStyle" : "DefaultTooltipStyle",
                      "Top" : 45,
                      "Type" : "valuedisplay",
                      "UseTheme" : false,
                      "ValueDisplayLabelStyle" : "DefaultWidgetLabelStyle",
                      "ValueDisplayStyle" : "DefaultValueDisplayStyle",
                      "ValueFormat" : {
                        "FormatString" : "full",
                        "renderer" : "STRING"
                      },
                      "ValueFormat_StateParameters" : [ ],
                      "VerticalAlignment" : "top",
                      "Visible" : true,
                      "Width" : 1230,
                      "Z-index" : 10,
                      "__TypeDisplayName" : "Value Display",
                      "__supportsLabel" : true,
                      "__supportsTooltip" : true
                    },
                    "Widgets" : [ ]
                  } ]
                }, {
                  "Properties" : {
                    "Area" : "UI",
                    "AutoEvaluate" : false,
                    "DataChangeType" : "ALWAYS",
                    "DisplayName" : "ShowLabel",
                    "Expression" : "Area===undefined||Area===''?Area='All':Area=Area;\nOutput=(OKParts>0?(SummaryLabel===undefined?SummaryLabelDefault+' '+Area:SummaryLabel+' '+Area):'');",
                    "FireOnFirstValue" : false,
                    "Height" : 28,
                    "Id" : "expression-105",
                    "LastContainer" : false,
                    "Left" : 0,
                    "OutputBaseType" : "STRING",
                    "ResponsiveLayout" : false,
                    "ShowDataLoading" : true,
                    "Top" : 0,
                    "Type" : "expression",
                    "Visible" : true,
                    "Width" : 200,
                    "Z-index" : 10,
                    "__TypeDisplayName" : "Expression",
                    "_currentParameterDefs" : [ {
                      "BaseType" : "STRING",
                      "Description" : "",
                      "ParameterName" : "SummaryLabel",
                      "isValid" : true
                    }, {
                      "BaseType" : "STRING",
                      "Description" : "",
                      "ParameterName" : "SummaryLabelDefault",
                      "isValid" : true
                    }, {
                      "BaseType" : "STRING",
                      "DefaultValue" : "All",
                      "Description" : "",
                      "ParameterName" : "Area",
                      "isValid" : true
                    }, {
                      "BaseType" : "NUMBER",
                      "Description" : "",
                      "ParameterName" : "OKParts",
                      "isValid" : true
                    } ],
                    "editMode" : "edit",
                    "helperType" : "expression",
                    "parameters" : [ {
                      "BaseType" : "STRING",
                      "Description" : "",
                      "ParameterName" : "SummaryLabel",
                      "isValid" : true
                    }, {
                      "BaseType" : "STRING",
                      "Description" : "",
                      "ParameterName" : "SummaryLabelDefault",
                      "isValid" : true
                    }, {
                      "BaseType" : "STRING",
                      "DefaultValue" : "All",
                      "Description" : "",
                      "ParameterName" : "Area",
                      "isValid" : true
                    }, {
                      "BaseType" : "NUMBER",
                      "Description" : "",
                      "ParameterName" : "OKParts",
                      "isValid" : true
                    } ],
                    "parametersToDelete" : [ ]
                  },
                  "Widgets" : [ ]
                }, {
                  "Properties" : {
                    "Area" : "UI",
                    "AutoEvaluate" : false,
                    "DisplayName" : "CheckArea",
                    "Expression" : "(Machine=='All')?true:false",
                    "Height" : 28,
                    "Id" : "validator-110",
                    "LastContainer" : false,
                    "Left" : 0,
                    "Output" : true,
                    "ResponsiveLayout" : false,
                    "ShowDataLoading" : true,
                    "Top" : 0,
                    "Type" : "validator",
                    "Visible" : true,
                    "Width" : 200,
                    "Z-index" : 10,
                    "__TypeDisplayName" : "Validator",
                    "_currentParameterDefs" : [ {
                      "BaseType" : "STRING",
                      "Description" : "",
                      "ParameterName" : "Machine",
                      "isValid" : true
                    } ],
                    "parameters" : [ {
                      "BaseType" : "STRING",
                      "Description" : "",
                      "ParameterName" : "Machine",
                      "isValid" : true
                    } ]
                  },
                  "Widgets" : [ ]
                }, {
                  "Properties" : {
                    "Area" : "UI",
                    "AutoEvaluate" : false,
                    "DataChangeType" : "ALWAYS",
                    "DisplayName" : "GetAreaTargetPcs",
                    "Expression" : "Output=Actual+Differenc;",
                    "FireOnFirstValue" : false,
                    "Height" : 28,
                    "Id" : "expression-112",
                    "LastContainer" : false,
                    "Left" : null,
                    "OutputBaseType" : "NUMBER",
                    "ResponsiveLayout" : false,
                    "ShowDataLoading" : true,
                    "Top" : null,
                    "Type" : "expression",
                    "Visible" : true,
                    "Width" : 200,
                    "Z-index" : 10,
                    "__TypeDisplayName" : "Expression",
                    "_currentParameterDefs" : [ {
                      "BaseType" : "NUMBER",
                      "Description" : "",
                      "ParameterName" : "Actual",
                      "bindingDirection" : "Target",
                      "bindingType" : "Property",
                      "isBindingSource" : false,
                      "isBindingTarget" : true,
                      "name" : "Actual",
                      "shown" : true
                    }, {
                      "BaseType" : "NUMBER",
                      "Description" : "",
                      "ParameterName" : "Differenc",
                      "bindingDirection" : "Target",
                      "bindingType" : "Property",
                      "isBindingSource" : false,
                      "isBindingTarget" : true,
                      "name" : "Differenc",
                      "shown" : true
                    } ]
                  },
                  "Widgets" : [ ]
                }, {
                  "Properties" : {
                    "Area" : "UI",
                    "AutoEvaluate" : false,
                    "DataChangeType" : "ALWAYS",
                    "DisplayName" : "PcsTargetNumber",
                    "Expression" : "Output=(isNaN(input)===true)?0:input;",
                    "FireOnFirstValue" : false,
                    "Height" : 28,
                    "Id" : "expression-113",
                    "LastContainer" : false,
                    "Left" : null,
                    "OutputBaseType" : "NUMBER",
                    "ResponsiveLayout" : false,
                    "ShowDataLoading" : true,
                    "Top" : null,
                    "Type" : "expression",
                    "Visible" : true,
                    "Width" : 200,
                    "Z-index" : 10,
                    "__TypeDisplayName" : "Expression",
                    "_currentParameterDefs" : [ {
                      "BaseType" : "NUMBER",
                      "Description" : "",
                      "ParameterName" : "input",
                      "bindingDirection" : "Target",
                      "bindingType" : "Property",
                      "isBindingSource" : false,
                      "isBindingTarget" : true,
                      "name" : "input",
                      "shown" : true
                    } ]
                  },
                  "Widgets" : [ ]
                }, {
                  "Properties" : {
                    "Area" : "UI",
                    "AutoEvaluate" : false,
                    "DataChangeType" : "ALWAYS",
                    "DisplayName" : "text",
                    "Expression" : "Output='test text a;dshas;csa;ldc;sac';",
                    "FireOnFirstValue" : false,
                    "Height" : 28,
                    "Id" : "expression-115",
                    "LastContainer" : false,
                    "Left" : null,
                    "OutputBaseType" : "STRING",
                    "ResponsiveLayout" : false,
                    "ShowDataLoading" : true,
                    "Top" : null,
                    "Type" : "expression",
                    "Visible" : true,
                    "Width" : 200,
                    "Z-index" : 10,
                    "__TypeDisplayName" : "Expression",
                    "_currentParameterDefs" : [ ]
                  },
                  "Widgets" : [ ]
                }, {
                  "Properties" : {
                    "Area" : "UI",
                    "AutoEvaluate" : false,
                    "DisplayName" : "TargetValue",
                    "Expression" : "Output=(Target===0 || Target===undefined || isNaN(Target))?false:true;",
                    "Height" : 28,
                    "Id" : "validator-116",
                    "LastContainer" : false,
                    "Left" : null,
                    "Output" : true,
                    "ResponsiveLayout" : false,
                    "ShowDataLoading" : true,
                    "Top" : null,
                    "Type" : "validator",
                    "Visible" : true,
                    "Width" : 200,
                    "Z-index" : 10,
                    "__TypeDisplayName" : "Validator",
                    "_currentParameterDefs" : [ {
                      "BaseType" : "NUMBER",
                      "Description" : "",
                      "ParameterName" : "Target",
                      "bindingDirection" : "Target",
                      "bindingType" : "Property",
                      "isBindingSource" : false,
                      "isBindingTarget" : true,
                      "name" : "Target",
                      "shown" : true
                    } ]
                  },
                  "Widgets" : [ ]
                } ]
              },
              "mashupType" : "mashup"
            }
            ]]>
            </mashupContent>
            <preview></preview>
        </Mashup>
    </Mashups>
</Entities>
