<?xml version="1.0" encoding="UTF-8" standalone="no"?>
<Entities build="b167" majorVersion="8" minorVersion="2"
	modelPersistenceProviderPackage="MssqlPersistenceProviderPackage"
	revision="2" schemaVersion="1020" universal="">
	<Mashups>
		<Mashup aspect.isResponsive="true" aspect.mashupType="mashup"
			columns="0.0" description="" documentationContent="" homeMashup=""
			lastModifiedDate="2019-09-05T16:48:23.289+02:00"
			name="KBStationSetupMeshup" projectName="KBMesKit" rows="0.0" tags="">
			<Owner name="adm-flassakm" type="User" />
			<avatar />
			<DesignTimePermissions>
				<Create />
				<Read />
				<Update />
				<Delete />
				<Metadata />
			</DesignTimePermissions>
			<RunTimePermissions />
			<VisibilityPermissions>
				<Visibility>
					<Principal isPermitted="true" name="KBDevelopment"
						type="Organization" />
				</Visibility>
			</VisibilityPermissions>
			<ConfigurationTables />
			<ParameterDefinitions />
			<Things />
			<ThingShapes />
			<ThingTemplates>
				<ThingTemplate>KBLocalStationThingTemplate</ThingTemplate>
			</ThingTemplates>
			<mashupContent><![CDATA[{
  "CustomMashupCss" : "",
  "Data" : {
    "DynamicThingTemplates_KBLocalStationThingTemplate" : {
      "DataName" : "DynamicThingTemplates_KBLocalStationThingTemplate",
      "EntityName" : "KBLocalStationThingTemplate",
      "EntityType" : "DynamicThingTemplates",
      "Id" : "61657c75-9e48-47fc-993a-d6b46a99c8b1",
      "Services" : [ {
        "APIMethod" : "post",
        "Characteristic" : "Services",
        "Id" : "9d0fdedf-fb6a-459a-b7da-2f827a5c0d81",
        "Name" : "GetStringPropertyValue",
        "Parameters" : {
          "propertyName" : "KBLocalLineThing"
        },
        "RefreshInterval" : 0,
        "Target" : "GetStringPropertyValue"
      }, {
        "APIMethod" : "get",
        "Characteristic" : "Services",
        "Id" : "922d5307-f5cd-42fb-a478-f7eb45ff6f33",
        "Name" : "SetProperties",
        "Parameters" : { },
        "RefreshInterval" : 0,
        "Target" : "SetProperties"
      }, {
        "APIMethod" : "post",
        "Characteristic" : "Services",
        "Id" : "f2d0aa65-8506-45b0-a80a-6136ea80c44e",
        "Name" : "GetIntegerPropertyValue",
        "Parameters" : {
          "propertyName" : "SetOIStatusAutomaticallyAfterXminutes"
        },
        "RefreshInterval" : 0,
        "Target" : "GetIntegerPropertyValue"
      }, {
        "APIMethod" : "post",
        "Characteristic" : "Services",
        "Id" : "0d9fcca9-a162-4198-ac3b-de4c1943f2d2",
        "Name" : "GetStringPropertyValue1",
        "Parameters" : {
          "propertyName" : "DisplayName"
        },
        "RefreshInterval" : 0,
        "Target" : "GetStringPropertyValue"
      }, {
        "APIMethod" : "post",
        "Characteristic" : "Services",
        "Id" : "93579551-664d-44ab-807b-ca076612ec9d",
        "Name" : "GetBooleanPropertyValue",
        "Parameters" : {
          "propertyName" : "IsOperatorInputScreenUsedForThisStation"
        },
        "RefreshInterval" : 0,
        "Target" : "GetBooleanPropertyValue"
      }, {
        "APIMethod" : "post",
        "Characteristic" : "Services",
        "Id" : "da2475ef-fc98-4c7a-bd82-8429cd710322",
        "Name" : "GetStringPropertyValue2",
        "Parameters" : {
          "propertyName" : "FullName"
        },
        "RefreshInterval" : 0,
        "Target" : "GetStringPropertyValue"
      }, {
        "APIMethod" : "post",
        "Characteristic" : "Services",
        "Id" : "efb1c5ed-17ac-46f6-b3b1-a9819a577a7c",
        "Name" : "GetBooleanPropertyValue1",
        "Parameters" : {
          "propertyName" : "isActive"
        },
        "RefreshInterval" : 0,
        "Target" : "GetBooleanPropertyValue"
      } ]
    },
    "Session" : {
      "DataName" : "Session",
      "EntityName" : "",
      "EntityType" : "Session",
      "Id" : "session",
      "Services" : [ {
        "APIMethod" : "post",
        "Characteristic" : "Services",
        "Id" : "SessionInterface",
        "Name" : "GetGlobalSessionValues",
        "Parameters" : { },
        "RefreshInterval" : 0,
        "Target" : "GetGlobalSessionValues"
      } ]
    },
    "ThingTemplates_KBLocalStationThingTemplate" : {
      "DataName" : "ThingTemplates_KBLocalStationThingTemplate",
      "EntityName" : "KBLocalStationThingTemplate",
      "EntityType" : "ThingTemplates",
      "Id" : "c466c845-03c8-4483-a275-77457e413603",
      "Services" : [ {
        "APIMethod" : "post",
        "Characteristic" : "Services",
        "Id" : "bc8efb35-bd49-40b0-9b98-4746d732f222",
        "Name" : "GetImplementingThingsWithData",
        "Parameters" : { },
        "RefreshInterval" : 0,
        "Target" : "GetImplementingThingsWithData"
      }, {
        "APIMethod" : "post",
        "Characteristic" : "Services",
        "Id" : "dff9483d-b2f4-4184-8642-eb8f2560ad32",
        "Name" : "GetImplementingThings",
        "Parameters" : { },
        "RefreshInterval" : 0,
        "Target" : "GetImplementingThings"
      } ]
    },
    "UserExtensions" : {
      "DataName" : "UserExtensions",
      "EntityName" : "",
      "EntityType" : "UserExtensions",
      "Id" : "UserExtensions",
      "Services" : [ {
        "APIMethod" : "post",
        "Characteristic" : "Services",
        "Id" : "UserExtensionInterface",
        "Name" : "GetCurrentUserExtensionProperties",
        "Parameters" : { },
        "RefreshInterval" : 0,
        "Target" : "GetCurrentUserExtensionProperties"
      } ]
    }
  },
  "DataBindings" : [ {
    "Id" : "e1c48b67-8a04-4d9e-8780-6442874ce373",
    "PropertyMaps" : [ {
      "SourceProperty" : "Entity",
      "SourcePropertyBaseType" : "THINGNAME",
      "TargetProperty" : "KBLocalLineThing",
      "TargetPropertyBaseType" : "THINGNAME",
      "TargetPropertyType" : "Property"
    } ],
    "SourceArea" : "UI",
    "SourceId" : "entitypicker-15",
    "SourceSection" : "",
    "TargetArea" : "Data",
    "TargetId" : "SetProperties",
    "TargetSection" : "DynamicThingTemplates_KBLocalStationThingTemplate"
  }, {
    "Id" : "5df3d6ca-49b6-473f-abbe-6010b0566baa",
    "PropertyMaps" : [ {
      "SourceProperty" : "",
      "SourcePropertyBaseType" : "INFOTABLE",
      "SourcePropertyType" : "InfoTable",
      "TargetProperty" : "Data",
      "TargetPropertyBaseType" : "INFOTABLE",
      "TargetPropertyType" : "property"
    } ],
    "SourceArea" : "Data",
    "SourceDetails" : "AllData",
    "SourceId" : "GetImplementingThingsWithData",
    "SourceSection" : "ThingTemplates_KBLocalStationThingTemplate",
    "TargetArea" : "UI",
    "TargetId" : "dhxgrid-18",
    "TargetSection" : ""
  }, {
    "Id" : "ec29007a-00a1-4e62-b7e0-c4c5e2d346cf",
    "PropertyMaps" : [ {
      "SourceProperty" : "",
      "SourcePropertyBaseType" : "INFOTABLE",
      "SourcePropertyType" : "InfoTable",
      "TargetProperty" : "Data",
      "TargetPropertyBaseType" : "INFOTABLE",
      "TargetPropertyType" : "property"
    } ],
    "SourceArea" : "Data",
    "SourceDetails" : "AllData",
    "SourceId" : "GetImplementingThings",
    "SourceSection" : "ThingTemplates_KBLocalStationThingTemplate",
    "TargetArea" : "UI",
    "TargetId" : "dhxlist-13",
    "TargetSection" : ""
  }, {
    "Id" : "c8042567-cdf5-4204-a802-532fcd294cc7",
    "PropertyMaps" : [ {
      "SourceProperty" : "name",
      "SourcePropertyBaseType" : "STRING",
      "TargetProperty" : "value",
      "TargetPropertyBaseType" : "THINGNAME",
      "TargetPropertyType" : "Entity"
    } ],
    "SourceArea" : "Data",
    "SourceDetails" : "SelectedRows",
    "SourceId" : "GetImplementingThings",
    "SourceSection" : "ThingTemplates_KBLocalStationThingTemplate",
    "TargetArea" : "Data",
    "TargetId" : "EntityName",
    "TargetSection" : "DynamicThingTemplates_KBLocalStationThingTemplate"
  }, {
    "Id" : "fbe23d3f-d07f-4f01-9386-cd2fba0c7b5d",
    "PropertyMaps" : [ {
      "SourceProperty" : "result",
      "SourcePropertyBaseType" : "STRING",
      "SourcePropertyType" : "Field",
      "TargetProperty" : "Entity",
      "TargetPropertyBaseType" : "THINGNAME",
      "TargetPropertyType" : "property"
    } ],
    "SourceArea" : "Data",
    "SourceDetails" : "AllData",
    "SourceId" : "GetStringPropertyValue",
    "SourceSection" : "DynamicThingTemplates_KBLocalStationThingTemplate",
    "TargetArea" : "UI",
    "TargetId" : "entitypicker-15",
    "TargetSection" : ""
  }, {
    "Id" : "fe0d924c-edec-4418-9766-0b1bacfc43d3",
    "PropertyMaps" : [ {
      "SourceProperty" : "result",
      "SourcePropertyBaseType" : "INTEGER",
      "SourcePropertyType" : "Field",
      "TargetProperty" : "Value",
      "TargetPropertyBaseType" : "NUMBER",
      "TargetPropertyType" : "property"
    } ],
    "SourceArea" : "Data",
    "SourceDetails" : "AllData",
    "SourceId" : "GetIntegerPropertyValue",
    "SourceSection" : "DynamicThingTemplates_KBLocalStationThingTemplate",
    "TargetArea" : "UI",
    "TargetId" : "verticalslider-20",
    "TargetSection" : ""
  }, {
    "Id" : "92f76fe1-1f2a-4c7a-a5f6-3de1399def40",
    "PropertyMaps" : [ {
      "SourceProperty" : "Value",
      "SourcePropertyBaseType" : "NUMBER",
      "TargetProperty" : "SetOIStatusAutomaticallyAfterXminutes",
      "TargetPropertyBaseType" : "INTEGER",
      "TargetPropertyType" : "Property"
    } ],
    "SourceArea" : "UI",
    "SourceId" : "verticalslider-20",
    "SourceSection" : "",
    "TargetArea" : "Data",
    "TargetId" : "SetProperties",
    "TargetSection" : "DynamicThingTemplates_KBLocalStationThingTemplate"
  }, {
    "Id" : "4c2b3891-b0d1-44d2-b30c-c4814e8c78e2",
    "PropertyMaps" : [ {
      "SourceProperty" : "result",
      "SourcePropertyBaseType" : "STRING",
      "SourcePropertyType" : "Field",
      "TargetProperty" : "Text",
      "TargetPropertyBaseType" : "STRING",
      "TargetPropertyType" : "property"
    } ],
    "SourceArea" : "Data",
    "SourceDetails" : "AllData",
    "SourceId" : "GetStringPropertyValue1",
    "SourceSection" : "DynamicThingTemplates_KBLocalStationThingTemplate",
    "TargetArea" : "UI",
    "TargetId" : "textbox-22",
    "TargetSection" : ""
  }, {
    "Id" : "1a600b85-200e-415a-97c0-ae74c6e79ee8",
    "PropertyMaps" : [ {
      "SourceProperty" : "Text",
      "SourcePropertyBaseType" : "STRING",
      "TargetProperty" : "DisplayName",
      "TargetPropertyBaseType" : "STRING",
      "TargetPropertyType" : "Property"
    } ],
    "SourceArea" : "UI",
    "SourceId" : "textbox-22",
    "SourceSection" : "",
    "TargetArea" : "Data",
    "TargetId" : "SetProperties",
    "TargetSection" : "DynamicThingTemplates_KBLocalStationThingTemplate"
  }, {
    "Id" : "4f402e3c-65f8-489f-b308-4c4a703ed0f7",
    "PropertyMaps" : [ {
      "SourceProperty" : "result",
      "SourcePropertyBaseType" : "BOOLEAN",
      "SourcePropertyType" : "Field",
      "TargetProperty" : "State",
      "TargetPropertyBaseType" : "BOOLEAN",
      "TargetPropertyType" : "property"
    } ],
    "SourceArea" : "Data",
    "SourceDetails" : "AllData",
    "SourceId" : "GetBooleanPropertyValue",
    "SourceSection" : "DynamicThingTemplates_KBLocalStationThingTemplate",
    "TargetArea" : "UI",
    "TargetId" : "checkbox-27",
    "TargetSection" : ""
  }, {
    "Id" : "a40961ea-5b38-4c9b-825c-f5fecc13c2b5",
    "PropertyMaps" : [ {
      "SourceProperty" : "State",
      "SourcePropertyBaseType" : "BOOLEAN",
      "TargetProperty" : "IsOperatorInputScreenUsedForThisStation",
      "TargetPropertyBaseType" : "BOOLEAN",
      "TargetPropertyType" : "Property"
    } ],
    "SourceArea" : "UI",
    "SourceId" : "checkbox-27",
    "SourceSection" : "",
    "TargetArea" : "Data",
    "TargetId" : "SetProperties",
    "TargetSection" : "DynamicThingTemplates_KBLocalStationThingTemplate"
  }, {
    "Id" : "a4c682af-3d0b-4cb7-ab3c-ee379ddc535b",
    "PropertyMaps" : [ {
      "SourceProperty" : "result",
      "SourcePropertyBaseType" : "STRING",
      "SourcePropertyType" : "Field",
      "TargetProperty" : "Text",
      "TargetPropertyBaseType" : "STRING",
      "TargetPropertyType" : "property"
    } ],
    "SourceArea" : "Data",
    "SourceDetails" : "AllData",
    "SourceId" : "GetStringPropertyValue2",
    "SourceSection" : "DynamicThingTemplates_KBLocalStationThingTemplate",
    "TargetArea" : "UI",
    "TargetId" : "textbox-29",
    "TargetSection" : ""
  }, {
    "Id" : "67f638e4-ac79-4580-b90a-ce95d0682f4a",
    "PropertyMaps" : [ {
      "SourceProperty" : "result",
      "SourcePropertyBaseType" : "BOOLEAN",
      "SourcePropertyType" : "Field",
      "TargetProperty" : "State",
      "TargetPropertyBaseType" : "BOOLEAN",
      "TargetPropertyType" : "property"
    } ],
    "SourceArea" : "Data",
    "SourceDetails" : "AllData",
    "SourceId" : "GetBooleanPropertyValue1",
    "SourceSection" : "DynamicThingTemplates_KBLocalStationThingTemplate",
    "TargetArea" : "UI",
    "TargetId" : "checkbox-30",
    "TargetSection" : ""
  }, {
    "Id" : "0b31edaf-84f2-4749-8865-69f99d8921a3",
    "PropertyMaps" : [ {
      "SourceProperty" : "Text",
      "SourcePropertyBaseType" : "STRING",
      "TargetProperty" : "FullName",
      "TargetPropertyBaseType" : "STRING",
      "TargetPropertyType" : "Property"
    } ],
    "SourceArea" : "UI",
    "SourceId" : "textbox-29",
    "SourceSection" : "",
    "TargetArea" : "Data",
    "TargetId" : "SetProperties",
    "TargetSection" : "DynamicThingTemplates_KBLocalStationThingTemplate"
  }, {
    "Id" : "20afae0f-7376-4255-bb54-94a5253fa987",
    "PropertyMaps" : [ {
      "SourceProperty" : "State",
      "SourcePropertyBaseType" : "BOOLEAN",
      "TargetProperty" : "isActive",
      "TargetPropertyBaseType" : "BOOLEAN",
      "TargetPropertyType" : "Property"
    } ],
    "SourceArea" : "UI",
    "SourceId" : "checkbox-30",
    "SourceSection" : "",
    "TargetArea" : "Data",
    "TargetId" : "SetProperties",
    "TargetSection" : "DynamicThingTemplates_KBLocalStationThingTemplate"
  } ],
  "DesignTimePermissions" : { },
  "Events" : [ {
    "EventHandlerArea" : "Data",
    "EventHandlerId" : "DynamicThingTemplates_KBLocalStationThingTemplate",
    "EventHandlerService" : "SetProperties",
    "EventTriggerArea" : "UI",
    "EventTriggerEvent" : "Clicked",
    "EventTriggerId" : "button-17",
    "EventTriggerSection" : "",
    "Id" : "1b69ab1a-6047-4e8c-98c9-982b692ec120"
  }, {
    "EventHandlerArea" : "Data",
    "EventHandlerId" : "ThingTemplates_KBLocalStationThingTemplate",
    "EventHandlerService" : "GetImplementingThingsWithData",
    "EventTriggerArea" : "Mashup",
    "EventTriggerEvent" : "Loaded",
    "EventTriggerId" : "mashup-root",
    "EventTriggerSection" : "",
    "Id" : "e5bb94e8-3a27-48b9-8777-52335ac07811"
  }, {
    "EventHandlerArea" : "Data",
    "EventHandlerId" : "ThingTemplates_KBLocalStationThingTemplate",
    "EventHandlerService" : "GetImplementingThings",
    "EventTriggerArea" : "Mashup",
    "EventTriggerEvent" : "Loaded",
    "EventTriggerId" : "mashup-root",
    "EventTriggerSection" : "",
    "Id" : "51f9ae54-0fc1-45fd-8496-d77a0f2f7033"
  }, {
    "EventHandlerArea" : "Data",
    "EventHandlerId" : "DynamicThingTemplates_KBLocalStationThingTemplate",
    "EventHandlerService" : "GetStringPropertyValue",
    "EventTriggerArea" : "Data",
    "EventTriggerEvent" : "SelectedRowsChanged",
    "EventTriggerId" : "GetImplementingThings",
    "EventTriggerSection" : "ThingTemplates_KBLocalStationThingTemplate",
    "Id" : "6c332ad1-8808-4551-99e9-514b0a79de2f"
  }, {
    "EventHandlerArea" : "Data",
    "EventHandlerId" : "ThingTemplates_KBLocalStationThingTemplate",
    "EventHandlerService" : "GetImplementingThingsWithData",
    "EventTriggerArea" : "Data",
    "EventTriggerEvent" : "ServiceInvokeCompleted",
    "EventTriggerId" : "SetProperties",
    "EventTriggerSection" : "DynamicThingTemplates_KBLocalStationThingTemplate",
    "Id" : "fd5c2dcc-7a3d-4ed8-9fae-5078f042c4fa"
  }, {
    "EventHandlerArea" : "Data",
    "EventHandlerId" : "DynamicThingTemplates_KBLocalStationThingTemplate",
    "EventHandlerService" : "GetIntegerPropertyValue",
    "EventTriggerArea" : "Data",
    "EventTriggerEvent" : "SelectedRowsChanged",
    "EventTriggerId" : "GetImplementingThings",
    "EventTriggerSection" : "ThingTemplates_KBLocalStationThingTemplate",
    "Id" : "a6bfd27f-a3d6-4b71-ae76-9510991f9686"
  }, {
    "EventHandlerArea" : "Data",
    "EventHandlerId" : "DynamicThingTemplates_KBLocalStationThingTemplate",
    "EventHandlerService" : "GetStringPropertyValue1",
    "EventTriggerArea" : "Data",
    "EventTriggerEvent" : "SelectedRowsChanged",
    "EventTriggerId" : "GetImplementingThings",
    "EventTriggerSection" : "ThingTemplates_KBLocalStationThingTemplate",
    "Id" : "c60bfbeb-73f9-49cc-b874-a6a5661715ed"
  }, {
    "EventHandlerArea" : "Data",
    "EventHandlerId" : "ThingTemplates_KBLocalStationThingTemplate",
    "EventHandlerService" : "GetImplementingThings",
    "EventTriggerArea" : "UI",
    "EventTriggerEvent" : "PopupClosed",
    "EventTriggerId" : "navigation-25",
    "EventTriggerSection" : "",
    "Id" : "9419fa9c-ca26-41c2-8dd4-014ef8d1c55b"
  }, {
    "EventHandlerArea" : "Data",
    "EventHandlerId" : "ThingTemplates_KBLocalStationThingTemplate",
    "EventHandlerService" : "GetImplementingThingsWithData",
    "EventTriggerArea" : "UI",
    "EventTriggerEvent" : "PopupClosed",
    "EventTriggerId" : "navigation-25",
    "EventTriggerSection" : "",
    "Id" : "cfd2cd0e-9925-4766-941a-d7300a26b6e0"
  }, {
    "EventHandlerArea" : "Data",
    "EventHandlerId" : "DynamicThingTemplates_KBLocalStationThingTemplate",
    "EventHandlerService" : "GetBooleanPropertyValue",
    "EventTriggerArea" : "Data",
    "EventTriggerEvent" : "SelectedRowsChanged",
    "EventTriggerId" : "GetImplementingThings",
    "EventTriggerSection" : "ThingTemplates_KBLocalStationThingTemplate",
    "Id" : "da14b217-a8fa-412b-b602-4644239fb865"
  }, {
    "EventHandlerArea" : "Data",
    "EventHandlerId" : "DynamicThingTemplates_KBLocalStationThingTemplate",
    "EventHandlerService" : "GetStringPropertyValue2",
    "EventTriggerArea" : "Data",
    "EventTriggerEvent" : "SelectedRowsChanged",
    "EventTriggerId" : "GetImplementingThings",
    "EventTriggerSection" : "ThingTemplates_KBLocalStationThingTemplate",
    "Id" : "ffd78b55-7220-4241-b14e-f5fbe38b0f49"
  }, {
    "EventHandlerArea" : "Data",
    "EventHandlerId" : "DynamicThingTemplates_KBLocalStationThingTemplate",
    "EventHandlerService" : "GetBooleanPropertyValue1",
    "EventTriggerArea" : "Data",
    "EventTriggerEvent" : "SelectedRowsChanged",
    "EventTriggerId" : "GetImplementingThings",
    "EventTriggerSection" : "ThingTemplates_KBLocalStationThingTemplate",
    "Id" : "2fbeedc4-b729-4d2f-bb9e-74df9ed719fa"
  } ],
  "RunTimePermissions" : { },
  "UI" : {
    "Properties" : {
      "AddToDashboardButtonStyle" : "DefaultAddToDashboardButtonStyle",
      "Area" : "Mashup",
      "BGImageRepeat" : "no-repeat",
      "BGImageSize" : "auto",
      "Columns" : 0,
      "ConfigureGadgetButtonStyle" : "DefaultConfigureGadgetButtonStyle",
      "DisplayName" : "Mashup",
      "EnableParameterEditing" : false,
      "Height" : 618,
      "Id" : "mashup-root",
      "IgnoreWarningsInViewMashup" : false,
      "IsPrintLayout" : false,
      "Left" : 0,
      "MashupToEditGadget" : "DefaultMashupToEditGadget",
      "Master" : "KBSmartProductionMaster1Mashup",
      "MinHeight" : 0,
      "MinWidth" : 0,
      "ResponsiveLayout" : true,
      "Rows" : 0,
      "ShowDataLoading" : true,
      "Style" : "DefaultMashupStyle",
      "Title" : "",
      "TitleBar" : false,
      "TitleBarStyle" : "DefaultTitleBarStyle",
      "TitleBarText" : "Gadget Title Here",
      "Top" : 0,
      "Type" : "mashup",
      "Visible" : true,
      "Width" : 1024,
      "Z-index" : 10,
      "__TypeDisplayName" : "Mashup",
      "id_index" : 30,
      "supportsAutoResize" : true
    },
    "Widgets" : [ {
      "Properties" : {
        "Area" : "UI",
        "Columns" : 0,
        "DisplayName" : "layout-6",
        "Footer" : false,
        "FooterHeight" : 0,
        "Header" : true,
        "HeaderHeight" : 300,
        "Id" : "layout-6",
        "IncludeSpacingInFixedAreas" : false,
        "IsPrintLayout" : false,
        "Left" : 145,
        "LeftSidebar" : false,
        "LeftSidebarWidth" : 0,
        "Orientation" : "vertical",
        "PctColumn1" : 50,
        "PctColumn2" : 50,
        "PctColumn3" : 1,
        "PctColumn4" : 1,
        "PctColumn5" : 1,
        "PctColumn6" : 1,
        "PctColumn7" : 1,
        "PctColumn8" : 1,
        "PctRow1" : 100,
        "PctRow2" : 100,
        "PctRow3" : 0,
        "PctRow4" : 0,
        "PctRow5" : 0,
        "PctRow6" : 0,
        "PctRow7" : 0,
        "PctRow8" : 0,
        "PrintMarginLeftRight" : 0.5,
        "PrintMarginTopBottom" : 0.5,
        "PrintWidth" : 650,
        "ResponsiveLayout" : true,
        "RightSidebar" : false,
        "RightSidebarWidth" : 0,
        "Rows" : 1,
        "ShowDataLoading" : true,
        "Spacing" : 2,
        "Top" : 155,
        "Type" : "layout",
        "Visible" : true,
        "Z-index" : 10,
        "__TypeDisplayName" : "Layout"
      },
      "Widgets" : [ {
        "Properties" : {
          "AnimateExpandCollapse" : true,
          "Area" : "UI",
          "BGImageRepeat" : "no-repeat",
          "BGImageSize" : "auto",
          "DisplayName" : "Header",
          "ExpandCollapseTabLocation" : "outside",
          "Expanded" : true,
          "Id" : "container-7",
          "MinHeight" : 0,
          "MinWidth" : 0,
          "Overlay" : false,
          "OverlayIsTransparent" : false,
          "ResponsiveLayout" : true,
          "ShowDataLoading" : true,
          "ShowExpandCollapseTab" : false,
          "Style" : "DefaultContainerStyle",
          "TabCollapseStyle" : "DefaultTabCollapseStyle",
          "TabExpandStyle" : "DefaultTabExpandStyle",
          "TabHeight" : 36,
          "TabLocation" : "center",
          "TabOffset" : 0,
          "TabWidth" : 36,
          "Type" : "container",
          "Visible" : true,
          "Z-index" : 10,
          "__TypeDisplayName" : "Container"
        },
        "Widgets" : [ {
          "Properties" : {
            "Area" : "UI",
            "DisplayName" : "panel-9",
            "Height" : 200,
            "HideScrollbars" : false,
            "HorizontalAnchor" : "left",
            "Id" : "panel-9",
            "Left" : 325,
            "ResponsiveLayout" : true,
            "ShowDataLoading" : true,
            "Style" : "DefaultPanelStyle",
            "Top" : 30,
            "Type" : "panel",
            "VerticalAnchor" : "top",
            "Visible" : true,
            "Width" : 300,
            "Z-index" : 10,
            "__TypeDisplayName" : "Panel"
          },
          "Widgets" : [ {
            "Properties" : {
              "Alignment" : "left",
              "AllowEllipsis" : false,
              "Area" : "UI",
              "CustomClass" : "",
              "DisplayName" : "label-10",
              "Height" : 22,
              "Id" : "label-10",
              "Left" : 20,
              "ResponsiveLayout" : false,
              "ShowDataLoading" : true,
              "Style" : "KB.BigLabelStyle",
              "Text" : "Station Overview",
              "ToolTipField" : "",
              "ToolTipStyle" : "DefaultTooltipStyle",
              "Top" : 15,
              "Type" : "label",
              "Visible" : true,
              "Width" : 185,
              "Z-index" : 10,
              "__TypeDisplayName" : "Label",
              "__supportsTooltip" : true
            },
            "Widgets" : [ ]
          }, {
            "Properties" : {
              "Alignment" : "left",
              "Area" : "UI",
              "AutoSelectFirstRow" : false,
              "ClearIfNoSelection" : false,
              "ComboDropdownButtonStyle" : "DefaultComboDropdownButtonStyle",
              "ComboEnableCheckbox" : false,
              "ComboItemHighlightedStyle" : "DefaultComboItemHighlightedStyle",
              "ComboTextboxStyle" : "DefaultComboTextboxStyle",
              "DisableSelectedStyle" : false,
              "DisplayField" : "name",
              "DisplayName" : "dhxlist-13",
              "DropdownButtonStyle" : "DefaultDropdownButtonStyle",
              "DropdownSelectedStyle" : "DefaultDropdownSelectedStyle",
              "DropdownStyle" : "DefaultDropdownStyle",
              "EnableKeyboardSelections" : true,
              "Height" : 28,
              "HeightOfDropdownView" : 170,
              "Id" : "dhxlist-13",
              "Label" : "",
              "LabelAlignment" : "left",
              "Left" : 20,
              "ListBackgroundStyle" : "DefaultListBackgroundStyle",
              "ListFocusStyle" : "DefaultFocusStyle",
              "ListItemAlternateStyle" : "DefaultListItemAlternateStyle",
              "ListItemHoverStyle" : "DefaultListItemHoverStyle",
              "ListItemSelectedStyle" : "DefaultListItemSelectedStyle",
              "ListItemStyle" : "DefaultListItemStyle",
              "ListLabelStyle" : "DefaultWidgetLabelStyle",
              "MultiSelect" : false,
              "NumberOfItemsInDropdownView" : 6,
              "ResponsiveLayout" : false,
              "RowHeight" : 28,
              "ShowDataLoading" : true,
              "SingleClickSelectOnTablets" : false,
              "TabSequence" : -1,
              "TextIfNoSelectionType" : "editable",
              "ToolTipStyle" : "DefaultTooltipStyle",
              "Top" : 55,
              "Type" : "dhxlist",
              "ValueField" : "name",
              "View" : "dropdown",
              "Visible" : true,
              "Width" : 515,
              "WidthOfDropdownView" : 500,
              "Z-index" : 10,
              "__TypeDisplayName" : "List",
              "__supportsLabel" : true,
              "__supportsTooltip" : true
            },
            "Widgets" : [ ]
          }, {
            "Properties" : {
              "Alignment" : "left",
              "AllowEllipsis" : false,
              "Area" : "UI",
              "CustomClass" : "",
              "DisplayName" : "label-16",
              "Height" : 22,
              "Id" : "label-16",
              "Left" : 25,
              "ResponsiveLayout" : false,
              "ShowDataLoading" : true,
              "Style" : "DefaultLabelStyle",
              "Text" : "Local Line:",
              "ToolTipField" : "",
              "ToolTipStyle" : "DefaultTooltipStyle",
              "Top" : 168,
              "Type" : "label",
              "Visible" : true,
              "Width" : 75,
              "Z-index" : 10,
              "__TypeDisplayName" : "Label",
              "__supportsTooltip" : true
            },
            "Widgets" : [ ]
          }, {
            "Properties" : {
              "Area" : "UI",
              "DisplayName" : "entitypicker-15",
              "EntityType" : "Things",
              "FocusStyle" : "DefaultFocusStyle",
              "Height" : 30,
              "Id" : "entitypicker-15",
              "IncludeSystemObjects" : false,
              "Left" : 225,
              "ResponsiveLayout" : false,
              "SearchIncludesDescriptions" : true,
              "SearchTerm" : "",
              "ShowAdvanced" : true,
              "ShowDataLoading" : true,
              "TabSequence" : 0,
              "ThingTemplate" : "KBLocalMachineThingTemplate",
              "Top" : 160,
              "Type" : "entitypicker",
              "UseMostRecentlyUsed" : true,
              "Visible" : true,
              "Width" : 310,
              "Z-index" : 10,
              "__TypeDisplayName" : "Entity Picker"
            },
            "Widgets" : [ ]
          }, {
            "Properties" : {
              "ActiveStyle" : "DefaultButtonActiveStyle",
              "Area" : "UI",
              "CancelConfirmationButton" : "button2",
              "ConfirmationButton1Label" : "Yes",
              "ConfirmationButton2Label" : "No",
              "ConfirmationPrompt" : "Do Action?",
              "ConfirmationRequired" : false,
              "ConfirmationTitle" : "Confirm Action",
              "ContextId" : "",
              "DefaultConfirmationButton" : "button1",
              "Disabled" : false,
              "DisabledStyle" : "DefaultButtonDisabledStyle",
              "DisplayName" : "button-17",
              "FocusStyle" : "DefaultButtonFocusStyle",
              "Height" : 30,
              "HoverStyle" : "DefaultButtonHoverStyle",
              "IconAlignment" : "left",
              "Id" : "button-17",
              "Label" : "Save",
              "Left" : 25,
              "ResponsiveLayout" : false,
              "RoundedCorners" : true,
              "ShowDataLoading" : true,
              "Style" : "DefaultButtonStyle",
              "TabSequence" : 0,
              "ToolTipField" : "",
              "ToolTipStyle" : "DefaultTooltipStyle",
              "Top" : 255,
              "Type" : "button",
              "Visible" : true,
              "Width" : 75,
              "Z-index" : 10,
              "__TypeDisplayName" : "Button",
              "__supportsTooltip" : true
            },
            "Widgets" : [ ]
          }, {
            "Properties" : {
              "Area" : "UI",
              "DisplayMinMaxLabels" : true,
              "DisplayName" : "verticalslider-20",
              "DisplayValueLabel" : true,
              "Height" : 200,
              "Id" : "verticalslider-20",
              "Left" : 580,
              "Maximum" : 10,
              "Minimum" : 0,
              "ResponsiveLayout" : false,
              "ShowDataLoading" : true,
              "Skin" : "Default",
              "SliderBGStyle" : "DefaultSliderBGStyle",
              "SliderBar" : "Thick",
              "SliderHandle" : "Square",
              "SliderHandleStyle" : "DefaultSliderHandleStyle",
              "SliderMaxStyle" : "DefaultSliderMaxStyle",
              "SliderMinStyle" : "DefaultSliderMinStyle",
              "SliderTrackerProgressStyle" : "DefaultSliderTrackerProgressStyle",
              "SliderTrackerStyle" : "DefaultSliderTrackerStyle",
              "SliderValueStyle" : "DefaultSliderValueStyle",
              "Step" : 1,
              "SteppingMode" : false,
              "Top" : 30,
              "TrackingMode" : false,
              "Type" : "verticalslider",
              "Value" : 0,
              "Vertical" : true,
              "Visible" : true,
              "Width" : 57,
              "Z-index" : 10,
              "__TypeDisplayName" : "Vertical Slider"
            },
            "Widgets" : [ ]
          }, {
            "Properties" : {
              "Alignment" : "left",
              "AllowEllipsis" : false,
              "Area" : "UI",
              "DisplayName" : "label-21",
              "Height" : 22,
              "Id" : "label-21",
              "Left" : 530,
              "ResponsiveLayout" : false,
              "ShowDataLoading" : true,
              "Style" : "DefaultLabelStyle",
              "Text" : "Set OI Status Automatically After X minutes",
              "ToolTipField" : "",
              "ToolTipStyle" : "DefaultTooltipStyle",
              "Top" : 240,
              "Type" : "label",
              "Visible" : true,
              "Width" : 160,
              "Z-index" : 10,
              "__TypeDisplayName" : "Label",
              "__supportsTooltip" : true
            },
            "Widgets" : [ ]
          }, {
            "Properties" : {
              "Area" : "UI",
              "CursorPosition" : 0,
              "DefaultTextboxFocusStyle" : "DefaultFocusStyle",
              "DisplayName" : "textbox-22",
              "Height" : 24,
              "Id" : "textbox-22",
              "InnerShadow" : true,
              "Label" : "",
              "LabelAlignment" : "left",
              "Left" : 225,
              "MaskInputCharacters" : false,
              "PlaceholderText" : "",
              "ReadOnly" : false,
              "ResponsiveLayout" : false,
              "ShowDataLoading" : true,
              "Style" : "DefaultTextBoxStyle",
              "TabSequence" : 0,
              "Text" : "",
              "TextAlign" : "left",
              "TextboxLabelStyle" : "DefaultWidgetLabelStyle",
              "ToolTipField" : "",
              "ToolTipStyle" : "DefaultTooltipStyle",
              "Top" : 100,
              "Type" : "textbox",
              "Visible" : true,
              "Width" : 310,
              "Z-index" : 10,
              "__TypeDisplayName" : "TextBox",
              "__supportsLabel" : true,
              "__supportsTooltip" : true
            },
            "Widgets" : [ ]
          }, {
            "Properties" : {
              "Alignment" : "left",
              "AllowEllipsis" : false,
              "Area" : "UI",
              "Description" : "",
              "DisplayName" : "label-23",
              "Height" : 22,
              "Id" : "label-23",
              "Left" : 25,
              "ResponsiveLayout" : false,
              "ShowDataLoading" : true,
              "Style" : "DefaultLabelStyle",
              "Text" : "Display Name:",
              "ToolTipField" : "",
              "ToolTipStyle" : "DefaultTooltipStyle",
              "Top" : 102,
              "Type" : "label",
              "Visible" : true,
              "Width" : 75,
              "Z-index" : 10,
              "__TypeDisplayName" : "Label",
              "__supportsTooltip" : true
            },
            "Widgets" : [ ]
          }, {
            "Properties" : {
              "Alignment" : "center",
              "Area" : "UI",
              "ClickOutsideToClose" : false,
              "DisplayName" : "navigation-25",
              "FixedPopupHeight" : 0,
              "FixedPopupWidth" : 0,
              "Height" : 30,
              "IconAlignment" : "left",
              "Id" : "navigation-25",
              "Left" : 120,
              "MashupName" : "KBStationSetupNameForNewMeshup",
              "MashupParameters" : [ ],
              "MessageToShow" : "Mashup must be selected",
              "ModalPopupOpacity" : 0.5,
              "NavigationActiveStyle" : "DefaultNavigationActiveStyle",
              "NavigationFocusStyle" : "DefaultNavigationFocusStyle",
              "NavigationHoverStyle" : "DefaultNavigationHoverStyle",
              "PopupScrolling" : "auto",
              "PopupTitle" : "",
              "PopupTitleStyle" : "DefaultPopupTitleStyle",
              "ReloadOnReplace" : false,
              "ResponsiveLayout" : false,
              "RoundedCorners" : true,
              "ShowCloseButton" : true,
              "ShowDataLoading" : true,
              "ShowMessageIfNoMashup" : false,
              "Style" : "DefaultNavigationStyle",
              "TabSequence" : 0,
              "TargetWindow" : "popup",
              "Text" : "New",
              "ToolTipField" : "",
              "ToolTipStyle" : "DefaultTooltipStyle",
              "Top" : 255,
              "Transparent" : false,
              "Type" : "navigation",
              "Visible" : true,
              "Width" : 75,
              "Z-index" : 10,
              "__TypeDisplayName" : "Navigation",
              "__supportsTooltip" : true
            },
            "Widgets" : [ ]
          }, {
            "Properties" : {
              "Area" : "UI",
              "Disabled" : false,
              "DisplayName" : "checkbox-27",
              "FocusStyle" : "DefaultFocusStyle",
              "Height" : 20,
              "Id" : "checkbox-27",
              "Left" : 695,
              "Prompt" : "Is operator input screen used for this station",
              "ResponsiveLayout" : false,
              "ShowDataLoading" : true,
              "State" : false,
              "Style" : "DefaultCheckboxStyle",
              "TabSequence" : 0,
              "ToolTipField" : "",
              "ToolTipStyle" : "DefaultTooltipStyle",
              "Top" : 30,
              "Type" : "checkbox",
              "Visible" : true,
              "Width" : 245,
              "Z-index" : 10,
              "__TypeDisplayName" : "Checkbox",
              "__supportsTooltip" : true
            },
            "Widgets" : [ ]
          }, {
            "Properties" : {
              "Alignment" : "left",
              "AllowEllipsis" : false,
              "Area" : "UI",
              "DisplayName" : "label-28",
              "Height" : 22,
              "Id" : "label-28",
              "Left" : 25,
              "ResponsiveLayout" : false,
              "ShowDataLoading" : true,
              "Style" : "DefaultLabelStyle",
              "Text" : "Full Name",
              "ToolTipField" : "",
              "ToolTipStyle" : "DefaultTooltipStyle",
              "Top" : 137,
              "Type" : "label",
              "Visible" : true,
              "Width" : 75,
              "Z-index" : 10,
              "__TypeDisplayName" : "Label",
              "__supportsTooltip" : true
            },
            "Widgets" : [ ]
          }, {
            "Properties" : {
              "Area" : "UI",
              "CursorPosition" : 0,
              "DefaultTextboxFocusStyle" : "DefaultFocusStyle",
              "DisplayName" : "textbox-29",
              "Height" : 24,
              "Id" : "textbox-29",
              "InnerShadow" : true,
              "Label" : "",
              "LabelAlignment" : "left",
              "Left" : 225,
              "MaskInputCharacters" : false,
              "PlaceholderText" : "",
              "ReadOnly" : false,
              "ResponsiveLayout" : false,
              "ShowDataLoading" : true,
              "Style" : "DefaultTextBoxStyle",
              "TabSequence" : 0,
              "Text" : "",
              "TextAlign" : "left",
              "TextboxLabelStyle" : "DefaultWidgetLabelStyle",
              "ToolTipField" : "",
              "ToolTipStyle" : "DefaultTooltipStyle",
              "Top" : 135,
              "Type" : "textbox",
              "Visible" : true,
              "Width" : 310,
              "Z-index" : 10,
              "__TypeDisplayName" : "TextBox",
              "__supportsLabel" : true,
              "__supportsTooltip" : true
            },
            "Widgets" : [ ]
          }, {
            "Properties" : {
              "Area" : "UI",
              "Disabled" : false,
              "DisplayName" : "checkbox-30",
              "FocusStyle" : "DefaultFocusStyle",
              "Height" : 20,
              "Id" : "checkbox-30",
              "Left" : 695,
              "Prompt" : "is Active",
              "ResponsiveLayout" : false,
              "ShowDataLoading" : true,
              "State" : false,
              "Style" : "DefaultCheckboxStyle",
              "TabSequence" : 0,
              "ToolTipField" : "",
              "ToolTipStyle" : "DefaultTooltipStyle",
              "Top" : 55,
              "Type" : "checkbox",
              "Visible" : true,
              "Width" : 120,
              "Z-index" : 10,
              "__TypeDisplayName" : "Checkbox",
              "__supportsTooltip" : true
            },
            "Widgets" : [ ]
          } ]
        } ]
      }, {
        "Properties" : {
          "AnimateExpandCollapse" : true,
          "Area" : "UI",
          "BGImageRepeat" : "no-repeat",
          "BGImageSize" : "auto",
          "DisplayName" : "Row 1",
          "ExpandCollapseTabLocation" : "outside",
          "Expanded" : true,
          "Id" : "container-8",
          "MinHeight" : 0,
          "MinWidth" : 0,
          "Overlay" : false,
          "OverlayIsTransparent" : false,
          "ResponsiveLayout" : true,
          "ShowDataLoading" : true,
          "ShowExpandCollapseTab" : false,
          "Style" : "DefaultContainerStyle",
          "TabCollapseStyle" : "DefaultTabCollapseStyle",
          "TabExpandStyle" : "DefaultTabExpandStyle",
          "TabHeight" : 36,
          "TabLocation" : "center",
          "TabOffset" : 0,
          "TabWidth" : 36,
          "Type" : "container",
          "Visible" : true,
          "Z-index" : 10,
          "__TypeDisplayName" : "Container"
        },
        "Widgets" : [ {
          "Properties" : {
            "AlignHeader" : false,
            "Area" : "UI",
            "AutoSelectFirstRow" : false,
            "CellTextWrapping" : false,
            "ColumnFormat" : {
              "formatInfo" : [ {
                "Align" : "left",
                "AllowEdit" : false,
                "FieldName" : "name",
                "FormatOptions" : {
                  "FormatString" : "full",
                  "formatInfo" : {
                    "FieldName" : "",
                    "StateDefinition" : "",
                    "StateDefinitionType" : "fixed",
                    "StateFormats" : [ {
                      "state" : "",
                      "stateName" : "fixed"
                    } ]
                  },
                  "renderer" : "STRING",
                  "roundingEnabled" : true
                },
                "Title" : "Thing Name",
                "ValidationExpression" : "",
                "ValidationMessage" : "",
                "Width" : "auto"
              }, {
                "Align" : "left",
                "AllowEdit" : false,
                "FieldName" : "isActive",
                "FormatOptions" : {
                  "FormatString" : "checkbox",
                  "formatInfo" : {
                    "FieldName" : "",
                    "StateDefinition" : "",
                    "StateDefinitionType" : "fixed",
                    "StateFormats" : [ {
                      "state" : "",
                      "stateName" : "fixed"
                    } ]
                  },
                  "renderer" : "BOOLEAN",
                  "roundingEnabled" : true
                },
                "Title" : "is Active",
                "ValidationExpression" : "",
                "ValidationMessage" : "",
                "Width" : "auto"
              }, {
                "Align" : "left",
                "AllowEdit" : false,
                "FieldName" : "DisplayName",
                "FormatOptions" : {
                  "FormatString" : "full",
                  "formatInfo" : {
                    "FieldName" : "",
                    "StateDefinition" : "",
                    "StateDefinitionType" : "fixed",
                    "StateFormats" : [ {
                      "state" : "",
                      "stateName" : "fixed"
                    } ]
                  },
                  "renderer" : "STRING",
                  "roundingEnabled" : true
                },
                "Title" : "Display Name",
                "ValidationExpression" : "",
                "ValidationMessage" : "",
                "Width" : "auto"
              }, {
                "Align" : "left",
                "AllowEdit" : false,
                "FieldName" : "FullName",
                "FormatOptions" : {
                  "FormatString" : "full",
                  "formatInfo" : {
                    "FieldName" : "",
                    "StateDefinition" : "",
                    "StateDefinitionType" : "fixed",
                    "StateFormats" : [ {
                      "state" : "",
                      "stateName" : "fixed"
                    } ]
                  },
                  "renderer" : "STRING",
                  "roundingEnabled" : true
                },
                "Title" : "Full Name",
                "ValidationExpression" : "",
                "ValidationMessage" : "",
                "Width" : "auto"
              }, {
                "Align" : "left",
                "AllowEdit" : false,
                "FieldName" : "KBLocalLineThing",
                "FormatOptions" : {
                  "FormatString" : "text",
                  "formatInfo" : {
                    "FieldName" : "",
                    "StateDefinition" : "",
                    "StateDefinitionType" : "fixed",
                    "StateFormats" : [ {
                      "state" : "",
                      "stateName" : "fixed"
                    } ]
                  },
                  "renderer" : "THINGNAME",
                  "roundingEnabled" : true
                },
                "Title" : "KBLocalLineThing",
                "ValidationExpression" : "",
                "ValidationMessage" : "",
                "Width" : "auto"
              }, {
                "Align" : "right",
                "AllowEdit" : false,
                "FieldName" : "SetOIStatusAutomaticallyAfterXminutes",
                "FormatOptions" : {
                  "FormatString" : "0",
                  "formatInfo" : {
                    "FieldName" : "",
                    "StateDefinition" : "",
                    "StateDefinitionType" : "fixed",
                    "StateFormats" : [ {
                      "state" : "",
                      "stateName" : "fixed"
                    } ]
                  },
                  "renderer" : "INTEGER",
                  "roundingEnabled" : true
                },
                "Title" : "Set OI status automatically after X minutes",
                "ValidationExpression" : "",
                "ValidationMessage" : "",
                "Width" : "auto"
              }, {
                "Align" : "left",
                "AllowEdit" : false,
                "FieldName" : "IsOperatorInputScreenUsedForThisStation",
                "FormatOptions" : {
                  "FormatString" : "checkbox",
                  "formatInfo" : {
                    "FieldName" : "",
                    "StateDefinition" : "",
                    "StateDefinitionType" : "fixed",
                    "StateFormats" : [ {
                      "state" : "",
                      "stateName" : "fixed"
                    } ]
                  },
                  "renderer" : "BOOLEAN",
                  "roundingEnabled" : true
                },
                "Title" : "Is operator input screen used for this station",
                "ValidationExpression" : "",
                "ValidationMessage" : "",
                "Width" : "auto"
              } ]
            },
            "CurrentScrollTop" : 0,
            "DisplayName" : "dhxgrid-18",
            "FocusStyle" : "DefaultFocusStyle",
            "GridBackgroundStyle" : "DefaultGridBackgroundStyle",
            "GridEditableFieldStyle" : "DefaultGridEditableFieldStyle",
            "GridHeaderStyle" : "DefaultGridHeaderStyle",
            "GridHeaderTextCase" : "capitalize",
            "GridInvalidFieldStyle" : "DefaultGridInvalidFieldStyle",
            "Height" : 200,
            "Id" : "dhxgrid-18",
            "IsEditable" : false,
            "IsPrintLayout" : false,
            "Left" : 400,
            "MultiSelect" : false,
            "ResponsiveLayout" : true,
            "RowAlternateBackgroundStyle" : "DefaultRowAlternateBackgroundStyle",
            "RowBackgroundStyle" : "DefaultRowBackgroundStyle",
            "RowFormat_StateParameters" : [ ],
            "RowHeight" : 30,
            "RowHoverStyle" : "DefaultRowHoverStyle",
            "RowSelectedStyle" : "DefaultRowSelectedStyle",
            "ScrollTop" : 0,
            "ShowAllColumns" : false,
            "ShowDataLoading" : true,
            "TabSequence" : 0,
            "Top" : 35,
            "Type" : "dhxgrid",
            "Visible" : true,
            "Width" : 400,
            "Z-index" : 10,
            "__TypeDisplayName" : "Grid"
          },
          "Widgets" : [ ]
        } ]
      } ]
    } ]
  },
  "mashupType" : "mashup"
}]]></mashupContent>
			<ConfigurationChanges>
				<ConfigurationChange changeAction="CREATE"
					changeReason="header : name : updated&#10;"
					timestamp="2019-09-05T16:40:12.815+02:00" user="adm-flassakm" />
				<ConfigurationChange changeAction="MODIFY"
					changeReason="" timestamp="2019-09-05T16:44:50.106+02:00"
					user="adm-flassakm" />
				<ConfigurationChange changeAction="MODIFY"
					changeReason="" timestamp="2019-09-05T16:48:23.289+02:00"
					user="adm-flassakm" />
			</ConfigurationChanges>
		</Mashup>
	</Mashups>
</Entities>