<?xml version="1.0" encoding="UTF-8" standalone="no"?>
<Entities build="b2319" majorVersion="8" minorVersion="4"
	modelPersistenceProviderPackage="MssqlPersistenceProviderPackage"
	revision="4" schemaVersion="1041" universal="">
	<Mashups>
		<Mashup aspect.isResponsive="true" aspect.mashupType="mashup"
			columns="0.0" description="" documentationContent="" homeMashup=""
			lastModifiedDate="2020-06-15T12:47:43.853+02:00"
			name="KBLocalSmartKPIRailOEE2MachineLevelMashup"
			projectName="KBsmartKPI" rows="0.0"
			tags="KBThingWorxInstallationVocabulary:ExtensionSmartKPI">
			<Owner name="adm-flassakm" type="User" />
			<avatar />
			<DesignTimePermissions>
				<Create />
				<Read>
					<Principal isPermitted="true" name="KBMesKitHelperUser"
						type="User" />
				</Read>
				<Update />
				<Delete />
				<Metadata />
			</DesignTimePermissions>
			<RunTimePermissions>
				<Permissions resourceName="*">
					<PropertyRead>
						<Principal isPermitted="true" name="KBMesKitHelperUser"
							type="User" />
						<Principal isPermitted="true" name="KBUserGroup"
							type="Group" />
					</PropertyRead>
					<PropertyWrite />
					<ServiceInvoke>
						<Principal isPermitted="true" name="KBMesKitHelperUser"
							type="User" />
						<Principal isPermitted="true" name="KBUserGroup"
							type="Group" />
					</ServiceInvoke>
					<EventInvoke />
					<EventSubscribe />
				</Permissions>
			</RunTimePermissions>
			<VisibilityPermissions>
				<Visibility>
					<Principal isPermitted="true" name="KBBackGroundWorker"
						type="Organization" />
					<Principal isPermitted="true" name="KBOrganization"
						type="Organization" />
				</Visibility>
			</VisibilityPermissions>
			<ConfigurationTableDefinitions />
			<ConfigurationTables />
			<ParameterDefinitions>
				<FieldDefinition aspect.ordinal="1"
					baseType="STRING" description="" name="CalculationBase" ordinal="0" />
				<FieldDefinition aspect.ordinal="3"
					baseType="DATETIME" description="" name="EndTime" ordinal="0" />
				<FieldDefinition aspect.ordinal="4"
					baseType="STRING" description="" name="KPIType" ordinal="0" />
				<FieldDefinition aspect.ordinal="0"
					baseType="STRING" description="" name="MachineThingName"
					ordinal="0" />
				<FieldDefinition aspect.ordinal="2"
					baseType="DATETIME" description="" name="StartTime" ordinal="0" />
			</ParameterDefinitions>
			<Things>
				<Thing>KBTimeHelperThing</Thing>
			</Things>
			<ThingShapes />
			<ThingTemplates>
				<ThingTemplate>KBKPILocalThingWorxDatabaseTemplate</ThingTemplate>
			</ThingTemplates>
			<mashupContent><![CDATA[{
  "CustomMashupCss" : "",
  "Data" : {
    "DynamicThingTemplates_KBKPILocalThingWorxDatabaseTemplate" : {
      "DataName" : "DynamicThingTemplates_KBKPILocalThingWorxDatabaseTemplate",
      "EntityName" : "KBKPILocalThingWorxDatabaseTemplate",
      "EntityType" : "DynamicThingTemplates",
      "Id" : "7a491fd3-9090-4118-a39b-9356a86f8141",
      "Services" : [ {
        "APIMethod" : "post",
        "Characteristic" : "Services",
        "Id" : "65242144-8ffc-4dd3-abf3-2af00676e39b",
        "Name" : "GetOeeUtilizationRail",
        "Parameters" : { },
        "RefreshInterval" : 0,
        "Target" : "GetOeeUtilizationRail"
      }, {
        "APIMethod" : "post",
        "Characteristic" : "Services",
        "Id" : "8cf9e5ce-1acf-461e-89bc-6777807b60c0",
        "Name" : "GetOeeUtilizationRail1",
        "Parameters" : {
          "CalculationBase" : "Year"
        },
        "RefreshInterval" : 0,
        "Target" : "GetOeeUtilizationRail"
      } ]
    },
    "Resources_KBThingWorxServerSystem" : {
      "DataName" : "Resources_KBThingWorxServerSystem",
      "EntityName" : "KBThingWorxServerSystem",
      "EntityType" : "Resources",
      "Id" : "2b4d777f-b302-4a1f-bf4f-1b6e73430ec2",
      "Services" : [ {
        "APIMethod" : "post",
        "Characteristic" : "Services",
        "Id" : "d7c32976-0e2b-451b-ad49-ed8be7b1ccd0",
        "Name" : "GetKPILocalThingWorxDatabaseThing",
        "Parameters" : { },
        "RefreshInterval" : 0,
        "Target" : "GetKPILocalThingWorxDatabaseThing"
      } ]
    },
    "Session" : {
      "DataName" : "Session",
      "EntityName" : "",
      "EntityType" : "Session",
      "Id" : "session",
      "Services" : [ {
        "APIMethod" : "post",
        "Characteristic" : "Services",
        "Id" : "SessionInterface",
        "Name" : "GetGlobalSessionValues",
        "Parameters" : { },
        "RefreshInterval" : 0,
        "Target" : "GetGlobalSessionValues"
      } ]
    },
    "Things_KBTimeHelperThing" : {
      "DataName" : "Things_KBTimeHelperThing",
      "EntityName" : "KBTimeHelperThing",
      "EntityType" : "Things",
      "Id" : "92caa2ac-7b64-41a0-966a-65e3aed70dd0",
      "Services" : [ {
        "APIMethod" : "post",
        "Characteristic" : "Services",
        "Id" : "aab64f39-788b-4371-b450-51b721f846fb",
        "Name" : "GetCurrentYearEnd",
        "Parameters" : { },
        "RefreshInterval" : 0,
        "Target" : "GetCurrentYearEnd"
      }, {
        "APIMethod" : "post",
        "Characteristic" : "Services",
        "Id" : "6bea960e-a30a-4374-804b-d43250bc7fae",
        "Name" : "GetLastLastYearStart",
        "Parameters" : { },
        "RefreshInterval" : 0,
        "Target" : "GetLastLastYearStart"
      }, {
        "APIMethod" : "post",
        "Characteristic" : "Services",
        "Id" : "3f3ae913-5114-4a1f-890c-35d6d60d170e",
        "Name" : "GetNow",
        "Parameters" : { },
        "RefreshInterval" : 0,
        "Target" : "GetNow"
      }, {
        "APIMethod" : "post",
        "Characteristic" : "Services",
        "Id" : "e5808436-5d02-4b35-bc09-b5cec7330bac",
        "Name" : "GetDateTimeForVisualization",
        "Parameters" : {
          "ShowEnDate" : true,
          "ShowTime" : true
        },
        "RefreshInterval" : 0,
        "Target" : "GetDateTimeForVisualization"
      }, {
        "APIMethod" : "post",
        "Characteristic" : "Services",
        "Id" : "481a474a-acfa-479e-b8fa-619a1846ad71",
        "Name" : "GetDateTimeForVisualization1",
        "Parameters" : {
          "ShowEnDate" : true,
          "ShowTime" : true
        },
        "RefreshInterval" : 0,
        "Target" : "GetDateTimeForVisualization"
      }, {
        "APIMethod" : "post",
        "Characteristic" : "Services",
        "Id" : "7e79f901-7b62-45a2-8167-86aa1a4d29d7",
        "Name" : "GetDateTimeForVisualization2",
        "Parameters" : {
          "ShowEnDate" : true,
          "ShowTime" : true
        },
        "RefreshInterval" : 0,
        "Target" : "GetDateTimeForVisualization"
      } ]
    },
    "UserExtensions" : {
      "DataName" : "UserExtensions",
      "EntityName" : "",
      "EntityType" : "UserExtensions",
      "Id" : "UserExtensions",
      "Services" : [ {
        "APIMethod" : "post",
        "Characteristic" : "Services",
        "Id" : "UserExtensionInterface",
        "Name" : "GetCurrentUserExtensionProperties",
        "Parameters" : { },
        "RefreshInterval" : 0,
        "Target" : "GetCurrentUserExtensionProperties"
      } ]
    }
  },
  "DataBindings" : [ {
    "Id" : "8f521f31-ed72-4b46-9efd-5784c34b3cfd",
    "PropertyMaps" : [ {
      "SourceProperty" : "Result",
      "SourcePropertyBaseType" : "STRING",
      "TargetProperty" : "value",
      "TargetPropertyBaseType" : "THINGNAME",
      "TargetPropertyType" : "Entity"
    } ],
    "SourceArea" : "Data",
    "SourceDetails" : "AllData",
    "SourceId" : "GetKPILocalThingWorxDatabaseThing",
    "SourceSection" : "Resources_KBThingWorxServerSystem",
    "TargetArea" : "Data",
    "TargetId" : "EntityName",
    "TargetSection" : "DynamicThingTemplates_KBKPILocalThingWorxDatabaseTemplate"
  }, {
    "Id" : "aaf108c9-3ecb-457c-b353-dc4f926ba990",
    "PropertyMaps" : [ {
      "SourceProperty" : "MachineThingName",
      "SourcePropertyBaseType" : "STRING",
      "TargetProperty" : "Machine",
      "TargetPropertyBaseType" : "STRING",
      "TargetPropertyType" : "Parameter"
    } ],
    "SourceArea" : "Mashup",
    "SourceId" : "mashup-root",
    "SourceSection" : "",
    "TargetArea" : "Data",
    "TargetId" : "GetOeeUtilizationRail",
    "TargetSection" : "DynamicThingTemplates_KBKPILocalThingWorxDatabaseTemplate"
  }, {
    "Id" : "95e44f54-d2da-410b-86f1-50f8d5e4b6cd",
    "PropertyMaps" : [ {
      "SourceProperty" : "",
      "SourcePropertyBaseType" : "INFOTABLE",
      "SourcePropertyType" : "InfoTable",
      "TargetProperty" : "Data",
      "TargetPropertyBaseType" : "INFOTABLE",
      "TargetPropertyType" : "property"
    } ],
    "SourceArea" : "Data",
    "SourceDetails" : "AllData",
    "SourceId" : "GetOeeUtilizationRail",
    "SourceSection" : "DynamicThingTemplates_KBKPILocalThingWorxDatabaseTemplate",
    "TargetArea" : "UI",
    "TargetId" : "timeserieschart-25",
    "TargetSection" : ""
  }, {
    "Id" : "46f1bd2d-b6d6-4eae-ba47-13e9d1bed98d",
    "PropertyMaps" : [ {
      "SourceProperty" : "MachineThingName",
      "SourcePropertyBaseType" : "STRING",
      "TargetProperty" : "Machine",
      "TargetPropertyBaseType" : "STRING",
      "TargetPropertyType" : "Parameter"
    } ],
    "SourceArea" : "Mashup",
    "SourceId" : "mashup-root",
    "SourceSection" : "",
    "TargetArea" : "Data",
    "TargetId" : "GetOeeUtilizationRail1",
    "TargetSection" : "DynamicThingTemplates_KBKPILocalThingWorxDatabaseTemplate"
  }, {
    "Id" : "3f164cc4-79ec-4a0b-b789-98a1e384b8a3",
    "PropertyMaps" : [ {
      "SourceProperty" : "result",
      "SourcePropertyBaseType" : "DATETIME",
      "TargetProperty" : "TimeStart",
      "TargetPropertyBaseType" : "DATETIME",
      "TargetPropertyType" : "Parameter"
    } ],
    "SourceArea" : "Data",
    "SourceDetails" : "AllData",
    "SourceId" : "GetLastLastYearStart",
    "SourceSection" : "Things_KBTimeHelperThing",
    "TargetArea" : "Data",
    "TargetId" : "GetOeeUtilizationRail1",
    "TargetSection" : "DynamicThingTemplates_KBKPILocalThingWorxDatabaseTemplate"
  }, {
    "Id" : "c2d69a07-e52a-4d96-b185-aef368a88b82",
    "PropertyMaps" : [ {
      "SourceProperty" : "result",
      "SourcePropertyBaseType" : "DATETIME",
      "TargetProperty" : "TimeEnd",
      "TargetPropertyBaseType" : "DATETIME",
      "TargetPropertyType" : "Parameter"
    } ],
    "SourceArea" : "Data",
    "SourceDetails" : "AllData",
    "SourceId" : "GetCurrentYearEnd",
    "SourceSection" : "Things_KBTimeHelperThing",
    "TargetArea" : "Data",
    "TargetId" : "GetOeeUtilizationRail1",
    "TargetSection" : "DynamicThingTemplates_KBKPILocalThingWorxDatabaseTemplate"
  }, {
    "Id" : "f2fb352e-3132-42f9-b2fd-3ad30956cdec",
    "PropertyMaps" : [ {
      "SourceProperty" : "",
      "SourcePropertyBaseType" : "INFOTABLE",
      "SourcePropertyType" : "InfoTable",
      "TargetProperty" : "Data",
      "TargetPropertyBaseType" : "INFOTABLE",
      "TargetPropertyType" : "property"
    } ],
    "SourceArea" : "Data",
    "SourceDetails" : "AllData",
    "SourceId" : "GetOeeUtilizationRail1",
    "SourceSection" : "DynamicThingTemplates_KBKPILocalThingWorxDatabaseTemplate",
    "TargetArea" : "UI",
    "TargetId" : "labelchart-26",
    "TargetSection" : ""
  }, {
    "Id" : "158ae124-60c1-41a2-9537-5d398ab5c85d",
    "PropertyMaps" : [ {
      "SourceProperty" : "StartTime",
      "SourcePropertyBaseType" : "DATETIME",
      "TargetProperty" : "TimeStart",
      "TargetPropertyBaseType" : "DATETIME",
      "TargetPropertyType" : "Parameter"
    } ],
    "SourceArea" : "Mashup",
    "SourceId" : "mashup-root",
    "SourceSection" : "",
    "TargetArea" : "Data",
    "TargetId" : "GetOeeUtilizationRail",
    "TargetSection" : "DynamicThingTemplates_KBKPILocalThingWorxDatabaseTemplate"
  }, {
    "Id" : "819335a2-38fc-4222-93ba-facae030c8c8",
    "PropertyMaps" : [ {
      "SourceProperty" : "EndTime",
      "SourcePropertyBaseType" : "DATETIME",
      "TargetProperty" : "TimeEnd",
      "TargetPropertyBaseType" : "DATETIME",
      "TargetPropertyType" : "Parameter"
    } ],
    "SourceArea" : "Mashup",
    "SourceId" : "mashup-root",
    "SourceSection" : "",
    "TargetArea" : "Data",
    "TargetId" : "GetOeeUtilizationRail",
    "TargetSection" : "DynamicThingTemplates_KBKPILocalThingWorxDatabaseTemplate"
  }, {
    "Id" : "ee30806d-2f5f-4068-bd66-b24538e9c21a",
    "PropertyMaps" : [ {
      "SourceProperty" : "StartTime",
      "SourcePropertyBaseType" : "DATETIME",
      "SourcePropertyType" : "Property",
      "TargetProperty" : "XAxisMinimum",
      "TargetPropertyBaseType" : "DATETIME",
      "TargetPropertyType" : "property"
    } ],
    "SourceArea" : "Mashup",
    "SourceId" : "mashup-root",
    "SourceSection" : "",
    "TargetArea" : "UI",
    "TargetId" : "timeserieschart-25",
    "TargetSection" : ""
  }, {
    "Id" : "c5e17c05-3f29-4794-a096-96cb98095902",
    "PropertyMaps" : [ {
      "SourceProperty" : "EndTime",
      "SourcePropertyBaseType" : "DATETIME",
      "SourcePropertyType" : "Property",
      "TargetProperty" : "XAxisMaximum",
      "TargetPropertyBaseType" : "DATETIME",
      "TargetPropertyType" : "property"
    } ],
    "SourceArea" : "Mashup",
    "SourceId" : "mashup-root",
    "SourceSection" : "",
    "TargetArea" : "UI",
    "TargetId" : "timeserieschart-25",
    "TargetSection" : ""
  }, {
    "Id" : "099df7fc-732c-447d-9387-7b1be5cd1eea",
    "PropertyMaps" : [ {
      "SourceProperty" : "CalculationBase",
      "SourcePropertyBaseType" : "STRING",
      "TargetProperty" : "CalculationBase",
      "TargetPropertyBaseType" : "STRING",
      "TargetPropertyType" : "Parameter"
    } ],
    "SourceArea" : "Mashup",
    "SourceId" : "mashup-root",
    "SourceSection" : "",
    "TargetArea" : "Data",
    "TargetId" : "GetOeeUtilizationRail",
    "TargetSection" : "DynamicThingTemplates_KBKPILocalThingWorxDatabaseTemplate"
  }, {
    "Id" : "1df12a89-975d-4f57-b101-351886b1c9cf",
    "PropertyMaps" : [ {
      "SourceProperty" : "MachineThingName",
      "SourcePropertyBaseType" : "STRING",
      "SourcePropertyType" : "Property",
      "TargetProperty" : "Data",
      "TargetPropertyBaseType" : "ANYSCALAR",
      "TargetPropertyType" : "property"
    } ],
    "SourceArea" : "Mashup",
    "SourceId" : "mashup-root",
    "SourceSection" : "",
    "TargetArea" : "UI",
    "TargetId" : "valuedisplaykb-38",
    "TargetSection" : ""
  }, {
    "Id" : "5b920d31-6296-4c8f-823b-5b586138a4db",
    "PropertyMaps" : [ {
      "SourceProperty" : "result",
      "SourcePropertyBaseType" : "DATETIME",
      "TargetProperty" : "DateTime",
      "TargetPropertyBaseType" : "DATETIME",
      "TargetPropertyType" : "Parameter"
    } ],
    "SourceArea" : "Data",
    "SourceDetails" : "AllData",
    "SourceId" : "GetNow",
    "SourceSection" : "Things_KBTimeHelperThing",
    "TargetArea" : "Data",
    "TargetId" : "GetDateTimeForVisualization",
    "TargetSection" : "Things_KBTimeHelperThing"
  }, {
    "Id" : "095217d9-19f1-4ca8-a48c-502dc328e8a0",
    "PropertyMaps" : [ {
      "SourceProperty" : "result",
      "SourcePropertyBaseType" : "STRING",
      "SourcePropertyType" : "Field",
      "TargetProperty" : "Data",
      "TargetPropertyBaseType" : "ANYSCALAR",
      "TargetPropertyType" : "property"
    } ],
    "SourceArea" : "Data",
    "SourceDetails" : "AllData",
    "SourceId" : "GetDateTimeForVisualization",
    "SourceSection" : "Things_KBTimeHelperThing",
    "TargetArea" : "UI",
    "TargetId" : "valuedisplaykb-37",
    "TargetSection" : ""
  }, {
    "Id" : "620fcc52-0604-4ccc-890d-9123f5fb5ad3",
    "PropertyMaps" : [ {
      "SourceProperty" : "StartTime",
      "SourcePropertyBaseType" : "DATETIME",
      "TargetProperty" : "DateTime",
      "TargetPropertyBaseType" : "DATETIME",
      "TargetPropertyType" : "Parameter"
    } ],
    "SourceArea" : "Mashup",
    "SourceId" : "mashup-root",
    "SourceSection" : "",
    "TargetArea" : "Data",
    "TargetId" : "GetDateTimeForVisualization1",
    "TargetSection" : "Things_KBTimeHelperThing"
  }, {
    "Id" : "0a0ae4c7-679b-4c85-a1b2-e74d45ed8250",
    "PropertyMaps" : [ {
      "SourceProperty" : "EndTime",
      "SourcePropertyBaseType" : "DATETIME",
      "TargetProperty" : "DateTime",
      "TargetPropertyBaseType" : "DATETIME",
      "TargetPropertyType" : "Parameter"
    } ],
    "SourceArea" : "Mashup",
    "SourceId" : "mashup-root",
    "SourceSection" : "",
    "TargetArea" : "Data",
    "TargetId" : "GetDateTimeForVisualization2",
    "TargetSection" : "Things_KBTimeHelperThing"
  }, {
    "Id" : "79a209be-f57a-4390-9d37-1e907748111c",
    "PropertyMaps" : [ {
      "SourceProperty" : "result",
      "SourcePropertyBaseType" : "STRING",
      "SourcePropertyType" : "Field",
      "TargetProperty" : "Data",
      "TargetPropertyBaseType" : "ANYSCALAR",
      "TargetPropertyType" : "property"
    } ],
    "SourceArea" : "Data",
    "SourceDetails" : "AllData",
    "SourceId" : "GetDateTimeForVisualization1",
    "SourceSection" : "Things_KBTimeHelperThing",
    "TargetArea" : "UI",
    "TargetId" : "valuedisplaykb-35",
    "TargetSection" : ""
  }, {
    "Id" : "d0747002-dd7e-4062-9ad1-b7d42bea8ca0",
    "PropertyMaps" : [ {
      "SourceProperty" : "result",
      "SourcePropertyBaseType" : "STRING",
      "SourcePropertyType" : "Field",
      "TargetProperty" : "Data",
      "TargetPropertyBaseType" : "ANYSCALAR",
      "TargetPropertyType" : "property"
    } ],
    "SourceArea" : "Data",
    "SourceDetails" : "AllData",
    "SourceId" : "GetDateTimeForVisualization2",
    "SourceSection" : "Things_KBTimeHelperThing",
    "TargetArea" : "UI",
    "TargetId" : "valuedisplaykb-36",
    "TargetSection" : ""
  }, {
    "Id" : "5afddf0f-656f-4b5b-ac9f-da18f7a6de67",
    "PropertyMaps" : [ {
      "SourceProperty" : "",
      "SourcePropertyBaseType" : "INFOTABLE",
      "SourcePropertyType" : "InfoTable",
      "TargetProperty" : "Data",
      "TargetPropertyBaseType" : "INFOTABLE",
      "TargetPropertyType" : "property"
    } ],
    "SourceArea" : "Data",
    "SourceDetails" : "AllData",
    "SourceId" : "GetOeeUtilizationRail",
    "SourceSection" : "DynamicThingTemplates_KBKPILocalThingWorxDatabaseTemplate",
    "TargetArea" : "UI",
    "TargetId" : "timeserieschart-42",
    "TargetSection" : ""
  }, {
    "Id" : "eae93712-c217-43ad-a4aa-2539f878a40d",
    "PropertyMaps" : [ {
      "SourceProperty" : "StartTime",
      "SourcePropertyBaseType" : "DATETIME",
      "SourcePropertyType" : "Property",
      "TargetProperty" : "XAxisMinimum",
      "TargetPropertyBaseType" : "DATETIME",
      "TargetPropertyType" : "property"
    } ],
    "SourceArea" : "Mashup",
    "SourceId" : "mashup-root",
    "SourceSection" : "",
    "TargetArea" : "UI",
    "TargetId" : "timeserieschart-42",
    "TargetSection" : ""
  }, {
    "Id" : "0d1bceb2-47dd-465e-8be1-fec309ed6e46",
    "PropertyMaps" : [ {
      "SourceProperty" : "EndTime",
      "SourcePropertyBaseType" : "DATETIME",
      "SourcePropertyType" : "Property",
      "TargetProperty" : "XAxisMaximum",
      "TargetPropertyBaseType" : "DATETIME",
      "TargetPropertyType" : "property"
    } ],
    "SourceArea" : "Mashup",
    "SourceId" : "mashup-root",
    "SourceSection" : "",
    "TargetArea" : "UI",
    "TargetId" : "timeserieschart-42",
    "TargetSection" : ""
  }, {
    "Id" : "0cc5c5a3-b75f-485e-b5fb-0dc6a8d81674",
    "PropertyMaps" : [ {
      "SourceProperty" : "CalculationBase",
      "SourcePropertyBaseType" : "STRING",
      "SourcePropertyType" : "Property",
      "TargetProperty" : "CalculationBase",
      "TargetPropertyBaseType" : "STRING",
      "TargetPropertyType" : "property"
    } ],
    "SourceArea" : "Mashup",
    "SourceId" : "mashup-root",
    "SourceSection" : "",
    "TargetArea" : "UI",
    "TargetId" : "expression-44",
    "TargetSection" : ""
  }, {
    "Id" : "0b7b7a17-ea5d-4dd1-8208-6aded898ffa2",
    "PropertyMaps" : [ {
      "SourceProperty" : "Output",
      "SourcePropertyBaseType" : "STRING",
      "SourcePropertyType" : "Property",
      "TargetProperty" : "SelectedTabValue",
      "TargetPropertyBaseType" : "STRING",
      "TargetPropertyType" : "property"
    } ],
    "SourceArea" : "UI",
    "SourceId" : "expression-44",
    "SourceSection" : "",
    "TargetArea" : "UI",
    "TargetId" : "tabsv2-39",
    "TargetSection" : ""
  } ],
  "DesignTimePermissions" : {
    "Create" : [ ],
    "Delete" : [ ],
    "Metadata" : [ ],
    "Read" : [ {
      "isPermitted" : true,
      "name" : "KBMesKitHelperUser",
      "type" : "User"
    } ],
    "Update" : [ ]
  },
  "Events" : [ {
    "EventHandlerArea" : "Data",
    "EventHandlerId" : "Resources_KBThingWorxServerSystem",
    "EventHandlerService" : "GetKPILocalThingWorxDatabaseThing",
    "EventTriggerArea" : "Mashup",
    "EventTriggerEvent" : "Loaded",
    "EventTriggerId" : "mashup-root",
    "EventTriggerSection" : "",
    "Id" : "72643602-9462-408e-849b-86c2eb24ef42"
  }, {
    "EventHandlerArea" : "Data",
    "EventHandlerId" : "Resources_KBThingWorxServerSystem",
    "EventHandlerService" : "GetKPILocalThingWorxDatabaseThing",
    "EventTriggerArea" : "Mashup",
    "EventTriggerEvent" : "RefreshRequested",
    "EventTriggerId" : "mashup-root",
    "EventTriggerSection" : "",
    "Id" : "b1714972-de89-44c4-9288-a74ffc4b57d0"
  }, {
    "EventHandlerArea" : "Data",
    "EventHandlerId" : "Resources_KBThingWorxServerSystem",
    "EventHandlerService" : "GetKPILocalThingWorxDatabaseThing",
    "EventTriggerArea" : "Mashup",
    "EventTriggerEvent" : "MachineThingNameChanged",
    "EventTriggerId" : "mashup-root",
    "EventTriggerSection" : "",
    "Id" : "b16c20b4-770f-4698-b330-be04fc16920c"
  }, {
    "EventHandlerArea" : "Data",
    "EventHandlerId" : "Resources_KBThingWorxServerSystem",
    "EventHandlerService" : "GetKPILocalThingWorxDatabaseThing",
    "EventTriggerArea" : "Mashup",
    "EventTriggerEvent" : "DBKPINameChanged",
    "EventTriggerId" : "mashup-root",
    "EventTriggerSection" : "",
    "Id" : "6e86e1c6-ad92-42bc-8b28-d09f00c9ce0e"
  }, {
    "EventHandlerArea" : "Data",
    "EventHandlerId" : "Resources_KBThingWorxServerSystem",
    "EventHandlerService" : "GetKPILocalThingWorxDatabaseThing",
    "EventTriggerArea" : "Mashup",
    "EventTriggerEvent" : "StartTimeChanged",
    "EventTriggerId" : "mashup-root",
    "EventTriggerSection" : "",
    "Id" : "08507ae5-e89b-4632-816a-f1b206e11194"
  }, {
    "EventHandlerArea" : "Data",
    "EventHandlerId" : "Resources_KBThingWorxServerSystem",
    "EventHandlerService" : "GetKPILocalThingWorxDatabaseThing",
    "EventTriggerArea" : "Mashup",
    "EventTriggerEvent" : "EndTimeChanged",
    "EventTriggerId" : "mashup-root",
    "EventTriggerSection" : "",
    "Id" : "4bc54e8a-f216-4a41-9d5b-661160b271b1"
  }, {
    "EventHandlerArea" : "Data",
    "EventHandlerId" : "Resources_KBThingWorxServerSystem",
    "EventHandlerService" : "GetKPILocalThingWorxDatabaseThing",
    "EventTriggerArea" : "Mashup",
    "EventTriggerEvent" : "KPITypeChanged",
    "EventTriggerId" : "mashup-root",
    "EventTriggerSection" : "",
    "Id" : "f8b22159-cf22-4557-be06-ea78ed2d70cc"
  }, {
    "EventHandlerArea" : "Data",
    "EventHandlerId" : "Resources_KBThingWorxServerSystem",
    "EventHandlerService" : "GetKPILocalThingWorxDatabaseThing",
    "EventTriggerArea" : "Mashup",
    "EventTriggerEvent" : "CalculationBaseChanged",
    "EventTriggerId" : "mashup-root",
    "EventTriggerSection" : "",
    "Id" : "d50a6656-afde-484c-a11b-4a889eba7f92"
  }, {
    "EventHandlerArea" : "Data",
    "EventHandlerId" : "Things_KBTimeHelperThing",
    "EventHandlerService" : "GetCurrentYearEnd",
    "EventTriggerArea" : "Data",
    "EventTriggerEvent" : "ServiceInvokeCompleted",
    "EventTriggerId" : "GetKPILocalThingWorxDatabaseThing",
    "EventTriggerSection" : "Resources_KBThingWorxServerSystem",
    "Id" : "dab810b7-48fe-4c80-ab8d-36c4abb4b08b"
  }, {
    "EventHandlerArea" : "Data",
    "EventHandlerId" : "Things_KBTimeHelperThing",
    "EventHandlerService" : "GetLastLastYearStart",
    "EventTriggerArea" : "Data",
    "EventTriggerEvent" : "ServiceInvokeCompleted",
    "EventTriggerId" : "GetCurrentYearEnd",
    "EventTriggerSection" : "Things_KBTimeHelperThing",
    "Id" : "09c7a232-c163-4ee9-ae91-e65e272b18c3"
  }, {
    "EventHandlerArea" : "Data",
    "EventHandlerId" : "DynamicThingTemplates_KBKPILocalThingWorxDatabaseTemplate",
    "EventHandlerService" : "GetOeeUtilizationRail1",
    "EventTriggerArea" : "Data",
    "EventTriggerEvent" : "ServiceInvokeCompleted",
    "EventTriggerId" : "GetLastLastYearStart",
    "EventTriggerSection" : "Things_KBTimeHelperThing",
    "Id" : "de83db15-cce1-4b52-890f-265ffd2e20a5"
  }, {
    "EventHandlerArea" : "Data",
    "EventHandlerId" : "DynamicThingTemplates_KBKPILocalThingWorxDatabaseTemplate",
    "EventHandlerService" : "GetOeeUtilizationRail",
    "EventTriggerArea" : "Data",
    "EventTriggerEvent" : "ServiceInvokeCompleted",
    "EventTriggerId" : "GetKPILocalThingWorxDatabaseThing",
    "EventTriggerSection" : "Resources_KBThingWorxServerSystem",
    "Id" : "7231f976-4524-4222-b6e4-bf956e180e75"
  }, {
    "EventHandlerArea" : "Data",
    "EventHandlerId" : "Things_KBTimeHelperThing",
    "EventHandlerService" : "GetNow",
    "EventTriggerArea" : "Data",
    "EventTriggerEvent" : "ServiceInvokeCompleted",
    "EventTriggerId" : "GetOeeUtilizationRail",
    "EventTriggerSection" : "DynamicThingTemplates_KBKPILocalThingWorxDatabaseTemplate",
    "Id" : "4305feab-39b4-4a53-ba66-e6efd622ab5a"
  }, {
    "EventHandlerArea" : "Data",
    "EventHandlerId" : "Things_KBTimeHelperThing",
    "EventHandlerService" : "GetDateTimeForVisualization",
    "EventTriggerArea" : "Data",
    "EventTriggerEvent" : "ServiceInvokeCompleted",
    "EventTriggerId" : "GetNow",
    "EventTriggerSection" : "Things_KBTimeHelperThing",
    "Id" : "6bbcbe84-d653-4880-b46b-4611c4eaf62c"
  }, {
    "EventHandlerArea" : "Data",
    "EventHandlerId" : "Things_KBTimeHelperThing",
    "EventHandlerService" : "GetDateTimeForVisualization1",
    "EventTriggerArea" : "Data",
    "EventTriggerEvent" : "ServiceInvokeCompleted",
    "EventTriggerId" : "GetOeeUtilizationRail",
    "EventTriggerSection" : "DynamicThingTemplates_KBKPILocalThingWorxDatabaseTemplate",
    "Id" : "edab1e9a-0c0b-4c99-b979-769206b53595"
  }, {
    "EventHandlerArea" : "Data",
    "EventHandlerId" : "Things_KBTimeHelperThing",
    "EventHandlerService" : "GetDateTimeForVisualization2",
    "EventTriggerArea" : "Data",
    "EventTriggerEvent" : "ServiceInvokeCompleted",
    "EventTriggerId" : "GetOeeUtilizationRail",
    "EventTriggerSection" : "DynamicThingTemplates_KBKPILocalThingWorxDatabaseTemplate",
    "Id" : "bb156c2c-e798-476e-a8a8-9c7509d5f2c0"
  }, {
    "EventHandlerArea" : "UI",
    "EventHandlerId" : "expression-44",
    "EventHandlerService" : "Evaluate",
    "EventTriggerArea" : "Mashup",
    "EventTriggerEvent" : "CalculationBaseChanged",
    "EventTriggerId" : "mashup-root",
    "EventTriggerSection" : "",
    "Id" : "c6aba5cd-0a36-4064-a95c-d0bf4e38292c"
  } ],
  "RunTimePermissions" : {
    "permissions" : [ {
      "EventInvoke" : [ ],
      "EventSubscribe" : [ ],
      "PropertyRead" : [ {
        "isPermitted" : true,
        "name" : "KBUserGroup",
        "type" : "Group"
      }, {
        "isPermitted" : true,
        "name" : "KBMesKitHelperUser",
        "type" : "User"
      } ],
      "PropertyWrite" : [ ],
      "ServiceInvoke" : [ {
        "isPermitted" : true,
        "name" : "KBUserGroup",
        "type" : "Group"
      }, {
        "isPermitted" : true,
        "name" : "KBMesKitHelperUser",
        "type" : "User"
      } ],
      "resourceName" : "*"
    } ]
  },
  "UI" : {
    "Properties" : {
      "AddToDashboardButton" : "SimplePlus",
      "AddToDashboardButtonStyle" : "DefaultAddToDashboardButtonStyle",
      "Area" : "Mashup",
      "BGImage" : "",
      "BGImageRepeat" : "no-repeat",
      "BGImageSize" : "auto",
      "CalculationBase" : "",
      "Columns" : 0,
      "ConfigureGadgetButton" : "SimpleGear",
      "ConfigureGadgetButtonStyle" : "DefaultConfigureGadgetButtonStyle",
      "DisplayName" : "Mashup",
      "EnableParameterEditing" : false,
      "Height" : 618,
      "Id" : "mashup-root",
      "IgnoreWarningsInViewMashup" : false,
      "IsPrintLayout" : false,
      "Left" : 0,
      "MachineThingName" : "-nothing-",
      "MashupToEditGadget" : "DefaultMashupToEditGadget",
      "MinHeight" : 0,
      "MinWidth" : 0,
      "ResponsiveLayout" : true,
      "Rows" : 0,
      "ShowDataLoading" : true,
      "Style" : "DefaultMashupStyle",
      "StyleTheme" : "Base Theme",
      "Title" : "",
      "TitleBar" : false,
      "TitleBarStyle" : "DefaultTitleBarStyle",
      "TitleBarText" : "Gadget Title Here",
      "Top" : 0,
      "Type" : "mashup",
      "UseTheme" : false,
      "UseThemeForHybrids" : false,
      "Visible" : true,
      "Width" : 1024,
      "Z-index" : 10,
      "__TypeDisplayName" : "Mashup",
      "_currentParameterDefs" : [ {
        "BaseType" : "STRING",
        "DefaultValue" : "-nothing-",
        "Description" : "",
        "ParameterName" : "MachineThingName"
      }, {
        "BaseType" : "STRING",
        "DefaultValue" : "",
        "Description" : "",
        "ParameterName" : "CalculationBase"
      }, {
        "BaseType" : "DATETIME",
        "Description" : "",
        "ParameterName" : "StartTime"
      }, {
        "BaseType" : "DATETIME",
        "Description" : "",
        "ParameterName" : "EndTime"
      }, {
        "BaseType" : "STRING",
        "Description" : "",
        "ParameterName" : "KPIType"
      } ],
      "id_index" : 44,
      "supportsAutoResize" : true
    },
    "Widgets" : [ {
      "Properties" : {
        "Area" : "UI",
        "Columns" : 0,
        "DisplayName" : "layout-27",
        "Footer" : true,
        "FooterCustomClass" : "",
        "FooterHeight" : 25,
        "Header" : false,
        "HeaderHeight" : 0,
        "Id" : "layout-27",
        "IncludeSpacingInFixedAreas" : false,
        "IsPrintLayout" : false,
        "Left" : 125,
        "LeftSidebar" : false,
        "LeftSidebarWidth" : 0,
        "Orientation" : "vertical",
        "PctColumn1" : 50,
        "PctColumn2" : 50,
        "PctColumn3" : 1,
        "PctColumn4" : 1,
        "PctColumn5" : 1,
        "PctColumn6" : 1,
        "PctColumn7" : 1,
        "PctColumn8" : 1,
        "PctRow1" : 100,
        "PctRow2" : 0,
        "PctRow3" : 0,
        "PctRow4" : 0,
        "PctRow5" : 0,
        "PctRow6" : 0,
        "PctRow7" : 0,
        "PctRow8" : 0,
        "PrintMarginLeftRight" : 0.5,
        "PrintMarginTopBottom" : 0.5,
        "PrintWidth" : 650,
        "ResponsiveLayout" : true,
        "RightSidebar" : false,
        "RightSidebarWidth" : 0,
        "Rows" : 1,
        "ShowDataLoading" : true,
        "Spacing" : 2,
        "Top" : 75,
        "Type" : "layout",
        "Visible" : true,
        "Z-index" : 10,
        "__TypeDisplayName" : "Layout"
      },
      "Widgets" : [ {
        "Properties" : {
          "AnimateExpandCollapse" : true,
          "Area" : "UI",
          "BGImageRepeat" : "no-repeat",
          "BGImageSize" : "auto",
          "DisplayName" : "Row 1",
          "ExpandCollapseTabLocation" : "outside",
          "Expanded" : true,
          "Id" : "container-28",
          "MinHeight" : 0,
          "MinWidth" : 0,
          "Overlay" : false,
          "OverlayIsTransparent" : false,
          "ResponsiveLayout" : true,
          "ShowDataLoading" : true,
          "ShowExpandCollapseTab" : false,
          "Style" : "DefaultContainerStyle",
          "TabCollapseStyle" : "DefaultTabCollapseStyle",
          "TabExpandStyle" : "DefaultTabExpandStyle",
          "TabHeight" : 36,
          "TabLocation" : "center",
          "TabOffset" : 0,
          "TabWidth" : 36,
          "Type" : "container",
          "Visible" : true,
          "Z-index" : 10,
          "__TypeDisplayName" : "Container",
          "userCannotRemove" : true
        },
        "Widgets" : [ {
          "Properties" : {
            "Area" : "UI",
            "Columns" : 2,
            "DisplayName" : "layout-12",
            "Footer" : false,
            "FooterHeight" : 0,
            "Header" : false,
            "HeaderHeight" : 0,
            "Id" : "layout-12",
            "IncludeSpacingInFixedAreas" : false,
            "IsPrintLayout" : false,
            "Left" : 345,
            "LeftSidebar" : false,
            "LeftSidebarWidth" : 0,
            "Orientation" : "horizontal",
            "PctColumn1" : 30,
            "PctColumn2" : 70,
            "PctColumn3" : 1,
            "PctColumn4" : 1,
            "PctColumn5" : 1,
            "PctColumn6" : 1,
            "PctColumn7" : 1,
            "PctColumn8" : 1,
            "PctRow1" : 50,
            "PctRow2" : 50,
            "PctRow3" : 0,
            "PctRow4" : 0,
            "PctRow5" : 0,
            "PctRow6" : 0,
            "PctRow7" : 0,
            "PctRow8" : 0,
            "PrintMarginLeftRight" : 0.5,
            "PrintMarginTopBottom" : 0.5,
            "PrintWidth" : 650,
            "ResponsiveLayout" : true,
            "RightSidebar" : false,
            "RightSidebarWidth" : 0,
            "Rows" : 0,
            "ShowDataLoading" : true,
            "Spacing" : 4,
            "Top" : 145,
            "Type" : "layout",
            "Visible" : true,
            "Z-index" : 10,
            "__TypeDisplayName" : "Layout"
          },
          "Widgets" : [ {
            "Properties" : {
              "AnimateExpandCollapse" : true,
              "Area" : "UI",
              "BGImageRepeat" : "no-repeat",
              "BGImageSize" : "auto",
              "DisplayName" : "Column",
              "ExpandCollapseTabLocation" : "outside",
              "Expanded" : true,
              "Id" : "container-13",
              "MinHeight" : 0,
              "MinWidth" : 0,
              "Overlay" : false,
              "OverlayIsTransparent" : false,
              "ResponsiveLayout" : true,
              "ShowDataLoading" : true,
              "ShowExpandCollapseTab" : false,
              "Style" : "DefaultContainerStyle",
              "TabCollapseStyle" : "DefaultTabCollapseStyle",
              "TabExpandStyle" : "DefaultTabExpandStyle",
              "TabHeight" : 36,
              "TabLocation" : "center",
              "TabOffset" : 0,
              "TabWidth" : 36,
              "Type" : "container",
              "Visible" : true,
              "Z-index" : 10,
              "__TypeDisplayName" : "Container",
              "userCannotRemove" : true
            },
            "Widgets" : [ {
              "Properties" : {
                "AllowSelection" : true,
                "AllowYAxisZoom" : true,
                "Area" : "UI",
                "AxisAutoscale1" : true,
                "AxisAutoscale10" : true,
                "AxisAutoscale11" : true,
                "AxisAutoscale12" : true,
                "AxisAutoscale13" : true,
                "AxisAutoscale14" : true,
                "AxisAutoscale15" : true,
                "AxisAutoscale16" : true,
                "AxisAutoscale17" : true,
                "AxisAutoscale18" : true,
                "AxisAutoscale19" : true,
                "AxisAutoscale2" : true,
                "AxisAutoscale20" : true,
                "AxisAutoscale21" : true,
                "AxisAutoscale22" : true,
                "AxisAutoscale23" : true,
                "AxisAutoscale24" : true,
                "AxisAutoscale3" : true,
                "AxisAutoscale4" : true,
                "AxisAutoscale5" : true,
                "AxisAutoscale6" : true,
                "AxisAutoscale7" : true,
                "AxisAutoscale8" : true,
                "AxisAutoscale9" : true,
                "AxisFormat1" : "0000.0",
                "AxisFormat10" : "0000.0",
                "AxisFormat11" : "0000.0",
                "AxisFormat12" : "0000.0",
                "AxisFormat13" : "0000.0",
                "AxisFormat14" : "0000.0",
                "AxisFormat15" : "0000.0",
                "AxisFormat16" : "0000.0",
                "AxisFormat17" : "0000.0",
                "AxisFormat18" : "0000.0",
                "AxisFormat19" : "0000.0",
                "AxisFormat2" : "0000.0",
                "AxisFormat20" : "0000.0",
                "AxisFormat21" : "0000.0",
                "AxisFormat22" : "0000.0",
                "AxisFormat23" : "0000.0",
                "AxisFormat24" : "0000.0",
                "AxisFormat3" : "0000.0",
                "AxisFormat4" : "0000.0",
                "AxisFormat5" : "0000.0",
                "AxisFormat6" : "0000.0",
                "AxisFormat7" : "0000.0",
                "AxisFormat8" : "0000.0",
                "AxisFormat9" : "0000.0",
                "AxisMaximum1" : 100,
                "AxisMaximum10" : 100,
                "AxisMaximum11" : 100,
                "AxisMaximum12" : 100,
                "AxisMaximum13" : 100,
                "AxisMaximum14" : 100,
                "AxisMaximum15" : 100,
                "AxisMaximum16" : 100,
                "AxisMaximum17" : 100,
                "AxisMaximum18" : 100,
                "AxisMaximum19" : 100,
                "AxisMaximum2" : 100,
                "AxisMaximum20" : 100,
                "AxisMaximum21" : 100,
                "AxisMaximum22" : 100,
                "AxisMaximum23" : 100,
                "AxisMaximum24" : 100,
                "AxisMaximum3" : 100,
                "AxisMaximum4" : 100,
                "AxisMaximum5" : 100,
                "AxisMaximum6" : 100,
                "AxisMaximum7" : 100,
                "AxisMaximum8" : 100,
                "AxisMaximum9" : 100,
                "AxisMinimum1" : 0,
                "AxisMinimum10" : 0,
                "AxisMinimum11" : 0,
                "AxisMinimum12" : 0,
                "AxisMinimum13" : 0,
                "AxisMinimum14" : 0,
                "AxisMinimum15" : 0,
                "AxisMinimum16" : 0,
                "AxisMinimum17" : 0,
                "AxisMinimum18" : 0,
                "AxisMinimum19" : 0,
                "AxisMinimum2" : 0,
                "AxisMinimum20" : 0,
                "AxisMinimum21" : 0,
                "AxisMinimum22" : 0,
                "AxisMinimum23" : 0,
                "AxisMinimum24" : 0,
                "AxisMinimum3" : 0,
                "AxisMinimum4" : 0,
                "AxisMinimum5" : 0,
                "AxisMinimum6" : 0,
                "AxisMinimum7" : 0,
                "AxisMinimum8" : 0,
                "AxisMinimum9" : 0,
                "AxisZeroscale1" : false,
                "AxisZeroscale10" : false,
                "AxisZeroscale11" : false,
                "AxisZeroscale12" : false,
                "AxisZeroscale13" : false,
                "AxisZeroscale14" : false,
                "AxisZeroscale15" : false,
                "AxisZeroscale16" : false,
                "AxisZeroscale17" : false,
                "AxisZeroscale18" : false,
                "AxisZeroscale19" : false,
                "AxisZeroscale2" : false,
                "AxisZeroscale20" : false,
                "AxisZeroscale21" : false,
                "AxisZeroscale22" : false,
                "AxisZeroscale23" : false,
                "AxisZeroscale24" : false,
                "AxisZeroscale3" : false,
                "AxisZeroscale4" : false,
                "AxisZeroscale5" : false,
                "AxisZeroscale6" : false,
                "AxisZeroscale7" : false,
                "AxisZeroscale8" : false,
                "AxisZeroscale9" : false,
                "ChartAreaStyle" : "DefaultChartAreaStyle",
                "ChartLegendStyle" : "DefaultChartLegendStyle",
                "ChartOrientation" : "vertical",
                "ChartStyle" : "DefaultChartStyle",
                "ChartTitle" : "OEE/Utilization (yearly)",
                "ChartTitleStyle" : "DefaultChartTitleStyle",
                "ChartType" : "bar",
                "DataField1" : "oee",
                "DataField2" : "utilization",
                "DataLabel1" : "OEE",
                "DataLabel2" : "Utilization",
                "DisplayName" : "labelchart-26",
                "EnableHover" : true,
                "GridStyle" : "DefaultChartGridStyle",
                "Height" : 240,
                "Id" : "labelchart-26",
                "Left" : 25,
                "LegendLocation" : "right",
                "LegendOrientation" : "vertical",
                "LegendWidth" : 0,
                "MarkerSize" : 3,
                "MarkerType" : "circle",
                "NumberOfSeries" : 2,
                "ResponsiveLayout" : true,
                "SecondaryYAxisAutoscale" : true,
                "SecondaryYAxisFormat" : "0000.0",
                "SecondaryYAxisMaximum" : 100,
                "SecondaryYAxisMinimum" : 0,
                "SecondaryYAxisTitle" : "",
                "SecondaryYAxisZeroscale" : false,
                "SelectedItemStyle" : "DefaultChartSelectionStyle",
                "SeriesDataStyle10_StateParameters" : [ ],
                "SeriesDataStyle11_StateParameters" : [ ],
                "SeriesDataStyle12_StateParameters" : [ ],
                "SeriesDataStyle13_StateParameters" : [ ],
                "SeriesDataStyle14_StateParameters" : [ ],
                "SeriesDataStyle15_StateParameters" : [ ],
                "SeriesDataStyle16_StateParameters" : [ ],
                "SeriesDataStyle17_StateParameters" : [ ],
                "SeriesDataStyle18_StateParameters" : [ ],
                "SeriesDataStyle19_StateParameters" : [ ],
                "SeriesDataStyle1_StateParameters" : [ ],
                "SeriesDataStyle20_StateParameters" : [ ],
                "SeriesDataStyle21_StateParameters" : [ ],
                "SeriesDataStyle22_StateParameters" : [ ],
                "SeriesDataStyle23_StateParameters" : [ ],
                "SeriesDataStyle24_StateParameters" : [ ],
                "SeriesDataStyle2_StateParameters" : [ ],
                "SeriesDataStyle3_StateParameters" : [ ],
                "SeriesDataStyle4_StateParameters" : [ ],
                "SeriesDataStyle5_StateParameters" : [ ],
                "SeriesDataStyle6_StateParameters" : [ ],
                "SeriesDataStyle7_StateParameters" : [ ],
                "SeriesDataStyle8_StateParameters" : [ ],
                "SeriesDataStyle9_StateParameters" : [ ],
                "SeriesMarkerType1" : "chart",
                "SeriesMarkerType10" : "chart",
                "SeriesMarkerType11" : "chart",
                "SeriesMarkerType12" : "chart",
                "SeriesMarkerType13" : "chart",
                "SeriesMarkerType14" : "chart",
                "SeriesMarkerType15" : "chart",
                "SeriesMarkerType16" : "chart",
                "SeriesMarkerType17" : "chart",
                "SeriesMarkerType18" : "chart",
                "SeriesMarkerType19" : "chart",
                "SeriesMarkerType2" : "chart",
                "SeriesMarkerType20" : "chart",
                "SeriesMarkerType21" : "chart",
                "SeriesMarkerType22" : "chart",
                "SeriesMarkerType23" : "chart",
                "SeriesMarkerType24" : "chart",
                "SeriesMarkerType3" : "chart",
                "SeriesMarkerType4" : "chart",
                "SeriesMarkerType5" : "chart",
                "SeriesMarkerType6" : "chart",
                "SeriesMarkerType7" : "chart",
                "SeriesMarkerType8" : "chart",
                "SeriesMarkerType9" : "chart",
                "SeriesStyle1" : "DefaultChartStyle1",
                "SeriesStyle10" : "DefaultChartStyle10",
                "SeriesStyle11" : "DefaultChartStyle11",
                "SeriesStyle12" : "DefaultChartStyle12",
                "SeriesStyle13" : "DefaultChartStyle13",
                "SeriesStyle14" : "DefaultChartStyle14",
                "SeriesStyle15" : "DefaultChartStyle15",
                "SeriesStyle16" : "DefaultChartStyle16",
                "SeriesStyle17" : "DefaultChartStyle17",
                "SeriesStyle18" : "DefaultChartStyle18",
                "SeriesStyle19" : "DefaultChartStyle19",
                "SeriesStyle2" : "DefaultChartStyle2",
                "SeriesStyle20" : "DefaultChartStyle20",
                "SeriesStyle21" : "DefaultChartStyle21",
                "SeriesStyle22" : "DefaultChartStyle22",
                "SeriesStyle23" : "DefaultChartStyle23",
                "SeriesStyle24" : "DefaultChartStyle24",
                "SeriesStyle3" : "DefaultChartStyle3",
                "SeriesStyle4" : "DefaultChartStyle4",
                "SeriesStyle5" : "DefaultChartStyle5",
                "SeriesStyle6" : "DefaultChartStyle6",
                "SeriesStyle7" : "DefaultChartStyle7",
                "SeriesStyle8" : "DefaultChartStyle8",
                "SeriesStyle9" : "DefaultChartStyle9",
                "SeriesType1" : "chart",
                "SeriesType10" : "chart",
                "SeriesType11" : "chart",
                "SeriesType12" : "chart",
                "SeriesType13" : "chart",
                "SeriesType14" : "chart",
                "SeriesType15" : "chart",
                "SeriesType16" : "chart",
                "SeriesType17" : "chart",
                "SeriesType18" : "chart",
                "SeriesType19" : "chart",
                "SeriesType2" : "chart",
                "SeriesType20" : "chart",
                "SeriesType21" : "chart",
                "SeriesType22" : "chart",
                "SeriesType23" : "chart",
                "SeriesType24" : "chart",
                "SeriesType3" : "chart",
                "SeriesType4" : "chart",
                "SeriesType5" : "chart",
                "SeriesType6" : "chart",
                "SeriesType7" : "chart",
                "SeriesType8" : "chart",
                "SeriesType9" : "chart",
                "ShowDataLoading" : true,
                "ShowLegend" : true,
                "ShowXAxis" : true,
                "ShowXAxisGrid" : true,
                "ShowXAxisLabels" : true,
                "ShowXAxisTicks" : true,
                "ShowYAxis" : true,
                "ShowYAxisGrid" : true,
                "ShowYAxisLabels" : true,
                "ShowYAxisSmartLabels" : false,
                "ShowYAxisTicks" : true,
                "SingleDataSource" : true,
                "Smoothing" : false,
                "StackSeries" : false,
                "ToolTipStyle" : "DefaultTooltipStyle",
                "Top" : 30,
                "TruncateX-AxisLabels" : 0,
                "TruncateY-AxisLabels" : 0,
                "Type" : "labelchart",
                "UseSecondaryAxis1" : false,
                "UseSecondaryAxis10" : false,
                "UseSecondaryAxis11" : false,
                "UseSecondaryAxis12" : false,
                "UseSecondaryAxis13" : false,
                "UseSecondaryAxis14" : false,
                "UseSecondaryAxis15" : false,
                "UseSecondaryAxis16" : false,
                "UseSecondaryAxis17" : false,
                "UseSecondaryAxis18" : false,
                "UseSecondaryAxis19" : false,
                "UseSecondaryAxis2" : false,
                "UseSecondaryAxis20" : false,
                "UseSecondaryAxis21" : false,
                "UseSecondaryAxis22" : false,
                "UseSecondaryAxis23" : false,
                "UseSecondaryAxis24" : false,
                "UseSecondaryAxis3" : false,
                "UseSecondaryAxis4" : false,
                "UseSecondaryAxis5" : false,
                "UseSecondaryAxis6" : false,
                "UseSecondaryAxis7" : false,
                "UseSecondaryAxis8" : false,
                "UseSecondaryAxis9" : false,
                "Visible" : true,
                "Width" : 640,
                "XAxisField" : "KPIDateTime",
                "XAxisFormat" : "YYYY",
                "XAxisLabelRotation" : 0,
                "XAxisLabelType" : "DATETIME",
                "XAxisStyle" : "DefaultChartAxisStyle",
                "XAxisTitle" : "",
                "YAxisAutoscale" : true,
                "YAxisFormat" : "0000.0",
                "YAxisIntervals" : 10,
                "YAxisLabels" : 2,
                "YAxisMaximum" : 100,
                "YAxisMinimum" : 0,
                "YAxisMinorTicks" : 1,
                "YAxisMode" : "single",
                "YAxisStyle" : "DefaultChartAxisStyle",
                "YAxisTitle" : "",
                "YAxisZeroscale" : false,
                "Z-index" : 10,
                "__TypeDisplayName" : "Label Chart",
                "__supportsTooltip" : true
              },
              "Widgets" : [ ]
            } ]
          }, {
            "Properties" : {
              "AnimateExpandCollapse" : true,
              "Area" : "UI",
              "BGImageRepeat" : "no-repeat",
              "BGImageSize" : "auto",
              "DisplayName" : "Column",
              "ExpandCollapseTabLocation" : "outside",
              "Expanded" : true,
              "Id" : "container-14",
              "MinHeight" : 0,
              "MinWidth" : 0,
              "Overlay" : false,
              "OverlayIsTransparent" : false,
              "ResponsiveLayout" : true,
              "ShowDataLoading" : true,
              "ShowExpandCollapseTab" : false,
              "Style" : "DefaultContainerStyle",
              "TabCollapseStyle" : "DefaultTabCollapseStyle",
              "TabExpandStyle" : "DefaultTabExpandStyle",
              "TabHeight" : 36,
              "TabLocation" : "center",
              "TabOffset" : 0,
              "TabWidth" : 36,
              "Type" : "container",
              "Visible" : true,
              "Z-index" : 10,
              "__TypeDisplayName" : "Container",
              "userCannotRemove" : true
            },
            "Widgets" : [ {
              "Properties" : {
                "Area" : "UI",
                "CurrentTab" : 2,
                "DefaultTabAtRuntime" : 1,
                "DisplayName" : "tabsv2-39",
                "Height" : 300,
                "Id" : "tabsv2-39",
                "Left" : 160,
                "MaxTabWidth" : 256,
                "NumberOfTabs" : 2,
                "ResponsiveLayout" : true,
                "RoundedCorners" : true,
                "ShowDataLoading" : true,
                "Tab10Disabled" : false,
                "Tab10Image" : "",
                "Tab10Name" : "Tab10Name",
                "Tab10Value" : "Tab10Value",
                "Tab10Visible" : true,
                "Tab11Disabled" : false,
                "Tab11Image" : "",
                "Tab11Name" : "Tab11Name",
                "Tab11Value" : "Tab11Value",
                "Tab11Visible" : true,
                "Tab12Disabled" : false,
                "Tab12Image" : "",
                "Tab12Name" : "Tab12Name",
                "Tab12Value" : "Tab12Value",
                "Tab12Visible" : true,
                "Tab13Disabled" : false,
                "Tab13Image" : "",
                "Tab13Name" : "Tab13Name",
                "Tab13Value" : "Tab13Value",
                "Tab13Visible" : true,
                "Tab14Disabled" : false,
                "Tab14Image" : "",
                "Tab14Name" : "Tab14Name",
                "Tab14Value" : "Tab14Value",
                "Tab14Visible" : true,
                "Tab15Disabled" : false,
                "Tab15Image" : "",
                "Tab15Name" : "Tab15Name",
                "Tab15Value" : "Tab15Value",
                "Tab15Visible" : true,
                "Tab16Disabled" : false,
                "Tab16Image" : "",
                "Tab16Name" : "Tab16Name",
                "Tab16Value" : "Tab16Value",
                "Tab16Visible" : true,
                "Tab1Disabled" : false,
                "Tab1Image" : "",
                "Tab1Name" : "other",
                "Tab1Value" : "other",
                "Tab1Visible" : true,
                "Tab2Disabled" : false,
                "Tab2Image" : "",
                "Tab2Name" : "shift",
                "Tab2Value" : "shift",
                "Tab2Visible" : true,
                "Tab3Disabled" : false,
                "Tab3Image" : "",
                "Tab3Name" : "Tab3Name",
                "Tab3Value" : "Tab3Value",
                "Tab3Visible" : true,
                "Tab4Disabled" : false,
                "Tab4Image" : "",
                "Tab4Name" : "Tab4Name",
                "Tab4Value" : "Tab4Value",
                "Tab4Visible" : true,
                "Tab5Disabled" : false,
                "Tab5Image" : "",
                "Tab5Name" : "Tab5Name",
                "Tab5Value" : "Tab5Value",
                "Tab5Visible" : true,
                "Tab6Disabled" : false,
                "Tab6Image" : "",
                "Tab6Name" : "Tab6Name",
                "Tab6Value" : "Tab6Value",
                "Tab6Visible" : true,
                "Tab7Disabled" : false,
                "Tab7Image" : "",
                "Tab7Name" : "Tab7Name",
                "Tab7Value" : "Tab7Value",
                "Tab7Visible" : true,
                "Tab8Disabled" : false,
                "Tab8Image" : "",
                "Tab8Name" : "Tab8Name",
                "Tab8Value" : "Tab8Value",
                "Tab8Visible" : true,
                "Tab9Disabled" : false,
                "Tab9Image" : "",
                "Tab9Name" : "Tab9Name",
                "Tab9Value" : "Tab9Value",
                "Tab9Visible" : true,
                "TabContentStyle" : "DefaultTabContentStyle",
                "TabDisabledStyle" : "DefaultTabDisabledStyle",
                "TabHeight" : 0,
                "TabSelectedStyle" : "DefaultTabSelectedStyle",
                "TabSpacing" : 2,
                "TabUnselectedStyle" : "DefaultTabUnselectedStyle",
                "Top" : 75,
                "Type" : "tabsv2",
                "Visible" : true,
                "Width" : 300,
                "Z-index" : 10,
                "__TypeDisplayName" : "Registerkarten - reaktionsfähig"
              },
              "Widgets" : [ {
                "Properties" : {
                  "AnimateExpandCollapse" : true,
                  "Area" : "UI",
                  "BGImageRepeat" : "no-repeat",
                  "BGImageSize" : "auto",
                  "DisplayName" : "Tab #1",
                  "ExpandCollapseTabLocation" : "outside",
                  "Expanded" : true,
                  "Id" : "container-40",
                  "MinHeight" : 0,
                  "MinWidth" : 0,
                  "Overlay" : false,
                  "OverlayIsTransparent" : false,
                  "ResponsiveLayout" : true,
                  "ShowDataLoading" : true,
                  "ShowExpandCollapseTab" : false,
                  "Style" : "DefaultContainerStyle",
                  "TabCollapseStyle" : "DefaultTabCollapseStyle",
                  "TabExpandStyle" : "DefaultTabExpandStyle",
                  "TabHeight" : 36,
                  "TabLocation" : "center",
                  "TabOffset" : 0,
                  "TabWidth" : 36,
                  "Type" : "container",
                  "Visible" : true,
                  "Z-index" : 10,
                  "__TypeDisplayName" : "Container",
                  "userCannotRemove" : true
                },
                "Widgets" : [ {
                  "Properties" : {
                    "AllowSelection" : true,
                    "AllowXAxisZoom" : true,
                    "AllowYAxisZoom" : true,
                    "Area" : "UI",
                    "AxisAutoscale1" : true,
                    "AxisAutoscale10" : true,
                    "AxisAutoscale11" : true,
                    "AxisAutoscale12" : true,
                    "AxisAutoscale13" : true,
                    "AxisAutoscale14" : true,
                    "AxisAutoscale15" : true,
                    "AxisAutoscale16" : true,
                    "AxisAutoscale2" : true,
                    "AxisAutoscale3" : true,
                    "AxisAutoscale4" : true,
                    "AxisAutoscale5" : true,
                    "AxisAutoscale6" : true,
                    "AxisAutoscale7" : true,
                    "AxisAutoscale8" : true,
                    "AxisAutoscale9" : true,
                    "AxisFormat1" : "0000.0",
                    "AxisFormat10" : "0000.0",
                    "AxisFormat11" : "0000.0",
                    "AxisFormat12" : "0000.0",
                    "AxisFormat13" : "0000.0",
                    "AxisFormat14" : "0000.0",
                    "AxisFormat15" : "0000.0",
                    "AxisFormat16" : "0000.0",
                    "AxisFormat2" : "0000.0",
                    "AxisFormat3" : "0000.0",
                    "AxisFormat4" : "0000.0",
                    "AxisFormat5" : "0000.0",
                    "AxisFormat6" : "0000.0",
                    "AxisFormat7" : "0000.0",
                    "AxisFormat8" : "0000.0",
                    "AxisFormat9" : "0000.0",
                    "AxisMaximum1" : 100,
                    "AxisMaximum10" : 100,
                    "AxisMaximum11" : 100,
                    "AxisMaximum12" : 100,
                    "AxisMaximum13" : 100,
                    "AxisMaximum14" : 100,
                    "AxisMaximum15" : 100,
                    "AxisMaximum16" : 100,
                    "AxisMaximum2" : 100,
                    "AxisMaximum3" : 100,
                    "AxisMaximum4" : 100,
                    "AxisMaximum5" : 100,
                    "AxisMaximum6" : 100,
                    "AxisMaximum7" : 100,
                    "AxisMaximum8" : 100,
                    "AxisMaximum9" : 100,
                    "AxisMinimum1" : 0,
                    "AxisMinimum10" : 0,
                    "AxisMinimum11" : 0,
                    "AxisMinimum12" : 0,
                    "AxisMinimum13" : 0,
                    "AxisMinimum14" : 0,
                    "AxisMinimum15" : 0,
                    "AxisMinimum16" : 0,
                    "AxisMinimum2" : 0,
                    "AxisMinimum3" : 0,
                    "AxisMinimum4" : 0,
                    "AxisMinimum5" : 0,
                    "AxisMinimum6" : 0,
                    "AxisMinimum7" : 0,
                    "AxisMinimum8" : 0,
                    "AxisMinimum9" : 0,
                    "AxisZeroscale1" : false,
                    "AxisZeroscale10" : false,
                    "AxisZeroscale11" : false,
                    "AxisZeroscale12" : false,
                    "AxisZeroscale13" : false,
                    "AxisZeroscale14" : false,
                    "AxisZeroscale15" : false,
                    "AxisZeroscale16" : false,
                    "AxisZeroscale2" : false,
                    "AxisZeroscale3" : false,
                    "AxisZeroscale4" : false,
                    "AxisZeroscale5" : false,
                    "AxisZeroscale6" : false,
                    "AxisZeroscale7" : false,
                    "AxisZeroscale8" : false,
                    "AxisZeroscale9" : false,
                    "ChartAreaStyle" : "DefaultChartAreaStyle",
                    "ChartLegendStyle" : "DefaultChartLegendStyle",
                    "ChartOrientation" : "vertical",
                    "ChartStyle" : "DefaultChartStyle",
                    "ChartTitle" : "OEE/Utilization",
                    "ChartTitleStyle" : "DefaultChartTitleStyle",
                    "ChartType" : "linemarker",
                    "DataField1" : "oee",
                    "DataField2" : "utilization",
                    "DataLabel1" : "OEE",
                    "DataLabel2" : "Utilization",
                    "DisplayName" : "timeserieschart-25",
                    "EnableHover" : true,
                    "GridStyle" : "DefaultChartGridStyle",
                    "Height" : 240,
                    "Id" : "timeserieschart-25",
                    "Left" : 95,
                    "LegendLocation" : "right",
                    "LegendOrientation" : "vertical",
                    "LegendWidth" : 0,
                    "MarkerSize" : 3,
                    "MarkerType" : "circle",
                    "NumberOfSeries" : 2,
                    "ResponsiveLayout" : true,
                    "SecondaryYAxisAutoscale" : true,
                    "SecondaryYAxisFormat" : "0000.0",
                    "SecondaryYAxisMaximum" : 100,
                    "SecondaryYAxisMinimum" : 0,
                    "SecondaryYAxisZeroscale" : false,
                    "SelectedItemStyle" : "DefaultChartSelectionStyle",
                    "SeriesDataStyle10_StateParameters" : [ ],
                    "SeriesDataStyle11_StateParameters" : [ ],
                    "SeriesDataStyle12_StateParameters" : [ ],
                    "SeriesDataStyle13_StateParameters" : [ ],
                    "SeriesDataStyle14_StateParameters" : [ ],
                    "SeriesDataStyle15_StateParameters" : [ ],
                    "SeriesDataStyle16_StateParameters" : [ ],
                    "SeriesDataStyle1_StateParameters" : [ ],
                    "SeriesDataStyle2_StateParameters" : [ ],
                    "SeriesDataStyle3_StateParameters" : [ ],
                    "SeriesDataStyle4_StateParameters" : [ ],
                    "SeriesDataStyle5_StateParameters" : [ ],
                    "SeriesDataStyle6_StateParameters" : [ ],
                    "SeriesDataStyle7_StateParameters" : [ ],
                    "SeriesDataStyle8_StateParameters" : [ ],
                    "SeriesDataStyle9_StateParameters" : [ ],
                    "SeriesMarkerType1" : "chart",
                    "SeriesMarkerType10" : "chart",
                    "SeriesMarkerType11" : "chart",
                    "SeriesMarkerType12" : "chart",
                    "SeriesMarkerType13" : "chart",
                    "SeriesMarkerType14" : "chart",
                    "SeriesMarkerType15" : "chart",
                    "SeriesMarkerType16" : "chart",
                    "SeriesMarkerType2" : "chart",
                    "SeriesMarkerType3" : "chart",
                    "SeriesMarkerType4" : "chart",
                    "SeriesMarkerType5" : "chart",
                    "SeriesMarkerType6" : "chart",
                    "SeriesMarkerType7" : "chart",
                    "SeriesMarkerType8" : "chart",
                    "SeriesMarkerType9" : "chart",
                    "SeriesStyle1" : "DefaultChartStyle1",
                    "SeriesStyle10" : "DefaultChartStyle10",
                    "SeriesStyle11" : "DefaultChartStyle11",
                    "SeriesStyle12" : "DefaultChartStyle12",
                    "SeriesStyle13" : "DefaultChartStyle13",
                    "SeriesStyle14" : "DefaultChartStyle14",
                    "SeriesStyle15" : "DefaultChartStyle15",
                    "SeriesStyle16" : "DefaultChartStyle16",
                    "SeriesStyle2" : "DefaultChartStyle2",
                    "SeriesStyle3" : "DefaultChartStyle3",
                    "SeriesStyle4" : "DefaultChartStyle4",
                    "SeriesStyle5" : "DefaultChartStyle5",
                    "SeriesStyle6" : "DefaultChartStyle6",
                    "SeriesStyle7" : "DefaultChartStyle7",
                    "SeriesStyle8" : "DefaultChartStyle8",
                    "SeriesStyle9" : "DefaultChartStyle9",
                    "SeriesType1" : "chart",
                    "SeriesType10" : "chart",
                    "SeriesType11" : "chart",
                    "SeriesType12" : "chart",
                    "SeriesType13" : "chart",
                    "SeriesType14" : "chart",
                    "SeriesType15" : "chart",
                    "SeriesType16" : "chart",
                    "SeriesType2" : "chart",
                    "SeriesType3" : "chart",
                    "SeriesType4" : "chart",
                    "SeriesType5" : "chart",
                    "SeriesType6" : "chart",
                    "SeriesType7" : "chart",
                    "SeriesType8" : "chart",
                    "SeriesType9" : "chart",
                    "ShowDataLoading" : true,
                    "ShowLegend" : true,
                    "ShowXAxis" : true,
                    "ShowXAxisGrid" : true,
                    "ShowXAxisLabels" : true,
                    "ShowXAxisTicks" : true,
                    "ShowYAxis" : true,
                    "ShowYAxisGrid" : true,
                    "ShowYAxisLabels" : true,
                    "ShowYAxisTicks" : true,
                    "SingleDataSource" : true,
                    "Smoothing" : false,
                    "ToolTipStyle" : "DefaultTooltipStyle",
                    "Top" : 90,
                    "TruncateX-AxisLabels" : 0,
                    "TruncateY-AxisLabels" : 0,
                    "Type" : "timeserieschart",
                    "UseSecondaryAxis1" : false,
                    "UseSecondaryAxis10" : false,
                    "UseSecondaryAxis11" : false,
                    "UseSecondaryAxis12" : false,
                    "UseSecondaryAxis13" : false,
                    "UseSecondaryAxis14" : false,
                    "UseSecondaryAxis15" : false,
                    "UseSecondaryAxis16" : false,
                    "UseSecondaryAxis2" : false,
                    "UseSecondaryAxis3" : false,
                    "UseSecondaryAxis4" : false,
                    "UseSecondaryAxis5" : false,
                    "UseSecondaryAxis6" : false,
                    "UseSecondaryAxis7" : false,
                    "UseSecondaryAxis8" : false,
                    "UseSecondaryAxis9" : false,
                    "Visible" : true,
                    "Width" : 640,
                    "XAxisAutoscale" : false,
                    "XAxisField" : "KPIDateTime",
                    "XAxisFormat" : "MM/DD/YY HH:mm",
                    "XAxisIntervals" : 12,
                    "XAxisLabels" : 6,
                    "XAxisMaximum" : "2019-01-28T23:00:00.000Z",
                    "XAxisMinimum" : "2019-01-28T23:00:00.000Z",
                    "XAxisMinorTicks" : 0,
                    "XAxisSmoothScaling" : true,
                    "XAxisStyle" : "DefaultChartAxisStyle",
                    "XAxisZeroscale" : false,
                    "YAxisAutoscale" : true,
                    "YAxisFormat" : "0000.0",
                    "YAxisIntervals" : 10,
                    "YAxisLabels" : 2,
                    "YAxisMaximum" : 100,
                    "YAxisMinimum" : 0,
                    "YAxisMinorTicks" : 1,
                    "YAxisMode" : "single",
                    "YAxisStyle" : "DefaultChartAxisStyle",
                    "YAxisZeroscale" : false,
                    "Z-index" : 10,
                    "__TypeDisplayName" : "Time Series Chart",
                    "__supportsTooltip" : true
                  },
                  "Widgets" : [ ]
                } ]
              }, {
                "Properties" : {
                  "AnimateExpandCollapse" : true,
                  "Area" : "UI",
                  "BGImageRepeat" : "no-repeat",
                  "BGImageSize" : "auto",
                  "DisplayName" : "Tab #2",
                  "ExpandCollapseTabLocation" : "outside",
                  "Expanded" : true,
                  "Id" : "container-41",
                  "MinHeight" : 0,
                  "MinWidth" : 0,
                  "Overlay" : false,
                  "OverlayIsTransparent" : false,
                  "ResponsiveLayout" : true,
                  "ShowDataLoading" : true,
                  "ShowExpandCollapseTab" : false,
                  "Style" : "DefaultContainerStyle",
                  "TabCollapseStyle" : "DefaultTabCollapseStyle",
                  "TabExpandStyle" : "DefaultTabExpandStyle",
                  "TabHeight" : 36,
                  "TabLocation" : "center",
                  "TabOffset" : 0,
                  "TabWidth" : 36,
                  "Type" : "container",
                  "Visible" : true,
                  "Z-index" : 10,
                  "__TypeDisplayName" : "Container",
                  "userCannotRemove" : true
                },
                "Widgets" : [ {
                  "Properties" : {
                    "AllowSelection" : true,
                    "AllowXAxisZoom" : true,
                    "AllowYAxisZoom" : true,
                    "Area" : "UI",
                    "AxisAutoscale1" : true,
                    "AxisAutoscale10" : true,
                    "AxisAutoscale11" : true,
                    "AxisAutoscale12" : true,
                    "AxisAutoscale13" : true,
                    "AxisAutoscale14" : true,
                    "AxisAutoscale15" : true,
                    "AxisAutoscale16" : true,
                    "AxisAutoscale2" : true,
                    "AxisAutoscale3" : true,
                    "AxisAutoscale4" : true,
                    "AxisAutoscale5" : true,
                    "AxisAutoscale6" : true,
                    "AxisAutoscale7" : true,
                    "AxisAutoscale8" : true,
                    "AxisAutoscale9" : true,
                    "AxisFormat1" : "0000.0",
                    "AxisFormat10" : "0000.0",
                    "AxisFormat11" : "0000.0",
                    "AxisFormat12" : "0000.0",
                    "AxisFormat13" : "0000.0",
                    "AxisFormat14" : "0000.0",
                    "AxisFormat15" : "0000.0",
                    "AxisFormat16" : "0000.0",
                    "AxisFormat2" : "0000.0",
                    "AxisFormat3" : "0000.0",
                    "AxisFormat4" : "0000.0",
                    "AxisFormat5" : "0000.0",
                    "AxisFormat6" : "0000.0",
                    "AxisFormat7" : "0000.0",
                    "AxisFormat8" : "0000.0",
                    "AxisFormat9" : "0000.0",
                    "AxisMaximum1" : 100,
                    "AxisMaximum10" : 100,
                    "AxisMaximum11" : 100,
                    "AxisMaximum12" : 100,
                    "AxisMaximum13" : 100,
                    "AxisMaximum14" : 100,
                    "AxisMaximum15" : 100,
                    "AxisMaximum16" : 100,
                    "AxisMaximum2" : 100,
                    "AxisMaximum3" : 100,
                    "AxisMaximum4" : 100,
                    "AxisMaximum5" : 100,
                    "AxisMaximum6" : 100,
                    "AxisMaximum7" : 100,
                    "AxisMaximum8" : 100,
                    "AxisMaximum9" : 100,
                    "AxisMinimum1" : 0,
                    "AxisMinimum10" : 0,
                    "AxisMinimum11" : 0,
                    "AxisMinimum12" : 0,
                    "AxisMinimum13" : 0,
                    "AxisMinimum14" : 0,
                    "AxisMinimum15" : 0,
                    "AxisMinimum16" : 0,
                    "AxisMinimum2" : 0,
                    "AxisMinimum3" : 0,
                    "AxisMinimum4" : 0,
                    "AxisMinimum5" : 0,
                    "AxisMinimum6" : 0,
                    "AxisMinimum7" : 0,
                    "AxisMinimum8" : 0,
                    "AxisMinimum9" : 0,
                    "AxisZeroscale1" : false,
                    "AxisZeroscale10" : false,
                    "AxisZeroscale11" : false,
                    "AxisZeroscale12" : false,
                    "AxisZeroscale13" : false,
                    "AxisZeroscale14" : false,
                    "AxisZeroscale15" : false,
                    "AxisZeroscale16" : false,
                    "AxisZeroscale2" : false,
                    "AxisZeroscale3" : false,
                    "AxisZeroscale4" : false,
                    "AxisZeroscale5" : false,
                    "AxisZeroscale6" : false,
                    "AxisZeroscale7" : false,
                    "AxisZeroscale8" : false,
                    "AxisZeroscale9" : false,
                    "ChartAreaStyle" : "DefaultChartAreaStyle",
                    "ChartLegendStyle" : "DefaultChartLegendStyle",
                    "ChartOrientation" : "vertical",
                    "ChartStyle" : "DefaultChartStyle",
                    "ChartTitle" : "OEE/Utilization",
                    "ChartTitleStyle" : "DefaultChartTitleStyle",
                    "ChartType" : "linemarker",
                    "DataField1" : "oee",
                    "DataField2" : "utilization",
                    "DataLabel1" : "OEE",
                    "DataLabel2" : "Utilization",
                    "DisplayName" : "timeserieschart-42",
                    "EnableHover" : true,
                    "GridStyle" : "DefaultChartGridStyle",
                    "Height" : 240,
                    "Id" : "timeserieschart-42",
                    "Left" : 95,
                    "LegendLocation" : "right",
                    "LegendOrientation" : "vertical",
                    "LegendWidth" : 0,
                    "MarkerSize" : 3,
                    "MarkerType" : "circle",
                    "NumberOfSeries" : 1,
                    "ResponsiveLayout" : true,
                    "SecondaryYAxisAutoscale" : true,
                    "SecondaryYAxisFormat" : "0000.0",
                    "SecondaryYAxisMaximum" : 100,
                    "SecondaryYAxisMinimum" : 0,
                    "SecondaryYAxisZeroscale" : false,
                    "SelectedItemStyle" : "DefaultChartSelectionStyle",
                    "SeriesDataStyle10_StateParameters" : [ ],
                    "SeriesDataStyle11_StateParameters" : [ ],
                    "SeriesDataStyle12_StateParameters" : [ ],
                    "SeriesDataStyle13_StateParameters" : [ ],
                    "SeriesDataStyle14_StateParameters" : [ ],
                    "SeriesDataStyle15_StateParameters" : [ ],
                    "SeriesDataStyle16_StateParameters" : [ ],
                    "SeriesDataStyle1_StateParameters" : [ ],
                    "SeriesDataStyle2_StateParameters" : [ ],
                    "SeriesDataStyle3_StateParameters" : [ ],
                    "SeriesDataStyle4_StateParameters" : [ ],
                    "SeriesDataStyle5_StateParameters" : [ ],
                    "SeriesDataStyle6_StateParameters" : [ ],
                    "SeriesDataStyle7_StateParameters" : [ ],
                    "SeriesDataStyle8_StateParameters" : [ ],
                    "SeriesDataStyle9_StateParameters" : [ ],
                    "SeriesMarkerType1" : "chart",
                    "SeriesMarkerType10" : "chart",
                    "SeriesMarkerType11" : "chart",
                    "SeriesMarkerType12" : "chart",
                    "SeriesMarkerType13" : "chart",
                    "SeriesMarkerType14" : "chart",
                    "SeriesMarkerType15" : "chart",
                    "SeriesMarkerType16" : "chart",
                    "SeriesMarkerType2" : "chart",
                    "SeriesMarkerType3" : "chart",
                    "SeriesMarkerType4" : "chart",
                    "SeriesMarkerType5" : "chart",
                    "SeriesMarkerType6" : "chart",
                    "SeriesMarkerType7" : "chart",
                    "SeriesMarkerType8" : "chart",
                    "SeriesMarkerType9" : "chart",
                    "SeriesStyle1" : "DefaultChartStyle1",
                    "SeriesStyle10" : "DefaultChartStyle10",
                    "SeriesStyle11" : "DefaultChartStyle11",
                    "SeriesStyle12" : "DefaultChartStyle12",
                    "SeriesStyle13" : "DefaultChartStyle13",
                    "SeriesStyle14" : "DefaultChartStyle14",
                    "SeriesStyle15" : "DefaultChartStyle15",
                    "SeriesStyle16" : "DefaultChartStyle16",
                    "SeriesStyle2" : "DefaultChartStyle2",
                    "SeriesStyle3" : "DefaultChartStyle3",
                    "SeriesStyle4" : "DefaultChartStyle4",
                    "SeriesStyle5" : "DefaultChartStyle5",
                    "SeriesStyle6" : "DefaultChartStyle6",
                    "SeriesStyle7" : "DefaultChartStyle7",
                    "SeriesStyle8" : "DefaultChartStyle8",
                    "SeriesStyle9" : "DefaultChartStyle9",
                    "SeriesType1" : "chart",
                    "SeriesType10" : "chart",
                    "SeriesType11" : "chart",
                    "SeriesType12" : "chart",
                    "SeriesType13" : "chart",
                    "SeriesType14" : "chart",
                    "SeriesType15" : "chart",
                    "SeriesType16" : "chart",
                    "SeriesType2" : "chart",
                    "SeriesType3" : "chart",
                    "SeriesType4" : "chart",
                    "SeriesType5" : "chart",
                    "SeriesType6" : "chart",
                    "SeriesType7" : "chart",
                    "SeriesType8" : "chart",
                    "SeriesType9" : "chart",
                    "ShowDataLoading" : true,
                    "ShowLegend" : true,
                    "ShowXAxis" : true,
                    "ShowXAxisGrid" : true,
                    "ShowXAxisLabels" : true,
                    "ShowXAxisTicks" : true,
                    "ShowYAxis" : true,
                    "ShowYAxisGrid" : true,
                    "ShowYAxisLabels" : true,
                    "ShowYAxisTicks" : true,
                    "SingleDataSource" : true,
                    "Smoothing" : false,
                    "ToolTipStyle" : "DefaultTooltipStyle",
                    "Top" : 90,
                    "TruncateX-AxisLabels" : 0,
                    "TruncateY-AxisLabels" : 0,
                    "Type" : "timeserieschart",
                    "UseSecondaryAxis1" : false,
                    "UseSecondaryAxis10" : false,
                    "UseSecondaryAxis11" : false,
                    "UseSecondaryAxis12" : false,
                    "UseSecondaryAxis13" : false,
                    "UseSecondaryAxis14" : false,
                    "UseSecondaryAxis15" : false,
                    "UseSecondaryAxis16" : false,
                    "UseSecondaryAxis2" : false,
                    "UseSecondaryAxis3" : false,
                    "UseSecondaryAxis4" : false,
                    "UseSecondaryAxis5" : false,
                    "UseSecondaryAxis6" : false,
                    "UseSecondaryAxis7" : false,
                    "UseSecondaryAxis8" : false,
                    "UseSecondaryAxis9" : false,
                    "Visible" : true,
                    "Width" : 640,
                    "XAxisAutoscale" : false,
                    "XAxisField" : "KPIDateTime",
                    "XAxisFormat" : "MM/DD/YY HH:mm",
                    "XAxisIntervals" : 12,
                    "XAxisLabels" : 6,
                    "XAxisMaximum" : "2019-01-28T23:00:00.000Z",
                    "XAxisMinimum" : "2019-01-28T23:00:00.000Z",
                    "XAxisMinorTicks" : 0,
                    "XAxisSmoothScaling" : true,
                    "XAxisStyle" : "DefaultChartAxisStyle",
                    "XAxisZeroscale" : false,
                    "YAxisAutoscale" : true,
                    "YAxisFormat" : "0000.0",
                    "YAxisIntervals" : 10,
                    "YAxisLabels" : 2,
                    "YAxisMaximum" : 100,
                    "YAxisMinimum" : 0,
                    "YAxisMinorTicks" : 1,
                    "YAxisMode" : "single",
                    "YAxisStyle" : "DefaultChartAxisStyle",
                    "YAxisZeroscale" : false,
                    "Z-index" : 10,
                    "__TypeDisplayName" : "Time Series Chart",
                    "__supportsTooltip" : true
                  },
                  "Widgets" : [ ]
                } ]
              } ]
            } ]
          } ]
        } ]
      }, {
        "Properties" : {
          "AnimateExpandCollapse" : true,
          "Area" : "UI",
          "BGImageRepeat" : "no-repeat",
          "BGImageSize" : "auto",
          "DisplayName" : "Footer",
          "ExpandCollapseTabLocation" : "outside",
          "Expanded" : true,
          "Id" : "container-29",
          "MinHeight" : 0,
          "MinWidth" : 0,
          "Overlay" : false,
          "OverlayIsTransparent" : false,
          "ResponsiveLayout" : true,
          "ShowDataLoading" : true,
          "ShowExpandCollapseTab" : false,
          "Style" : "DefaultContainerStyle",
          "TabCollapseStyle" : "DefaultTabCollapseStyle",
          "TabExpandStyle" : "DefaultTabExpandStyle",
          "TabHeight" : 36,
          "TabLocation" : "center",
          "TabOffset" : 0,
          "TabWidth" : 36,
          "Type" : "container",
          "Visible" : true,
          "Z-index" : 10,
          "__TypeDisplayName" : "Container",
          "userCannotRemove" : true
        },
        "Widgets" : [ {
          "Properties" : {
            "Area" : "UI",
            "Columns" : 4,
            "DisplayName" : "layout-30",
            "Footer" : false,
            "FooterHeight" : 0,
            "Header" : false,
            "HeaderHeight" : 0,
            "Id" : "layout-30",
            "IncludeSpacingInFixedAreas" : false,
            "IsPrintLayout" : false,
            "Left" : 535,
            "LeftSidebar" : false,
            "LeftSidebarWidth" : 0,
            "Orientation" : "horizontal",
            "PctColumn1" : 25,
            "PctColumn2" : 25,
            "PctColumn3" : 25,
            "PctColumn4" : 25,
            "PctColumn5" : 3,
            "PctColumn6" : 1,
            "PctColumn7" : 1,
            "PctColumn8" : 1,
            "PctRow1" : 50,
            "PctRow2" : 50,
            "PctRow3" : 0,
            "PctRow4" : 0,
            "PctRow5" : 0,
            "PctRow6" : 0,
            "PctRow7" : 0,
            "PctRow8" : 0,
            "PrintMarginLeftRight" : 0.5,
            "PrintMarginTopBottom" : 0.5,
            "PrintWidth" : 650,
            "ResponsiveLayout" : true,
            "RightSidebar" : false,
            "RightSidebarWidth" : 0,
            "Rows" : 0,
            "ShowDataLoading" : true,
            "Spacing" : 2,
            "Top" : 15,
            "Type" : "layout",
            "Visible" : true,
            "Z-index" : 10,
            "__TypeDisplayName" : "Layout"
          },
          "Widgets" : [ {
            "Properties" : {
              "AnimateExpandCollapse" : true,
              "Area" : "UI",
              "BGImageRepeat" : "no-repeat",
              "BGImageSize" : "auto",
              "DisplayName" : "Column 1",
              "ExpandCollapseTabLocation" : "outside",
              "Expanded" : true,
              "Id" : "container-31",
              "MinHeight" : 0,
              "MinWidth" : 0,
              "Overlay" : false,
              "OverlayIsTransparent" : false,
              "ResponsiveLayout" : true,
              "ShowDataLoading" : true,
              "ShowExpandCollapseTab" : false,
              "Style" : "DefaultContainerStyle",
              "TabCollapseStyle" : "DefaultTabCollapseStyle",
              "TabExpandStyle" : "DefaultTabExpandStyle",
              "TabHeight" : 36,
              "TabLocation" : "center",
              "TabOffset" : 0,
              "TabWidth" : 36,
              "Type" : "container",
              "Visible" : true,
              "Z-index" : 10,
              "__TypeDisplayName" : "Container",
              "userCannotRemove" : true
            },
            "Widgets" : [ {
              "Properties" : {
                "Alignment" : "left",
                "Area" : "UI",
                "BackgroundFill" : "content",
                "DisplayName" : "valuedisplaykb-35",
                "Height" : 22,
                "Id" : "valuedisplaykb-35",
                "ImageScaling" : "Width",
                "Label" : "",
                "LabelAlignment" : "left",
                "Left" : 125,
                "Overflow" : "hidden",
                "ResponsiveLayout" : true,
                "ShowDataLoading" : true,
                "TextIfNoValue" : "",
                "TextIfNoValueOffset" : 0,
                "TextIfNoValueStyle" : "DefaultValueDisplayNoTextStyle",
                "TextWrap" : true,
                "ToolTipField" : "",
                "ToolTipStyle" : "DefaultTooltipStyle",
                "Top" : 10,
                "Type" : "valuedisplaykb",
                "ValueDisplayLabelStyle" : "DefaultWidgetLabelStyle",
                "ValueDisplayStyle" : "KBSmallBlackValueDisplayStyle",
                "ValueFormat" : {
                  "FormatString" : "full",
                  "renderer" : "STRING"
                },
                "ValueFormat_StateParameters" : [ ],
                "VerticalAlignment" : "middle",
                "Visible" : true,
                "Width" : 100,
                "Z-index" : 10,
                "__TypeDisplayName" : "Value Display",
                "__supportsLabel" : true,
                "__supportsTooltip" : true
              },
              "Widgets" : [ ]
            } ]
          }, {
            "Properties" : {
              "AnimateExpandCollapse" : true,
              "Area" : "UI",
              "BGImageRepeat" : "no-repeat",
              "BGImageSize" : "auto",
              "DisplayName" : "Column 2",
              "ExpandCollapseTabLocation" : "outside",
              "Expanded" : true,
              "Id" : "container-32",
              "MinHeight" : 0,
              "MinWidth" : 0,
              "Overlay" : false,
              "OverlayIsTransparent" : false,
              "ResponsiveLayout" : true,
              "ShowDataLoading" : true,
              "ShowExpandCollapseTab" : false,
              "Style" : "DefaultContainerStyle",
              "TabCollapseStyle" : "DefaultTabCollapseStyle",
              "TabExpandStyle" : "DefaultTabExpandStyle",
              "TabHeight" : 36,
              "TabLocation" : "center",
              "TabOffset" : 0,
              "TabWidth" : 36,
              "Type" : "container",
              "Visible" : true,
              "Z-index" : 10,
              "__TypeDisplayName" : "Container",
              "userCannotRemove" : true
            },
            "Widgets" : [ {
              "Properties" : {
                "Alignment" : "left",
                "Area" : "UI",
                "BackgroundFill" : "content",
                "DisplayName" : "valuedisplaykb-36",
                "Height" : 22,
                "Id" : "valuedisplaykb-36",
                "ImageScaling" : "Width",
                "Label" : "",
                "LabelAlignment" : "left",
                "Left" : 120,
                "Overflow" : "hidden",
                "ResponsiveLayout" : true,
                "ShowDataLoading" : true,
                "TextIfNoValue" : "",
                "TextIfNoValueOffset" : 0,
                "TextIfNoValueStyle" : "DefaultValueDisplayNoTextStyle",
                "TextWrap" : true,
                "ToolTipField" : "",
                "ToolTipStyle" : "DefaultTooltipStyle",
                "Top" : 15,
                "Type" : "valuedisplaykb",
                "ValueDisplayLabelStyle" : "DefaultWidgetLabelStyle",
                "ValueDisplayStyle" : "KBSmallBlackValueDisplayStyle",
                "ValueFormat" : {
                  "FormatString" : "full",
                  "renderer" : "STRING"
                },
                "ValueFormat_StateParameters" : [ ],
                "VerticalAlignment" : "middle",
                "Visible" : true,
                "Width" : 100,
                "Z-index" : 10,
                "__TypeDisplayName" : "Value Display",
                "__supportsLabel" : true,
                "__supportsTooltip" : true
              },
              "Widgets" : [ ]
            } ]
          }, {
            "Properties" : {
              "AnimateExpandCollapse" : true,
              "Area" : "UI",
              "BGImageRepeat" : "no-repeat",
              "BGImageSize" : "auto",
              "DisplayName" : "Column 3",
              "ExpandCollapseTabLocation" : "outside",
              "Expanded" : true,
              "Id" : "container-33",
              "MinHeight" : 0,
              "MinWidth" : 0,
              "Overlay" : false,
              "OverlayIsTransparent" : false,
              "ResponsiveLayout" : true,
              "ShowDataLoading" : true,
              "ShowExpandCollapseTab" : false,
              "Style" : "DefaultContainerStyle",
              "TabCollapseStyle" : "DefaultTabCollapseStyle",
              "TabExpandStyle" : "DefaultTabExpandStyle",
              "TabHeight" : 36,
              "TabLocation" : "center",
              "TabOffset" : 0,
              "TabWidth" : 36,
              "Type" : "container",
              "Visible" : true,
              "Z-index" : 10,
              "__TypeDisplayName" : "Container",
              "userCannotRemove" : true
            },
            "Widgets" : [ {
              "Properties" : {
                "Alignment" : "left",
                "Area" : "UI",
                "BackgroundFill" : "content",
                "DisplayName" : "valuedisplaykb-37",
                "Height" : 22,
                "Id" : "valuedisplaykb-37",
                "ImageScaling" : "Width",
                "Label" : "",
                "LabelAlignment" : "left",
                "Left" : 135,
                "Overflow" : "hidden",
                "ResponsiveLayout" : true,
                "ShowDataLoading" : true,
                "TextIfNoValue" : "",
                "TextIfNoValueOffset" : 0,
                "TextIfNoValueStyle" : "DefaultValueDisplayNoTextStyle",
                "TextWrap" : true,
                "ToolTipField" : "",
                "ToolTipStyle" : "DefaultTooltipStyle",
                "Top" : 15,
                "Type" : "valuedisplaykb",
                "ValueDisplayLabelStyle" : "DefaultWidgetLabelStyle",
                "ValueDisplayStyle" : "KBSmallBlackValueDisplayStyle",
                "ValueFormat" : {
                  "FormatString" : "full",
                  "renderer" : "STRING"
                },
                "ValueFormat_StateParameters" : [ ],
                "VerticalAlignment" : "middle",
                "Visible" : true,
                "Width" : 100,
                "Z-index" : 10,
                "__TypeDisplayName" : "Value Display",
                "__supportsLabel" : true,
                "__supportsTooltip" : true
              },
              "Widgets" : [ ]
            } ]
          }, {
            "Properties" : {
              "AnimateExpandCollapse" : true,
              "Area" : "UI",
              "BGImageRepeat" : "no-repeat",
              "BGImageSize" : "auto",
              "DisplayName" : "Column 4",
              "ExpandCollapseTabLocation" : "outside",
              "Expanded" : true,
              "Id" : "container-34",
              "MinHeight" : 0,
              "MinWidth" : 0,
              "Overlay" : false,
              "OverlayIsTransparent" : false,
              "ResponsiveLayout" : true,
              "ShowDataLoading" : true,
              "ShowExpandCollapseTab" : false,
              "Style" : "DefaultContainerStyle",
              "TabCollapseStyle" : "DefaultTabCollapseStyle",
              "TabExpandStyle" : "DefaultTabExpandStyle",
              "TabHeight" : 36,
              "TabLocation" : "center",
              "TabOffset" : 0,
              "TabWidth" : 36,
              "Type" : "container",
              "Visible" : true,
              "Z-index" : 10,
              "__TypeDisplayName" : "Container",
              "userCannotRemove" : true
            },
            "Widgets" : [ {
              "Properties" : {
                "Alignment" : "left",
                "Area" : "UI",
                "BackgroundFill" : "content",
                "DisplayName" : "valuedisplaykb-38",
                "Height" : 22,
                "Id" : "valuedisplaykb-38",
                "ImageScaling" : "Width",
                "Label" : "",
                "LabelAlignment" : "left",
                "Left" : 125,
                "Overflow" : "hidden",
                "ResponsiveLayout" : true,
                "ShowDataLoading" : true,
                "TextIfNoValue" : "",
                "TextIfNoValueOffset" : 0,
                "TextIfNoValueStyle" : "DefaultValueDisplayNoTextStyle",
                "TextWrap" : true,
                "ToolTipField" : "",
                "ToolTipStyle" : "DefaultTooltipStyle",
                "Top" : 5,
                "Type" : "valuedisplaykb",
                "ValueDisplayLabelStyle" : "DefaultWidgetLabelStyle",
                "ValueDisplayStyle" : "KBSmallBlackValueDisplayStyle",
                "ValueFormat" : {
                  "renderer" : "DEFAULT"
                },
                "ValueFormat_StateParameters" : [ ],
                "VerticalAlignment" : "middle",
                "Visible" : true,
                "Width" : 100,
                "Z-index" : 10,
                "__TypeDisplayName" : "Value Display",
                "__supportsLabel" : true,
                "__supportsTooltip" : true
              },
              "Widgets" : [ ]
            } ]
          } ]
        } ]
      } ]
    }, {
      "Properties" : {
        "Area" : "UI",
        "AutoEvaluate" : false,
        "DataChangeType" : "VALUE",
        "DisplayName" : "IsShiftSelected",
        "Expression" : "if (CalculationBase == \"Shift\") {\n    Output = \"shift\";\n} else {\n    Output = \"other\";\n}",
        "FireOnFirstValue" : false,
        "Height" : 28,
        "Id" : "expression-44",
        "Left" : 0,
        "OutputBaseType" : "STRING",
        "ShowDataLoading" : true,
        "Top" : 0,
        "Type" : "expression",
        "Visible" : true,
        "Width" : 200,
        "Z-index" : 10,
        "__TypeDisplayName" : "Ausdruck",
        "_currentParameterDefs" : [ {
          "BaseType" : "STRING",
          "Description" : "",
          "ParameterName" : "CalculationBase",
          "isValid" : true
        } ],
        "parameters" : [ {
          "BaseType" : "STRING",
          "Description" : "",
          "ParameterName" : "CalculationBase",
          "isValid" : true
        } ]
      },
      "Widgets" : [ ]
    } ]
  },
  "mashupType" : "mashup"
}]]></mashupContent>
			<preview />
			<ConfigurationChanges>
				<ConfigurationChange changeAction="CREATE"
					changeReason="" timestamp="2020-06-15T12:18:46.211+02:00"
					user="adm-flassakm" />
				<ConfigurationChange changeAction="MODIFY"
					changeReason="Mashup : design : updated&#10;"
					timestamp="2020-06-15T12:25:46.984+02:00" user="adm-flassakm" />
				<ConfigurationChange changeAction="MODIFY"
					changeReason="Mashup : design : updated&#10;"
					timestamp="2020-06-15T12:28:02.173+02:00" user="adm-flassakm" />
				<ConfigurationChange changeAction="MODIFY"
					changeReason="" timestamp="2020-06-15T12:28:23.439+02:00"
					user="adm-flassakm" />
				<ConfigurationChange changeAction="MODIFY"
					changeReason="Mashup : design : updated&#10;"
					timestamp="2020-06-15T12:36:25.845+02:00" user="adm-flassakm" />
				<ConfigurationChange changeAction="MODIFY"
					changeReason="Mashup : design : updated&#10;"
					timestamp="2020-06-15T12:47:43.853+02:00" user="adm-flassakm" />
			</ConfigurationChanges>
		</Mashup>
	</Mashups>
</Entities>