<?xml version="1.0" encoding="UTF-8" standalone="no"?>
<Entities build="b167" majorVersion="8" minorVersion="2"
	modelPersistenceProviderPackage="MssqlPersistenceProviderPackage"
	revision="2" schemaVersion="1020" universal="">
	<Mashups>
		<Mashup aspect.isResponsive="true" aspect.mashupType="mashup"
			columns="0.0" description="" documentationContent="" homeMashup=""
			lastModifiedDate="2019-09-16T10:00:37.765+02:00"
			name="KBProductionAdvisorCvsDowntimeMashup" projectName="" rows="0.0"
			tags="">
			<Owner name="adm-flassakm" type="User" />
			<avatar />
			<DesignTimePermissions>
				<Create />
				<Read />
				<Update />
				<Delete />
				<Metadata />
			</DesignTimePermissions>
			<RunTimePermissions>
				<Permissions resourceName="*">
					<PropertyRead>
						<Principal isPermitted="true" name="KBUserGroup"
							type="Group" />
					</PropertyRead>
					<PropertyWrite />
					<ServiceInvoke>
						<Principal isPermitted="true" name="KBUserGroup"
							type="Group" />
					</ServiceInvoke>
					<EventInvoke />
					<EventSubscribe />
				</Permissions>
			</RunTimePermissions>
			<VisibilityPermissions>
				<Visibility>
					<Principal isPermitted="true" name="KBOrganization"
						type="Organization" />
				</Visibility>
			</VisibilityPermissions>
			<ConfigurationTables />
			<ParameterDefinitions>
				<FieldDefinition aspect.ordinal="0"
					baseType="STRING" description="" name="MachineName" ordinal="0" />
				<FieldDefinition aspect.ordinal="1"
					baseType="STRING" description="" name="MachineThing" ordinal="0" />
				<FieldDefinition aspect.ordinal="2"
					baseType="STRING" description="" name="StationThing" ordinal="0" />
			</ParameterDefinitions>
			<Things>
				<Thing>KBKPILocalThingWorxDatabaseThing</Thing>
				<Thing>KBTimeHelperThing</Thing>
			</Things>
			<ThingShapes />
			<ThingTemplates />
			<mashupContent><![CDATA[{
  "CustomMashupCss" : "",
  "Data" : {
    "Session" : {
      "DataName" : "Session",
      "EntityName" : "",
      "EntityType" : "Session",
      "Id" : "session",
      "Services" : [ {
        "APIMethod" : "post",
        "Characteristic" : "Services",
        "Id" : "SessionInterface",
        "Name" : "GetGlobalSessionValues",
        "Parameters" : { },
        "RefreshInterval" : 0,
        "Target" : "GetGlobalSessionValues"
      } ]
    },
    "Things_KBKPILocalThingWorxDatabaseThing" : {
      "DataName" : "Things_KBKPILocalThingWorxDatabaseThing",
      "EntityName" : "KBKPILocalThingWorxDatabaseThing",
      "EntityType" : "Things",
      "Id" : "4eef2476-47e3-436f-a170-0315babba777",
      "Services" : [ {
        "APIMethod" : "post",
        "Characteristic" : "Services",
        "Id" : "e011198c-97f3-4088-8ceb-854106eadedc",
        "Name" : "GetWeeklyDowntimeStatisic",
        "Parameters" : { },
        "RefreshInterval" : 0,
        "Target" : "GetWeeklyDowntimeStatisic"
      } ]
    },
    "Things_KBTimeHelperThing" : {
      "DataName" : "Things_KBTimeHelperThing",
      "EntityName" : "KBTimeHelperThing",
      "EntityType" : "Things",
      "Id" : "35dd9684-f6ba-47c0-9fc6-4251ae006df4",
      "Services" : [ {
        "APIMethod" : "post",
        "Characteristic" : "Services",
        "Id" : "5b0ceaff-2551-4eaa-ac46-e30f4e805a61",
        "Name" : "GetCurrentWeekStart",
        "Parameters" : { },
        "RefreshInterval" : 0,
        "Target" : "GetCurrentWeekStart"
      }, {
        "APIMethod" : "post",
        "Characteristic" : "Services",
        "Id" : "f77d002d-6ceb-4ad9-b139-953c1ff5a8b9",
        "Name" : "GetCurrentWeekEnd",
        "Parameters" : { },
        "RefreshInterval" : 0,
        "Target" : "GetCurrentWeekEnd"
      } ]
    },
    "UserExtensions" : {
      "DataName" : "UserExtensions",
      "EntityName" : "",
      "EntityType" : "UserExtensions",
      "Id" : "UserExtensions",
      "Services" : [ {
        "APIMethod" : "post",
        "Characteristic" : "Services",
        "Id" : "UserExtensionInterface",
        "Name" : "GetCurrentUserExtensionProperties",
        "Parameters" : { },
        "RefreshInterval" : 0,
        "Target" : "GetCurrentUserExtensionProperties"
      } ]
    }
  },
  "DataBindings" : [ {
    "Id" : "5f9bf88d-17f8-4f4e-9863-6bbfd7679f65",
    "PropertyMaps" : [ {
      "SourceProperty" : "MachineName",
      "SourcePropertyBaseType" : "STRING",
      "SourcePropertyType" : "Property",
      "TargetProperty" : "Text",
      "TargetPropertyBaseType" : "STRING",
      "TargetPropertyType" : "property"
    } ],
    "SourceArea" : "Mashup",
    "SourceId" : "mashup-root",
    "SourceSection" : "",
    "TargetArea" : "UI",
    "TargetId" : "label-6",
    "TargetSection" : ""
  }, {
    "Id" : "e00e75db-5bdd-4307-aa25-9100ea369d09",
    "PropertyMaps" : [ {
      "SourceProperty" : "MachineThing",
      "SourcePropertyBaseType" : "STRING",
      "TargetProperty" : "MachineThing",
      "TargetPropertyBaseType" : "STRING",
      "TargetPropertyType" : "Parameter"
    } ],
    "SourceArea" : "Mashup",
    "SourceId" : "mashup-root",
    "SourceSection" : "",
    "TargetArea" : "Data",
    "TargetId" : "GetWeeklyDowntimeStatisic",
    "TargetSection" : "Things_KBKPILocalThingWorxDatabaseThing"
  }, {
    "Id" : "b58ed9eb-f86e-4533-8d9a-458ceb8cf0dc",
    "PropertyMaps" : [ {
      "SourceProperty" : "StationThing",
      "SourcePropertyBaseType" : "STRING",
      "TargetProperty" : "StationThing",
      "TargetPropertyBaseType" : "STRING",
      "TargetPropertyType" : "Parameter"
    } ],
    "SourceArea" : "Mashup",
    "SourceId" : "mashup-root",
    "SourceSection" : "",
    "TargetArea" : "Data",
    "TargetId" : "GetWeeklyDowntimeStatisic",
    "TargetSection" : "Things_KBKPILocalThingWorxDatabaseThing"
  }, {
    "Id" : "88b27a23-4f32-4d3e-810d-884d18e3fa58",
    "PropertyMaps" : [ {
      "SourceProperty" : "",
      "SourcePropertyBaseType" : "INFOTABLE",
      "SourcePropertyType" : "InfoTable",
      "TargetProperty" : "Data",
      "TargetPropertyBaseType" : "INFOTABLE",
      "TargetPropertyType" : "property"
    } ],
    "SourceArea" : "Data",
    "SourceDetails" : "AllData",
    "SourceId" : "GetWeeklyDowntimeStatisic",
    "SourceSection" : "Things_KBKPILocalThingWorxDatabaseThing",
    "TargetArea" : "UI",
    "TargetId" : "labelchart-7",
    "TargetSection" : ""
  }, {
    "Id" : "6ba709e7-d0b2-44bf-af70-3c8f34db073b",
    "PropertyMaps" : [ {
      "SourceProperty" : "",
      "SourcePropertyBaseType" : "INFOTABLE",
      "SourcePropertyType" : "InfoTable",
      "TargetProperty" : "Data",
      "TargetPropertyBaseType" : "INFOTABLE",
      "TargetPropertyType" : "property"
    } ],
    "SourceArea" : "Data",
    "SourceDetails" : "AllData",
    "SourceId" : "GetWeeklyDowntimeStatisic",
    "SourceSection" : "Things_KBKPILocalThingWorxDatabaseThing",
    "TargetArea" : "UI",
    "TargetId" : "labelchart-12",
    "TargetSection" : ""
  }, {
    "Id" : "77d4c0f7-adc9-498c-9e2d-dbec1847ad5c",
    "PropertyMaps" : [ {
      "SourceProperty" : "result",
      "SourcePropertyBaseType" : "DATETIME",
      "SourcePropertyType" : "Field",
      "TargetProperty" : "Text",
      "TargetPropertyBaseType" : "STRING",
      "TargetPropertyType" : "property"
    } ],
    "SourceArea" : "Data",
    "SourceDetails" : "AllData",
    "SourceId" : "GetCurrentWeekStart",
    "SourceSection" : "Things_KBTimeHelperThing",
    "TargetArea" : "UI",
    "TargetId" : "label-13",
    "TargetSection" : ""
  }, {
    "Id" : "8a83cc9f-418a-4e07-8625-2b6a002f571e",
    "PropertyMaps" : [ {
      "SourceProperty" : "result",
      "SourcePropertyBaseType" : "DATETIME",
      "SourcePropertyType" : "Field",
      "TargetProperty" : "Text",
      "TargetPropertyBaseType" : "STRING",
      "TargetPropertyType" : "property"
    } ],
    "SourceArea" : "Data",
    "SourceDetails" : "AllData",
    "SourceId" : "GetCurrentWeekEnd",
    "SourceSection" : "Things_KBTimeHelperThing",
    "TargetArea" : "UI",
    "TargetId" : "label-14",
    "TargetSection" : ""
  } ],
  "DesignTimePermissions" : { },
  "Events" : [ {
    "EventHandlerArea" : "Data",
    "EventHandlerId" : "Things_KBKPILocalThingWorxDatabaseThing",
    "EventHandlerService" : "GetWeeklyDowntimeStatisic",
    "EventTriggerArea" : "Mashup",
    "EventTriggerEvent" : "Loaded",
    "EventTriggerId" : "mashup-root",
    "EventTriggerSection" : "",
    "Id" : "962832fb-2c32-4bd7-ae0c-f492ecbae3ce"
  }, {
    "EventHandlerArea" : "Data",
    "EventHandlerId" : "Things_KBKPILocalThingWorxDatabaseThing",
    "EventHandlerService" : "GetWeeklyDowntimeStatisic",
    "EventTriggerArea" : "UI",
    "EventTriggerEvent" : "Refresh",
    "EventTriggerId" : "autorefresh-8",
    "EventTriggerSection" : "",
    "Id" : "3df60339-5ad6-497b-ade8-a2555a38771f"
  }, {
    "EventHandlerArea" : "Data",
    "EventHandlerId" : "Things_KBTimeHelperThing",
    "EventHandlerService" : "GetCurrentWeekStart",
    "EventTriggerArea" : "Mashup",
    "EventTriggerEvent" : "Loaded",
    "EventTriggerId" : "mashup-root",
    "EventTriggerSection" : "",
    "Id" : "19079d63-f60d-41a2-8edb-6dfc05b8048f"
  }, {
    "EventHandlerArea" : "Data",
    "EventHandlerId" : "Things_KBTimeHelperThing",
    "EventHandlerService" : "GetCurrentWeekEnd",
    "EventTriggerArea" : "Mashup",
    "EventTriggerEvent" : "Loaded",
    "EventTriggerId" : "mashup-root",
    "EventTriggerSection" : "",
    "Id" : "c7979629-8d0b-4157-9a5c-a1b6c200f57f"
  }, {
    "EventHandlerArea" : "Data",
    "EventHandlerId" : "Things_KBTimeHelperThing",
    "EventHandlerService" : "GetCurrentWeekStart",
    "EventTriggerArea" : "UI",
    "EventTriggerEvent" : "Refresh",
    "EventTriggerId" : "autorefresh-8",
    "EventTriggerSection" : "",
    "Id" : "b2e8608b-73d7-418e-a528-3f2da1687d24"
  }, {
    "EventHandlerArea" : "Data",
    "EventHandlerId" : "Things_KBTimeHelperThing",
    "EventHandlerService" : "GetCurrentWeekEnd",
    "EventTriggerArea" : "UI",
    "EventTriggerEvent" : "Refresh",
    "EventTriggerId" : "autorefresh-8",
    "EventTriggerSection" : "",
    "Id" : "fcd15356-4c7a-4f2d-a9aa-c0a03682117f"
  } ],
  "RunTimePermissions" : { },
  "UI" : {
    "Properties" : {
      "AddToDashboardButtonStyle" : "DefaultAddToDashboardButtonStyle",
      "Area" : "Mashup",
      "BGImageRepeat" : "no-repeat",
      "BGImageSize" : "auto",
      "Columns" : 0,
      "ConfigureGadgetButtonStyle" : "DefaultConfigureGadgetButtonStyle",
      "DisplayName" : "Mashup",
      "EnableParameterEditing" : false,
      "Height" : 618,
      "Id" : "mashup-root",
      "IgnoreWarningsInViewMashup" : false,
      "IsPrintLayout" : false,
      "Left" : 0,
      "MachineName" : "",
      "MachineThing" : "",
      "MashupToEditGadget" : "DefaultMashupToEditGadget",
      "MinHeight" : 0,
      "MinWidth" : 0,
      "ResponsiveLayout" : true,
      "Rows" : 0,
      "ShowDataLoading" : true,
      "StationThing" : "",
      "Style" : "DefaultMashupStyle",
      "Title" : "",
      "TitleBar" : false,
      "TitleBarStyle" : "DefaultTitleBarStyle",
      "TitleBarText" : "Gadget Title Here",
      "Top" : 0,
      "Type" : "mashup",
      "Visible" : true,
      "Width" : 1024,
      "Z-index" : 10,
      "__TypeDisplayName" : "Mashup",
      "_currentParameterDefs" : [ {
        "BaseType" : "STRING",
        "Description" : "",
        "ParameterName" : "MachineName"
      }, {
        "BaseType" : "STRING",
        "Description" : "",
        "ParameterName" : "MachineThing"
      }, {
        "BaseType" : "STRING",
        "Description" : "",
        "ParameterName" : "StationThing"
      } ],
      "id_index" : 14,
      "supportsAutoResize" : true
    },
    "Widgets" : [ {
      "Properties" : {
        "Area" : "UI",
        "Columns" : 0,
        "DisplayName" : "layout-1",
        "Footer" : false,
        "FooterHeight" : 0,
        "Header" : true,
        "HeaderHeight" : 100,
        "Id" : "layout-1",
        "IncludeSpacingInFixedAreas" : false,
        "IsPrintLayout" : false,
        "Left" : 465,
        "LeftSidebar" : false,
        "LeftSidebarWidth" : 0,
        "Orientation" : "vertical",
        "PctColumn1" : 50,
        "PctColumn2" : 50,
        "PctColumn3" : 1,
        "PctColumn4" : 1,
        "PctColumn5" : 1,
        "PctColumn6" : 1,
        "PctColumn7" : 1,
        "PctColumn8" : 1,
        "PctRow1" : 50,
        "PctRow2" : 50,
        "PctRow3" : 0,
        "PctRow4" : 0,
        "PctRow5" : 0,
        "PctRow6" : 0,
        "PctRow7" : 0,
        "PctRow8" : 0,
        "PrintMarginLeftRight" : 0.5,
        "PrintMarginTopBottom" : 0.5,
        "PrintWidth" : 650,
        "ResponsiveLayout" : true,
        "RightSidebar" : false,
        "RightSidebarWidth" : 0,
        "Rows" : 2,
        "ShowDataLoading" : true,
        "Spacing" : 2,
        "Top" : 60,
        "Type" : "layout",
        "Visible" : true,
        "Z-index" : 10,
        "__TypeDisplayName" : "Layout"
      },
      "Widgets" : [ {
        "Properties" : {
          "AnimateExpandCollapse" : true,
          "Area" : "UI",
          "BGImageRepeat" : "no-repeat",
          "BGImageSize" : "auto",
          "DisplayName" : "Header",
          "ExpandCollapseTabLocation" : "outside",
          "Expanded" : true,
          "Id" : "container-2",
          "MinHeight" : 0,
          "MinWidth" : 0,
          "Overlay" : false,
          "OverlayIsTransparent" : false,
          "ResponsiveLayout" : true,
          "ShowDataLoading" : true,
          "ShowExpandCollapseTab" : false,
          "Style" : "DefaultContainerStyle",
          "TabCollapseStyle" : "DefaultTabCollapseStyle",
          "TabExpandStyle" : "DefaultTabExpandStyle",
          "TabHeight" : 36,
          "TabLocation" : "center",
          "TabOffset" : 0,
          "TabWidth" : 36,
          "Type" : "container",
          "Visible" : true,
          "Z-index" : 10,
          "__TypeDisplayName" : "Container"
        },
        "Widgets" : [ {
          "Properties" : {
            "Area" : "UI",
            "DisplayName" : "panel-4",
            "Height" : 200,
            "HideScrollbars" : false,
            "HorizontalAnchor" : "left",
            "Id" : "panel-4",
            "Left" : 475,
            "ResponsiveLayout" : true,
            "ShowDataLoading" : true,
            "Style" : "DefaultPanelStyle",
            "Top" : 25,
            "Type" : "panel",
            "VerticalAnchor" : "top",
            "Visible" : true,
            "Width" : 300,
            "Z-index" : 10,
            "__TypeDisplayName" : "Panel"
          },
          "Widgets" : [ {
            "Properties" : {
              "Alignment" : "left",
              "AllowEllipsis" : false,
              "Area" : "UI",
              "DisplayName" : "label-5",
              "Height" : 27,
              "Id" : "label-5",
              "Left" : 35,
              "ResponsiveLayout" : false,
              "ShowDataLoading" : true,
              "Style" : "KB.BigLabelStyle",
              "Text" : "[[KBProductionAdvisorCvsMashup.WeeklyStatisticforMachine]]",
              "ToolTipField" : "",
              "ToolTipStyle" : "DefaultTooltipStyle",
              "Top" : 20,
              "Type" : "label",
              "Visible" : true,
              "Width" : 600,
              "Z-index" : 10,
              "__TypeDisplayName" : "Label",
              "__supportsTooltip" : true
            },
            "Widgets" : [ ]
          }, {
            "Properties" : {
              "Alignment" : "left",
              "AllowEllipsis" : false,
              "Area" : "UI",
              "DisplayName" : "label-6",
              "Height" : 27,
              "Id" : "label-6",
              "Left" : 35,
              "ResponsiveLayout" : false,
              "ShowDataLoading" : true,
              "Style" : "KB.BigLabelStyle",
              "ToolTipField" : "",
              "ToolTipStyle" : "DefaultTooltipStyle",
              "Top" : 50,
              "Type" : "label",
              "Visible" : true,
              "Width" : 600,
              "Z-index" : 10,
              "__TypeDisplayName" : "Label",
              "__supportsTooltip" : true
            },
            "Widgets" : [ ]
          }, {
            "Properties" : {
              "ActiveStyle" : "DefaultButtonActiveStyle",
              "Area" : "UI",
              "AutoRefresh" : true,
              "AutoRefreshTabSequence" : 0,
              "DisplayName" : "autorefresh-8",
              "FocusStyle" : "DefaultButtonFocusStyle",
              "Height" : 28,
              "HoverStyle" : "DefaultButtonHoverStyle",
              "IconAlignment" : "left",
              "Id" : "autorefresh-8",
              "Label" : "Refresh Now",
              "Left" : 865,
              "RefreshInterval" : 300,
              "RefreshNowTabSequence" : 0,
              "RefreshToggleLabel" : "On",
              "RefreshToggleLabelOff" : "Off",
              "RefreshToggleSliderStyle" : "DefaultAutoRefreshToggleSliderStyle",
              "RefreshToggleStyle" : "DefaultAutoRefreshToggleStyle",
              "RefreshToggleStyleOff" : "DefaultAutoRefreshToggleOffStyle",
              "ResponsiveLayout" : false,
              "ShowControls" : true,
              "ShowDataLoading" : true,
              "Style" : "DefaultButtonStyle",
              "Top" : 45,
              "Type" : "autorefresh",
              "Visible" : false,
              "Width" : 180,
              "Z-index" : 10,
              "__TypeDisplayName" : "Auto Refresh"
            },
            "Widgets" : [ ]
          }, {
            "Properties" : {
              "Alignment" : "left",
              "AllowEllipsis" : false,
              "Area" : "UI",
              "DisplayName" : "label-13",
              "Height" : 22,
              "Id" : "label-13",
              "Left" : 750,
              "ResponsiveLayout" : false,
              "ShowDataLoading" : true,
              "Style" : "DefaultLabelStyle",
              "ToolTipField" : "",
              "ToolTipStyle" : "DefaultTooltipStyle",
              "Top" : 25,
              "Type" : "label",
              "Visible" : true,
              "Width" : 170,
              "Z-index" : 10,
              "__TypeDisplayName" : "Label",
              "__supportsTooltip" : true
            },
            "Widgets" : [ ]
          }, {
            "Properties" : {
              "Alignment" : "left",
              "AllowEllipsis" : false,
              "Area" : "UI",
              "DisplayName" : "label-14",
              "Height" : 22,
              "Id" : "label-14",
              "Left" : 750,
              "ResponsiveLayout" : false,
              "ShowDataLoading" : true,
              "Style" : "DefaultLabelStyle",
              "ToolTipField" : "",
              "ToolTipStyle" : "DefaultTooltipStyle",
              "Top" : 50,
              "Type" : "label",
              "Visible" : true,
              "Width" : 170,
              "Z-index" : 10,
              "__TypeDisplayName" : "Label",
              "__supportsTooltip" : true
            },
            "Widgets" : [ ]
          } ]
        } ]
      }, {
        "Properties" : {
          "AnimateExpandCollapse" : true,
          "Area" : "UI",
          "BGImageRepeat" : "no-repeat",
          "BGImageSize" : "auto",
          "DisplayName" : "Row 1",
          "ExpandCollapseTabLocation" : "outside",
          "Expanded" : true,
          "Id" : "container-3",
          "MinHeight" : 0,
          "MinWidth" : 0,
          "Overlay" : false,
          "OverlayIsTransparent" : false,
          "ResponsiveLayout" : true,
          "ShowDataLoading" : true,
          "ShowExpandCollapseTab" : false,
          "Style" : "DefaultContainerStyle",
          "TabCollapseStyle" : "DefaultTabCollapseStyle",
          "TabExpandStyle" : "DefaultTabExpandStyle",
          "TabHeight" : 36,
          "TabLocation" : "center",
          "TabOffset" : 0,
          "TabWidth" : 36,
          "Type" : "container",
          "Visible" : true,
          "Z-index" : 10,
          "__TypeDisplayName" : "Container"
        },
        "Widgets" : [ {
          "Properties" : {
            "AllowSelection" : true,
            "AllowYAxisZoom" : true,
            "Area" : "UI",
            "AxisAutoscale1" : true,
            "AxisAutoscale10" : true,
            "AxisAutoscale11" : true,
            "AxisAutoscale12" : true,
            "AxisAutoscale13" : true,
            "AxisAutoscale14" : true,
            "AxisAutoscale15" : true,
            "AxisAutoscale16" : true,
            "AxisAutoscale17" : true,
            "AxisAutoscale18" : true,
            "AxisAutoscale19" : true,
            "AxisAutoscale2" : true,
            "AxisAutoscale20" : true,
            "AxisAutoscale21" : true,
            "AxisAutoscale22" : true,
            "AxisAutoscale23" : true,
            "AxisAutoscale24" : true,
            "AxisAutoscale3" : true,
            "AxisAutoscale4" : true,
            "AxisAutoscale5" : true,
            "AxisAutoscale6" : true,
            "AxisAutoscale7" : true,
            "AxisAutoscale8" : true,
            "AxisAutoscale9" : true,
            "AxisFormat1" : "0000.0",
            "AxisFormat10" : "0000.0",
            "AxisFormat11" : "0000.0",
            "AxisFormat12" : "0000.0",
            "AxisFormat13" : "0000.0",
            "AxisFormat14" : "0000.0",
            "AxisFormat15" : "0000.0",
            "AxisFormat16" : "0000.0",
            "AxisFormat17" : "0000.0",
            "AxisFormat18" : "0000.0",
            "AxisFormat19" : "0000.0",
            "AxisFormat2" : "0000.0",
            "AxisFormat20" : "0000.0",
            "AxisFormat21" : "0000.0",
            "AxisFormat22" : "0000.0",
            "AxisFormat23" : "0000.0",
            "AxisFormat24" : "0000.0",
            "AxisFormat3" : "0000.0",
            "AxisFormat4" : "0000.0",
            "AxisFormat5" : "0000.0",
            "AxisFormat6" : "0000.0",
            "AxisFormat7" : "0000.0",
            "AxisFormat8" : "0000.0",
            "AxisFormat9" : "0000.0",
            "AxisMaximum1" : 100,
            "AxisMaximum10" : 100,
            "AxisMaximum11" : 100,
            "AxisMaximum12" : 100,
            "AxisMaximum13" : 100,
            "AxisMaximum14" : 100,
            "AxisMaximum15" : 100,
            "AxisMaximum16" : 100,
            "AxisMaximum17" : 100,
            "AxisMaximum18" : 100,
            "AxisMaximum19" : 100,
            "AxisMaximum2" : 100,
            "AxisMaximum20" : 100,
            "AxisMaximum21" : 100,
            "AxisMaximum22" : 100,
            "AxisMaximum23" : 100,
            "AxisMaximum24" : 100,
            "AxisMaximum3" : 100,
            "AxisMaximum4" : 100,
            "AxisMaximum5" : 100,
            "AxisMaximum6" : 100,
            "AxisMaximum7" : 100,
            "AxisMaximum8" : 100,
            "AxisMaximum9" : 100,
            "AxisMinimum1" : 0,
            "AxisMinimum10" : 0,
            "AxisMinimum11" : 0,
            "AxisMinimum12" : 0,
            "AxisMinimum13" : 0,
            "AxisMinimum14" : 0,
            "AxisMinimum15" : 0,
            "AxisMinimum16" : 0,
            "AxisMinimum17" : 0,
            "AxisMinimum18" : 0,
            "AxisMinimum19" : 0,
            "AxisMinimum2" : 0,
            "AxisMinimum20" : 0,
            "AxisMinimum21" : 0,
            "AxisMinimum22" : 0,
            "AxisMinimum23" : 0,
            "AxisMinimum24" : 0,
            "AxisMinimum3" : 0,
            "AxisMinimum4" : 0,
            "AxisMinimum5" : 0,
            "AxisMinimum6" : 0,
            "AxisMinimum7" : 0,
            "AxisMinimum8" : 0,
            "AxisMinimum9" : 0,
            "AxisZeroscale1" : false,
            "AxisZeroscale10" : false,
            "AxisZeroscale11" : false,
            "AxisZeroscale12" : false,
            "AxisZeroscale13" : false,
            "AxisZeroscale14" : false,
            "AxisZeroscale15" : false,
            "AxisZeroscale16" : false,
            "AxisZeroscale17" : false,
            "AxisZeroscale18" : false,
            "AxisZeroscale19" : false,
            "AxisZeroscale2" : false,
            "AxisZeroscale20" : false,
            "AxisZeroscale21" : false,
            "AxisZeroscale22" : false,
            "AxisZeroscale23" : false,
            "AxisZeroscale24" : false,
            "AxisZeroscale3" : false,
            "AxisZeroscale4" : false,
            "AxisZeroscale5" : false,
            "AxisZeroscale6" : false,
            "AxisZeroscale7" : false,
            "AxisZeroscale8" : false,
            "AxisZeroscale9" : false,
            "ChartAreaStyle" : "DefaultChartAreaStyle",
            "ChartIndicatorStyle" : "DefaultChartIndicatorStyle",
            "ChartLegendStyle" : "DefaultChartLegendStyle",
            "ChartOrientation" : "vertical",
            "ChartStyle" : "DefaultChartStyle",
            "ChartTitle" : "Weekly Machine Status",
            "ChartTitleStyle" : "DefaultChartTitleStyle",
            "ChartType" : "bar",
            "DataField1" : "UnplannedTimeSumInSeconds",
            "DataField10" : "Utilization",
            "DataField11" : "RQ",
            "DataField2" : "PTimeSumInSeconds",
            "DataField3" : "PITimeSumInSeconds",
            "DataField4" : "ChangeoverTimeSumInSeconds",
            "DataField5" : "OITimeSumInSeconds",
            "DataField6" : "TITimeSumInSeconds",
            "DataField7" : "QualityTimeSumInSeconds",
            "DataField8" : "UnknownTimeSumInSeconds",
            "DataField9" : "OEE2",
            "DataLabel1" : "Unplanned",
            "DataLabel10" : "Utilization",
            "DataLabel11" : "RQ",
            "DataLabel2" : "Productive",
            "DataLabel3" : "Planned Interruption",
            "DataLabel4" : "Changeover",
            "DataLabel5" : "Organizational Interruption",
            "DataLabel6" : "Technical Interruption",
            "DataLabel7" : "Quality",
            "DataLabel8" : "Unknown",
            "DataLabel9" : "OEE 2",
            "DisplayName" : "labelchart-7",
            "EnableHover" : true,
            "GridStyle" : "DefaultChartGridStyle",
            "Height" : 240,
            "Id" : "labelchart-7",
            "Left" : 290,
            "LegendLocation" : "right",
            "LegendOrientation" : "vertical",
            "LegendWidth" : 200,
            "MarkerSize" : 3,
            "MarkerType" : "circle",
            "NumberOfSeries" : 8,
            "ResponsiveLayout" : true,
            "SecondaryYAxisAutoscale" : true,
            "SecondaryYAxisFormat" : "0000.0",
            "SecondaryYAxisMaximum" : 100,
            "SecondaryYAxisMinimum" : 0,
            "SecondaryYAxisTitle" : "Percent",
            "SecondaryYAxisZeroscale" : false,
            "SelectedItemStyle" : "DefaultChartSelectionStyle",
            "SeriesDataStyle10_StateParameters" : [ ],
            "SeriesDataStyle11_StateParameters" : [ ],
            "SeriesDataStyle12_StateParameters" : [ ],
            "SeriesDataStyle13_StateParameters" : [ ],
            "SeriesDataStyle14_StateParameters" : [ ],
            "SeriesDataStyle15_StateParameters" : [ ],
            "SeriesDataStyle16_StateParameters" : [ ],
            "SeriesDataStyle17_StateParameters" : [ ],
            "SeriesDataStyle18_StateParameters" : [ ],
            "SeriesDataStyle19_StateParameters" : [ ],
            "SeriesDataStyle1_StateParameters" : [ ],
            "SeriesDataStyle20_StateParameters" : [ ],
            "SeriesDataStyle21_StateParameters" : [ ],
            "SeriesDataStyle22_StateParameters" : [ ],
            "SeriesDataStyle23_StateParameters" : [ ],
            "SeriesDataStyle24_StateParameters" : [ ],
            "SeriesDataStyle2_StateParameters" : [ ],
            "SeriesDataStyle3_StateParameters" : [ ],
            "SeriesDataStyle4_StateParameters" : [ ],
            "SeriesDataStyle5_StateParameters" : [ ],
            "SeriesDataStyle6_StateParameters" : [ ],
            "SeriesDataStyle7_StateParameters" : [ ],
            "SeriesDataStyle8_StateParameters" : [ ],
            "SeriesDataStyle9_StateParameters" : [ ],
            "SeriesMarkerType1" : "chart",
            "SeriesMarkerType10" : "chart",
            "SeriesMarkerType11" : "chart",
            "SeriesMarkerType12" : "chart",
            "SeriesMarkerType13" : "chart",
            "SeriesMarkerType14" : "chart",
            "SeriesMarkerType15" : "chart",
            "SeriesMarkerType16" : "chart",
            "SeriesMarkerType17" : "chart",
            "SeriesMarkerType18" : "chart",
            "SeriesMarkerType19" : "chart",
            "SeriesMarkerType2" : "chart",
            "SeriesMarkerType20" : "chart",
            "SeriesMarkerType21" : "chart",
            "SeriesMarkerType22" : "chart",
            "SeriesMarkerType23" : "chart",
            "SeriesMarkerType24" : "chart",
            "SeriesMarkerType3" : "chart",
            "SeriesMarkerType4" : "chart",
            "SeriesMarkerType5" : "chart",
            "SeriesMarkerType6" : "chart",
            "SeriesMarkerType7" : "chart",
            "SeriesMarkerType8" : "chart",
            "SeriesMarkerType9" : "chart",
            "SeriesStyle1" : "DefaultChartStyle6",
            "SeriesStyle10" : "DefaultChartStyle5",
            "SeriesStyle11" : "DefaultChartStyle12",
            "SeriesStyle12" : "DefaultChartStyle12",
            "SeriesStyle13" : "DefaultChartStyle13",
            "SeriesStyle14" : "DefaultChartStyle14",
            "SeriesStyle15" : "DefaultChartStyle15",
            "SeriesStyle16" : "DefaultChartStyle16",
            "SeriesStyle17" : "DefaultChartStyle17",
            "SeriesStyle18" : "DefaultChartStyle18",
            "SeriesStyle19" : "DefaultChartStyle19",
            "SeriesStyle2" : "DefaultChartStyle2",
            "SeriesStyle20" : "DefaultChartStyle20",
            "SeriesStyle21" : "DefaultChartStyle21",
            "SeriesStyle22" : "DefaultChartStyle22",
            "SeriesStyle23" : "DefaultChartStyle23",
            "SeriesStyle24" : "DefaultChartStyle24",
            "SeriesStyle3" : "DefaultChartStyle15",
            "SeriesStyle4" : "DefaultChartStyle19",
            "SeriesStyle5" : "DefaultChartStyle4",
            "SeriesStyle6" : "DefaultChartStyle3",
            "SeriesStyle7" : "DefaultChartStyle17",
            "SeriesStyle8" : "DefaultChartStyle11",
            "SeriesStyle9" : "DefaultChartStyle1",
            "SeriesType1" : "chart",
            "SeriesType10" : "linemarker",
            "SeriesType11" : "linemarker",
            "SeriesType12" : "chart",
            "SeriesType13" : "chart",
            "SeriesType14" : "chart",
            "SeriesType15" : "chart",
            "SeriesType16" : "chart",
            "SeriesType17" : "chart",
            "SeriesType18" : "chart",
            "SeriesType19" : "chart",
            "SeriesType2" : "chart",
            "SeriesType20" : "chart",
            "SeriesType21" : "chart",
            "SeriesType22" : "chart",
            "SeriesType23" : "chart",
            "SeriesType24" : "chart",
            "SeriesType3" : "chart",
            "SeriesType4" : "chart",
            "SeriesType5" : "chart",
            "SeriesType6" : "chart",
            "SeriesType7" : "chart",
            "SeriesType8" : "chart",
            "SeriesType9" : "linemarker",
            "ShowDataLoading" : true,
            "ShowLegend" : true,
            "ShowXAxis" : true,
            "ShowXAxisGrid" : true,
            "ShowXAxisLabels" : true,
            "ShowXAxisTicks" : true,
            "ShowYAxis" : true,
            "ShowYAxisGrid" : true,
            "ShowYAxisLabels" : true,
            "ShowYAxisSmartLabels" : false,
            "ShowYAxisTicks" : true,
            "SingleDataSource" : true,
            "Smoothing" : false,
            "StackSeries" : true,
            "Top" : 20,
            "Type" : "labelchart",
            "UseSecondaryAxis1" : false,
            "UseSecondaryAxis10" : true,
            "UseSecondaryAxis11" : true,
            "UseSecondaryAxis12" : false,
            "UseSecondaryAxis13" : false,
            "UseSecondaryAxis14" : false,
            "UseSecondaryAxis15" : false,
            "UseSecondaryAxis16" : false,
            "UseSecondaryAxis17" : false,
            "UseSecondaryAxis18" : false,
            "UseSecondaryAxis19" : false,
            "UseSecondaryAxis2" : false,
            "UseSecondaryAxis20" : false,
            "UseSecondaryAxis21" : false,
            "UseSecondaryAxis22" : false,
            "UseSecondaryAxis23" : false,
            "UseSecondaryAxis24" : false,
            "UseSecondaryAxis3" : false,
            "UseSecondaryAxis4" : false,
            "UseSecondaryAxis5" : false,
            "UseSecondaryAxis6" : false,
            "UseSecondaryAxis7" : false,
            "UseSecondaryAxis8" : false,
            "UseSecondaryAxis9" : true,
            "Visible" : true,
            "Width" : 640,
            "XAxisField" : "DayName",
            "XAxisFormat" : "0000.0",
            "XAxisLabelRotation" : 0,
            "XAxisLabelType" : "STRING",
            "XAxisStyle" : "DefaultChartAxisStyle",
            "XAxisTitle" : "Day of week",
            "YAxisAutoscale" : true,
            "YAxisFormat" : "0000.0",
            "YAxisIntervals" : 10,
            "YAxisLabels" : 2,
            "YAxisMaximum" : 100,
            "YAxisMinimum" : 0,
            "YAxisMinorTicks" : 1,
            "YAxisMode" : "single",
            "YAxisStyle" : "DefaultChartAxisStyle",
            "YAxisTitle" : "Seconds",
            "YAxisZeroscale" : false,
            "Z-index" : 10,
            "__TypeDisplayName" : "Label Chart"
          },
          "Widgets" : [ ]
        } ]
      }, {
        "Properties" : {
          "AnimateExpandCollapse" : true,
          "Area" : "UI",
          "BGImageRepeat" : "no-repeat",
          "BGImageSize" : "auto",
          "DisplayName" : "Row",
          "ExpandCollapseTabLocation" : "outside",
          "Expanded" : true,
          "Id" : "container-11",
          "MinHeight" : 0,
          "MinWidth" : 0,
          "Overlay" : false,
          "OverlayIsTransparent" : false,
          "ResponsiveLayout" : true,
          "ShowDataLoading" : true,
          "ShowExpandCollapseTab" : false,
          "Style" : "DefaultContainerStyle",
          "TabCollapseStyle" : "DefaultTabCollapseStyle",
          "TabExpandStyle" : "DefaultTabExpandStyle",
          "TabHeight" : 36,
          "TabLocation" : "center",
          "TabOffset" : 0,
          "TabWidth" : 36,
          "Type" : "container",
          "Visible" : true,
          "Z-index" : 10,
          "__TypeDisplayName" : "Container"
        },
        "Widgets" : [ {
          "Properties" : {
            "AllowSelection" : true,
            "AllowYAxisZoom" : true,
            "Area" : "UI",
            "AxisAutoscale1" : true,
            "AxisAutoscale10" : true,
            "AxisAutoscale11" : true,
            "AxisAutoscale12" : true,
            "AxisAutoscale13" : true,
            "AxisAutoscale14" : true,
            "AxisAutoscale15" : true,
            "AxisAutoscale16" : true,
            "AxisAutoscale17" : true,
            "AxisAutoscale18" : true,
            "AxisAutoscale19" : true,
            "AxisAutoscale2" : true,
            "AxisAutoscale20" : true,
            "AxisAutoscale21" : true,
            "AxisAutoscale22" : true,
            "AxisAutoscale23" : true,
            "AxisAutoscale24" : true,
            "AxisAutoscale3" : true,
            "AxisAutoscale4" : true,
            "AxisAutoscale5" : true,
            "AxisAutoscale6" : true,
            "AxisAutoscale7" : true,
            "AxisAutoscale8" : true,
            "AxisAutoscale9" : true,
            "AxisFormat1" : "0000.0",
            "AxisFormat10" : "0000.0",
            "AxisFormat11" : "0000.0",
            "AxisFormat12" : "0000.0",
            "AxisFormat13" : "0000.0",
            "AxisFormat14" : "0000.0",
            "AxisFormat15" : "0000.0",
            "AxisFormat16" : "0000.0",
            "AxisFormat17" : "0000.0",
            "AxisFormat18" : "0000.0",
            "AxisFormat19" : "0000.0",
            "AxisFormat2" : "0000.0",
            "AxisFormat20" : "0000.0",
            "AxisFormat21" : "0000.0",
            "AxisFormat22" : "0000.0",
            "AxisFormat23" : "0000.0",
            "AxisFormat24" : "0000.0",
            "AxisFormat3" : "0000.0",
            "AxisFormat4" : "0000.0",
            "AxisFormat5" : "0000.0",
            "AxisFormat6" : "0000.0",
            "AxisFormat7" : "0000.0",
            "AxisFormat8" : "0000.0",
            "AxisFormat9" : "0000.0",
            "AxisMaximum1" : 100,
            "AxisMaximum10" : 100,
            "AxisMaximum11" : 100,
            "AxisMaximum12" : 100,
            "AxisMaximum13" : 100,
            "AxisMaximum14" : 100,
            "AxisMaximum15" : 100,
            "AxisMaximum16" : 100,
            "AxisMaximum17" : 100,
            "AxisMaximum18" : 100,
            "AxisMaximum19" : 100,
            "AxisMaximum2" : 100,
            "AxisMaximum20" : 100,
            "AxisMaximum21" : 100,
            "AxisMaximum22" : 100,
            "AxisMaximum23" : 100,
            "AxisMaximum24" : 100,
            "AxisMaximum3" : 100,
            "AxisMaximum4" : 100,
            "AxisMaximum5" : 100,
            "AxisMaximum6" : 100,
            "AxisMaximum7" : 100,
            "AxisMaximum8" : 100,
            "AxisMaximum9" : 100,
            "AxisMinimum1" : 0,
            "AxisMinimum10" : 0,
            "AxisMinimum11" : 0,
            "AxisMinimum12" : 0,
            "AxisMinimum13" : 0,
            "AxisMinimum14" : 0,
            "AxisMinimum15" : 0,
            "AxisMinimum16" : 0,
            "AxisMinimum17" : 0,
            "AxisMinimum18" : 0,
            "AxisMinimum19" : 0,
            "AxisMinimum2" : 0,
            "AxisMinimum20" : 0,
            "AxisMinimum21" : 0,
            "AxisMinimum22" : 0,
            "AxisMinimum23" : 0,
            "AxisMinimum24" : 0,
            "AxisMinimum3" : 0,
            "AxisMinimum4" : 0,
            "AxisMinimum5" : 0,
            "AxisMinimum6" : 0,
            "AxisMinimum7" : 0,
            "AxisMinimum8" : 0,
            "AxisMinimum9" : 0,
            "AxisZeroscale1" : false,
            "AxisZeroscale10" : false,
            "AxisZeroscale11" : false,
            "AxisZeroscale12" : false,
            "AxisZeroscale13" : false,
            "AxisZeroscale14" : false,
            "AxisZeroscale15" : false,
            "AxisZeroscale16" : false,
            "AxisZeroscale17" : false,
            "AxisZeroscale18" : false,
            "AxisZeroscale19" : false,
            "AxisZeroscale2" : false,
            "AxisZeroscale20" : false,
            "AxisZeroscale21" : false,
            "AxisZeroscale22" : false,
            "AxisZeroscale23" : false,
            "AxisZeroscale24" : false,
            "AxisZeroscale3" : false,
            "AxisZeroscale4" : false,
            "AxisZeroscale5" : false,
            "AxisZeroscale6" : false,
            "AxisZeroscale7" : false,
            "AxisZeroscale8" : false,
            "AxisZeroscale9" : false,
            "ChartAreaStyle" : "DefaultChartAreaStyle",
            "ChartIndicatorStyle" : "DefaultChartIndicatorStyle",
            "ChartLegendStyle" : "DefaultChartLegendStyle",
            "ChartOrientation" : "vertical",
            "ChartStyle" : "DefaultChartStyle",
            "ChartTitle" : "weekly KPIs",
            "ChartTitleStyle" : "DefaultChartTitleStyle",
            "ChartType" : "linemarker",
            "DataField1" : "OEE2",
            "DataField2" : "Utilization",
            "DataField3" : "RQ",
            "DisplayName" : "labelchart-12",
            "EnableHover" : true,
            "GridStyle" : "DefaultChartGridStyle",
            "Height" : 240,
            "Id" : "labelchart-12",
            "Left" : 445,
            "LegendLocation" : "right",
            "LegendOrientation" : "vertical",
            "LegendWidth" : 200,
            "MarkerSize" : 3,
            "MarkerType" : "circle",
            "NumberOfSeries" : 3,
            "ResponsiveLayout" : true,
            "SecondaryYAxisAutoscale" : true,
            "SecondaryYAxisFormat" : "0000.0",
            "SecondaryYAxisMaximum" : 100,
            "SecondaryYAxisMinimum" : 0,
            "SecondaryYAxisTitle" : "",
            "SecondaryYAxisZeroscale" : false,
            "SelectedItemStyle" : "DefaultChartSelectionStyle",
            "SeriesMarkerType1" : "chart",
            "SeriesMarkerType10" : "chart",
            "SeriesMarkerType11" : "chart",
            "SeriesMarkerType12" : "chart",
            "SeriesMarkerType13" : "chart",
            "SeriesMarkerType14" : "chart",
            "SeriesMarkerType15" : "chart",
            "SeriesMarkerType16" : "chart",
            "SeriesMarkerType17" : "chart",
            "SeriesMarkerType18" : "chart",
            "SeriesMarkerType19" : "chart",
            "SeriesMarkerType2" : "chart",
            "SeriesMarkerType20" : "chart",
            "SeriesMarkerType21" : "chart",
            "SeriesMarkerType22" : "chart",
            "SeriesMarkerType23" : "chart",
            "SeriesMarkerType24" : "chart",
            "SeriesMarkerType3" : "chart",
            "SeriesMarkerType4" : "chart",
            "SeriesMarkerType5" : "chart",
            "SeriesMarkerType6" : "chart",
            "SeriesMarkerType7" : "chart",
            "SeriesMarkerType8" : "chart",
            "SeriesMarkerType9" : "chart",
            "SeriesStyle1" : "DefaultChartStyle1",
            "SeriesStyle10" : "DefaultChartStyle10",
            "SeriesStyle11" : "DefaultChartStyle11",
            "SeriesStyle12" : "DefaultChartStyle12",
            "SeriesStyle13" : "DefaultChartStyle13",
            "SeriesStyle14" : "DefaultChartStyle14",
            "SeriesStyle15" : "DefaultChartStyle15",
            "SeriesStyle16" : "DefaultChartStyle16",
            "SeriesStyle17" : "DefaultChartStyle17",
            "SeriesStyle18" : "DefaultChartStyle18",
            "SeriesStyle19" : "DefaultChartStyle19",
            "SeriesStyle2" : "DefaultChartStyle2",
            "SeriesStyle20" : "DefaultChartStyle20",
            "SeriesStyle21" : "DefaultChartStyle21",
            "SeriesStyle22" : "DefaultChartStyle22",
            "SeriesStyle23" : "DefaultChartStyle23",
            "SeriesStyle24" : "DefaultChartStyle24",
            "SeriesStyle3" : "DefaultChartStyle3",
            "SeriesStyle4" : "DefaultChartStyle4",
            "SeriesStyle5" : "DefaultChartStyle5",
            "SeriesStyle6" : "DefaultChartStyle6",
            "SeriesStyle7" : "DefaultChartStyle7",
            "SeriesStyle8" : "DefaultChartStyle8",
            "SeriesStyle9" : "DefaultChartStyle9",
            "SeriesType1" : "chart",
            "SeriesType10" : "chart",
            "SeriesType11" : "chart",
            "SeriesType12" : "chart",
            "SeriesType13" : "chart",
            "SeriesType14" : "chart",
            "SeriesType15" : "chart",
            "SeriesType16" : "chart",
            "SeriesType17" : "chart",
            "SeriesType18" : "chart",
            "SeriesType19" : "chart",
            "SeriesType2" : "chart",
            "SeriesType20" : "chart",
            "SeriesType21" : "chart",
            "SeriesType22" : "chart",
            "SeriesType23" : "chart",
            "SeriesType24" : "chart",
            "SeriesType3" : "chart",
            "SeriesType4" : "chart",
            "SeriesType5" : "chart",
            "SeriesType6" : "chart",
            "SeriesType7" : "chart",
            "SeriesType8" : "chart",
            "SeriesType9" : "chart",
            "ShowDataLoading" : true,
            "ShowLegend" : true,
            "ShowXAxis" : true,
            "ShowXAxisGrid" : true,
            "ShowXAxisLabels" : true,
            "ShowXAxisTicks" : true,
            "ShowYAxis" : true,
            "ShowYAxisGrid" : true,
            "ShowYAxisLabels" : true,
            "ShowYAxisSmartLabels" : false,
            "ShowYAxisTicks" : true,
            "SingleDataSource" : true,
            "Smoothing" : false,
            "StackSeries" : false,
            "Top" : 25,
            "Type" : "labelchart",
            "UseSecondaryAxis1" : false,
            "UseSecondaryAxis10" : false,
            "UseSecondaryAxis11" : false,
            "UseSecondaryAxis12" : false,
            "UseSecondaryAxis13" : false,
            "UseSecondaryAxis14" : false,
            "UseSecondaryAxis15" : false,
            "UseSecondaryAxis16" : false,
            "UseSecondaryAxis17" : false,
            "UseSecondaryAxis18" : false,
            "UseSecondaryAxis19" : false,
            "UseSecondaryAxis2" : false,
            "UseSecondaryAxis20" : false,
            "UseSecondaryAxis21" : false,
            "UseSecondaryAxis22" : false,
            "UseSecondaryAxis23" : false,
            "UseSecondaryAxis24" : false,
            "UseSecondaryAxis3" : false,
            "UseSecondaryAxis4" : false,
            "UseSecondaryAxis5" : false,
            "UseSecondaryAxis6" : false,
            "UseSecondaryAxis7" : false,
            "UseSecondaryAxis8" : false,
            "UseSecondaryAxis9" : false,
            "Visible" : true,
            "Width" : 640,
            "XAxisField" : "DayName",
            "XAxisFormat" : "0000.0",
            "XAxisLabelRotation" : 0,
            "XAxisLabelType" : "STRING",
            "XAxisStyle" : "DefaultChartAxisStyle",
            "XAxisTitle" : "Day of Week",
            "YAxisAutoscale" : true,
            "YAxisFormat" : "0000.0",
            "YAxisIntervals" : 10,
            "YAxisLabels" : 2,
            "YAxisMaximum" : 100,
            "YAxisMinimum" : 0,
            "YAxisMinorTicks" : 1,
            "YAxisMode" : "single",
            "YAxisStyle" : "DefaultChartAxisStyle",
            "YAxisTitle" : "Percent",
            "YAxisZeroscale" : false,
            "Z-index" : 10,
            "__TypeDisplayName" : "Label Chart"
          },
          "Widgets" : [ ]
        } ]
      } ]
    } ]
  },
  "mashupType" : "mashup"
}]]></mashupContent>
			<ConfigurationChanges>
				<ConfigurationChange changeAction="CREATE"
					changeReason="header : name : updated&#10;documentation : updated&#10;"
					timestamp="2019-09-12T13:43:49.213+02:00" user="adm-flassakm" />
				<ConfigurationChange changeAction="MODIFY"
					changeReason="visibility permissions : updated&#10;run time permissions : updated&#10;"
					timestamp="2019-09-12T13:44:40.081+02:00" user="adm-flassakm" />
				<ConfigurationChange changeAction="MODIFY"
					changeReason="" timestamp="2019-09-12T13:49:02.457+02:00"
					user="adm-flassakm" />
				<ConfigurationChange changeAction="MODIFY"
					changeReason="" timestamp="2019-09-12T13:49:18.707+02:00"
					user="adm-flassakm" />
				<ConfigurationChange changeAction="MODIFY"
					changeReason="" timestamp="2019-09-12T13:49:42.421+02:00"
					user="adm-flassakm" />
				<ConfigurationChange changeAction="MODIFY"
					changeReason="" timestamp="2019-09-12T14:01:00.164+02:00"
					user="adm-flassakm" />
				<ConfigurationChange changeAction="MODIFY"
					changeReason="" timestamp="2019-09-16T08:57:04.620+02:00"
					user="adm-flassakm" />
				<ConfigurationChange changeAction="MODIFY"
					changeReason="" timestamp="2019-09-16T08:57:44.888+02:00"
					user="adm-flassakm" />
				<ConfigurationChange changeAction="MODIFY"
					changeReason="" timestamp="2019-09-16T09:00:08.424+02:00"
					user="adm-flassakm" />
				<ConfigurationChange changeAction="MODIFY"
					changeReason="" timestamp="2019-09-16T09:01:34.115+02:00"
					user="adm-flassakm" />
				<ConfigurationChange changeAction="MODIFY"
					changeReason="" timestamp="2019-09-16T09:14:09.310+02:00"
					user="adm-flassakm" />
				<ConfigurationChange changeAction="MODIFY"
					changeReason="" timestamp="2019-09-16T09:15:41.174+02:00"
					user="adm-flassakm" />
				<ConfigurationChange changeAction="MODIFY"
					changeReason="" timestamp="2019-09-16T09:17:27.339+02:00"
					user="adm-flassakm" />
				<ConfigurationChange changeAction="MODIFY"
					changeReason="" timestamp="2019-09-16T09:37:44.785+02:00"
					user="adm-flassakm" />
				<ConfigurationChange changeAction="MODIFY"
					changeReason="" timestamp="2019-09-16T09:39:26.525+02:00"
					user="adm-flassakm" />
				<ConfigurationChange changeAction="MODIFY"
					changeReason="" timestamp="2019-09-16T09:41:11.076+02:00"
					user="adm-flassakm" />
				<ConfigurationChange changeAction="MODIFY"
					changeReason="" timestamp="2019-09-16T09:44:17.164+02:00"
					user="adm-flassakm" />
				<ConfigurationChange changeAction="MODIFY"
					changeReason="" timestamp="2019-09-16T09:44:54.962+02:00"
					user="adm-flassakm" />
				<ConfigurationChange changeAction="MODIFY"
					changeReason="" timestamp="2019-09-16T09:46:38.516+02:00"
					user="adm-flassakm" />
				<ConfigurationChange changeAction="MODIFY"
					changeReason="" timestamp="2019-09-16T09:47:12.160+02:00"
					user="adm-flassakm" />
				<ConfigurationChange changeAction="MODIFY"
					changeReason="" timestamp="2019-09-16T09:47:51.646+02:00"
					user="adm-flassakm" />
				<ConfigurationChange changeAction="MODIFY"
					changeReason="" timestamp="2019-09-16T09:48:54.133+02:00"
					user="adm-flassakm" />
				<ConfigurationChange changeAction="MODIFY"
					changeReason="" timestamp="2019-09-16T09:51:55.110+02:00"
					user="adm-flassakm" />
				<ConfigurationChange changeAction="MODIFY"
					changeReason="" timestamp="2019-09-16T09:54:08.694+02:00"
					user="adm-flassakm" />
				<ConfigurationChange changeAction="MODIFY"
					changeReason="" timestamp="2019-09-16T09:54:36.837+02:00"
					user="adm-flassakm" />
				<ConfigurationChange changeAction="MODIFY"
					changeReason="" timestamp="2019-09-16T09:58:26.023+02:00"
					user="adm-flassakm" />
				<ConfigurationChange changeAction="MODIFY"
					changeReason="" timestamp="2019-09-16T10:00:37.765+02:00"
					user="adm-flassakm" />
			</ConfigurationChanges>
		</Mashup>
	</Mashups>
</Entities>