<?xml version="1.0" encoding="UTF-8"?>
<Entities
 build="b97"
 majorVersion="8"
 minorVersion="4"
 modelPersistenceProviderPackage="MssqlPersistenceProviderPackage"
 revision="11"
 schemaVersion="1044"
 universal="password">
	<Mashups>
		<Mashup
         aspect.isResponsive="true"
         aspect.mashupType="mashup"
         columns="0.0"
         description=""
         documentationContent=""
         homeMashup=""
         lastModifiedDate="2021-03-03T18:12:52.507+01:00"
         name="KBLocalSmartKPIMachineLevelLossesFrameMashup"
         projectName="KBsmartKPI"
         rows="0.0"
         tags="KBThingWorxInstallationVocabulary:ExtensionSmartKPI">
			<avatar/>
			<DesignTimePermissions>
				<Create/>
				<Read/>
				<Update/>
				<Delete/>
				<Metadata/>
			</DesignTimePermissions>
			<RunTimePermissions>
				<Permissions
                 resourceName="*">
					<PropertyRead>
						<Principal
                         isPermitted="true"
                         name="KBUserGroup"
                         type="Group">
						</Principal>
					</PropertyRead>
					<PropertyWrite/>
					<ServiceInvoke>
						<Principal
                         isPermitted="true"
                         name="KBUserGroup"
                         type="Group">
						</Principal>
					</ServiceInvoke>
					<EventInvoke/>
					<EventSubscribe/>
				</Permissions>
			</RunTimePermissions>
			<VisibilityPermissions>
				<Visibility>
					<Principal
                     isPermitted="true"
                     name="KBOrganization"
                     type="Organization">
					</Principal>
				</Visibility>
			</VisibilityPermissions>
			<ConfigurationTableDefinitions/>
			<ConfigurationTables/>
			<ParameterDefinitions>
				<FieldDefinition
                 aspect.bindingDirection="IN"
                 aspect.isMandatory="false"
                 aspect.ordinal="0"
                 baseType="STRING"
                 description=""
                 name="Language"
                 ordinal="0">
				</FieldDefinition>
			</ParameterDefinitions>
			<Things>
				<Thing>KBsmartKPILocalHelper</Thing>
			</Things>
			<ThingShapes/>
			<ThingTemplates>
				<ThingTemplate>KBKPIThingWorxDatabaseTemplate</ThingTemplate>
			</ThingTemplates>
			<mashupContent>
				<![CDATA[
            {
              "Data" : {
                "DynamicThingTemplates_KBKPIThingWorxDatabaseTemplate" : {
                  "DataName" : "DynamicThingTemplates_KBKPIThingWorxDatabaseTemplate",
                  "EntityName" : "KBKPIThingWorxDatabaseTemplate",
                  "EntityType" : "DynamicThingTemplates",
                  "Id" : "9be36cc1-0221-40d3-85a0-1da9a2f21513",
                  "Services" : [ {
                    "APIMethod" : "post",
                    "Characteristic" : "Services",
                    "Id" : "60b83372-54e2-4c3f-9baf-95cb2c796f8c",
                    "Name" : "GetFullShiftTime",
                    "Parameters" : { },
                    "RefreshInterval" : 0,
                    "Target" : "GetFullShiftTime"
                  } ]
                },
                "Resources_KBThingWorxServerSystem" : {
                  "DataName" : "Resources_KBThingWorxServerSystem",
                  "EntityName" : "KBThingWorxServerSystem",
                  "EntityType" : "Resources",
                  "Id" : "ff622796-a041-4107-a14c-42ed773ba4e6",
                  "Services" : [ {
                    "APIMethod" : "post",
                    "Characteristic" : "Services",
                    "Id" : "a153cb32-1e7e-407c-a840-7c463b643117",
                    "Name" : "GetKPILocalThingWorxDatabaseThing",
                    "Parameters" : { },
                    "RefreshInterval" : 0,
                    "Target" : "GetKPILocalThingWorxDatabaseThing"
                  } ]
                },
                "Session" : {
                  "DataName" : "Session",
                  "EntityName" : "",
                  "EntityType" : "Session",
                  "Id" : "session",
                  "Services" : [ {
                    "APIMethod" : "post",
                    "Characteristic" : "Services",
                    "Id" : "SessionInterface",
                    "Name" : "GetGlobalSessionValues",
                    "Parameters" : { },
                    "RefreshInterval" : 0,
                    "Target" : "GetGlobalSessionValues"
                  } ]
                },
                "Things_KBsmartKPILocalHelper" : {
                  "DataName" : "Things_KBsmartKPILocalHelper",
                  "EntityName" : "KBsmartKPILocalHelper",
                  "EntityType" : "Things",
                  "Id" : "0eea20fd-396c-48b2-b8d5-ee90c47e5e81",
                  "Services" : [ {
                    "APIMethod" : "post",
                    "Characteristic" : "Services",
                    "Id" : "98b3db67-10e3-4f67-b8f1-30db9ce188f3",
                    "Name" : "GetMachinesforSmartKPIVisualization",
                    "Parameters" : { },
                    "RefreshInterval" : 0,
                    "Target" : "GetMachinesforSmartKPIVisualization"
                  } ]
                },
                "UserExtensions" : {
                  "DataName" : "UserExtensions",
                  "EntityName" : "",
                  "EntityType" : "UserExtensions",
                  "Id" : "UserExtensions",
                  "Services" : [ {
                    "APIMethod" : "post",
                    "Characteristic" : "Services",
                    "Id" : "UserExtensionInterface",
                    "Name" : "GetCurrentUserExtensionProperties",
                    "Parameters" : { },
                    "RefreshInterval" : 0,
                    "Target" : "GetCurrentUserExtensionProperties"
                  } ]
                }
              },
              "DataBindings" : [ {
                "Id" : "b1282b61-f207-4336-b87b-c5f33b95e5fc",
                "PropertyMaps" : [ {
                  "SourceProperty" : "Value",
                  "SourcePropertyBaseType" : "NUMBER",
                  "SourcePropertyType" : "Property",
                  "TargetProperty" : "InputValue",
                  "TargetPropertyBaseType" : "NUMBER",
                  "TargetPropertyType" : "property"
                } ],
                "SourceArea" : "UI",
                "SourceId" : "verticalslider-11",
                "SourceSection" : "",
                "TargetArea" : "UI",
                "TargetId" : "expression-14",
                "TargetSection" : ""
              }, {
                "Id" : "97160718-1f38-4113-9c3e-de095ad35288",
                "PropertyMaps" : [ {
                  "SourceProperty" : "Output",
                  "SourcePropertyBaseType" : "STRING",
                  "TargetProperty" : "type",
                  "TargetPropertyBaseType" : "STRING",
                  "TargetPropertyType" : "Parameter"
                } ],
                "SourceArea" : "UI",
                "SourceId" : "expression-14",
                "SourceSection" : "",
                "TargetArea" : "Data",
                "TargetId" : "GetMachinesforSmartKPIVisualization",
                "TargetSection" : "Things_KBsmartKPILocalHelper"
              }, {
                "Id" : "d9492da9-bef4-4cd0-bac6-52b20f1a28d5",
                "PropertyMaps" : [ {
                  "SourceProperty" : "",
                  "SourcePropertyBaseType" : "INFOTABLE",
                  "SourcePropertyType" : "InfoTable",
                  "TargetProperty" : "Data",
                  "TargetPropertyBaseType" : "INFOTABLE",
                  "TargetPropertyType" : "property"
                } ],
                "SourceArea" : "Data",
                "SourceDetails" : "AllData",
                "SourceId" : "GetMachinesforSmartKPIVisualization",
                "SourceSection" : "Things_KBsmartKPILocalHelper",
                "TargetArea" : "UI",
                "TargetId" : "dhxlist-4",
                "TargetSection" : ""
              }, {
                "Id" : "6b01f762-d0aa-48f6-966a-8ae394e5bc4b",
                "PropertyMaps" : [ {
                  "SourceProperty" : "DisplayName",
                  "SourcePropertyBaseType" : "STRING",
                  "SourcePropertyType" : "Field",
                  "TargetProperty" : "MachineName",
                  "TargetPropertyBaseType" : "STRING",
                  "TargetPropertyType" : "property"
                } ],
                "SourceArea" : "Data",
                "SourceDetails" : "SelectedRows",
                "SourceId" : "GetMachinesforSmartKPIVisualization",
                "SourceSection" : "Things_KBsmartKPILocalHelper",
                "TargetArea" : "UI",
                "TargetId" : "mashupcontainer-5",
                "TargetSection" : ""
              }, {
                "Id" : "aa1c7d62-bb37-4d37-a96e-6414aa381c03",
                "PropertyMaps" : [ {
                  "SourceProperty" : "ThingName",
                  "SourcePropertyBaseType" : "STRING",
                  "SourcePropertyType" : "Field",
                  "TargetProperty" : "Machine",
                  "TargetPropertyBaseType" : "STRING",
                  "TargetPropertyType" : "property"
                } ],
                "SourceArea" : "Data",
                "SourceDetails" : "SelectedRows",
                "SourceId" : "GetMachinesforSmartKPIVisualization",
                "SourceSection" : "Things_KBsmartKPILocalHelper",
                "TargetArea" : "UI",
                "TargetId" : "mashupcontainer-5",
                "TargetSection" : ""
              }, {
                "Id" : "03b99048-5bb6-4a59-a704-959a1513aea0",
                "PropertyMaps" : [ {
                  "SourceProperty" : "Language",
                  "SourcePropertyBaseType" : "STRING",
                  "SourcePropertyType" : "Property",
                  "TargetProperty" : "Language",
                  "TargetPropertyBaseType" : "STRING",
                  "TargetPropertyType" : "property"
                } ],
                "SourceArea" : "Mashup",
                "SourceId" : "mashup-root",
                "SourceSection" : "",
                "TargetArea" : "UI",
                "TargetId" : "mashupcontainer-5",
                "TargetSection" : ""
              }, {
                "Id" : "3f57fb40-7f81-4003-bfd7-3104feb61f4b",
                "PropertyMaps" : [ {
                  "SourceProperty" : "Result",
                  "SourcePropertyBaseType" : "STRING",
                  "TargetProperty" : "value",
                  "TargetPropertyBaseType" : "THINGNAME",
                  "TargetPropertyType" : "Entity"
                } ],
                "SourceArea" : "Data",
                "SourceDetails" : "AllData",
                "SourceId" : "GetKPILocalThingWorxDatabaseThing",
                "SourceSection" : "Resources_KBThingWorxServerSystem",
                "TargetArea" : "Data",
                "TargetId" : "EntityName",
                "TargetSection" : "DynamicThingTemplates_KBKPIThingWorxDatabaseTemplate"
              }, {
                "Id" : "156a0e62-995e-41ec-99f8-30a8cdbeb632",
                "PropertyMaps" : [ {
                  "SourceProperty" : "Output",
                  "SourcePropertyBaseType" : "DATETIME",
                  "TargetProperty" : "date",
                  "TargetPropertyBaseType" : "DATETIME",
                  "TargetPropertyType" : "Parameter"
                } ],
                "SourceArea" : "UI",
                "SourceId" : "expression-15",
                "SourceSection" : "",
                "TargetArea" : "Data",
                "TargetId" : "GetFullShiftTime",
                "TargetSection" : "DynamicThingTemplates_KBKPIThingWorxDatabaseTemplate"
              }, {
                "Id" : "ba758b3c-78d4-4505-8732-d6357a1e712a",
                "PropertyMaps" : [ {
                  "SourceProperty" : "ThingName",
                  "SourcePropertyBaseType" : "STRING",
                  "TargetProperty" : "Machine",
                  "TargetPropertyBaseType" : "STRING",
                  "TargetPropertyType" : "Parameter"
                } ],
                "SourceArea" : "Data",
                "SourceDetails" : "SelectedRows",
                "SourceId" : "GetMachinesforSmartKPIVisualization",
                "SourceSection" : "Things_KBsmartKPILocalHelper",
                "TargetArea" : "Data",
                "TargetId" : "GetFullShiftTime",
                "TargetSection" : "DynamicThingTemplates_KBKPIThingWorxDatabaseTemplate"
              }, {
                "Id" : "3fbbf282-fe17-4347-ad8b-65ee2e060d96",
                "PropertyMaps" : [ {
                  "SourceProperty" : "CurrentStartTime",
                  "SourcePropertyBaseType" : "DATETIME",
                  "SourcePropertyType" : "Field",
                  "TargetProperty" : "StartTime",
                  "TargetPropertyBaseType" : "DATETIME",
                  "TargetPropertyType" : "property"
                } ],
                "SourceArea" : "Data",
                "SourceDetails" : "AllData",
                "SourceId" : "GetFullShiftTime",
                "SourceSection" : "DynamicThingTemplates_KBKPIThingWorxDatabaseTemplate",
                "TargetArea" : "UI",
                "TargetId" : "mashupcontainer-5",
                "TargetSection" : ""
              }, {
                "Id" : "644064b4-fc94-4de4-bc02-505ff6fc4244",
                "PropertyMaps" : [ {
                  "SourceProperty" : "CurrentEndTime",
                  "SourcePropertyBaseType" : "DATETIME",
                  "SourcePropertyType" : "Field",
                  "TargetProperty" : "EndTime",
                  "TargetPropertyBaseType" : "DATETIME",
                  "TargetPropertyType" : "property"
                } ],
                "SourceArea" : "Data",
                "SourceDetails" : "AllData",
                "SourceId" : "GetFullShiftTime",
                "SourceSection" : "DynamicThingTemplates_KBKPIThingWorxDatabaseTemplate",
                "TargetArea" : "UI",
                "TargetId" : "mashupcontainer-5",
                "TargetSection" : ""
              } ],
              "DesignTimePermissions" : {
                "Create" : [ ],
                "Delete" : [ ],
                "Metadata" : [ ],
                "Read" : [ ],
                "Update" : [ ]
              },
              "Events" : [ {
                "EventHandlerArea" : "Data",
                "EventHandlerId" : "Things_KBsmartKPILocalHelper",
                "EventHandlerService" : "GetMachinesforSmartKPIVisualization",
                "EventTriggerArea" : "Mashup",
                "EventTriggerEvent" : "Loaded",
                "EventTriggerId" : "mashup-root",
                "EventTriggerSection" : "",
                "Id" : "36a33a8f-bc1e-450a-a0bd-fb3c4c0596c1"
              }, {
                "EventHandlerArea" : "UI",
                "EventHandlerId" : "expression-14",
                "EventHandlerService" : "Evaluate",
                "EventTriggerArea" : "Mashup",
                "EventTriggerEvent" : "Loaded",
                "EventTriggerId" : "mashup-root",
                "EventTriggerSection" : "",
                "Id" : "f14b3336-e915-4dc7-bb00-54bfcaa324e1"
              }, {
                "EventHandlerArea" : "UI",
                "EventHandlerId" : "expression-14",
                "EventHandlerService" : "Evaluate",
                "EventTriggerArea" : "UI",
                "EventTriggerEvent" : "ValueChanged",
                "EventTriggerId" : "verticalslider-11",
                "EventTriggerSection" : "",
                "Id" : "b27e5f02-b1ce-449f-b19e-23cec2a9fac6"
              }, {
                "EventHandlerArea" : "UI",
                "EventHandlerId" : "mashupcontainer-5",
                "EventHandlerService" : "Refresh",
                "EventTriggerArea" : "Data",
                "EventTriggerEvent" : "ServiceInvokeCompleted",
                "EventTriggerId" : "GetMachinesforSmartKPIVisualization",
                "EventTriggerSection" : "Things_KBsmartKPILocalHelper",
                "Id" : "e00cd312-6086-4fda-b5e4-c4d65867d3c1"
              }, {
                "EventHandlerArea" : "Data",
                "EventHandlerId" : "Things_KBsmartKPILocalHelper",
                "EventHandlerService" : "GetMachinesforSmartKPIVisualization",
                "EventTriggerArea" : "UI",
                "EventTriggerEvent" : "Changed",
                "EventTriggerId" : "expression-14",
                "EventTriggerSection" : "",
                "Id" : "904b279f-1340-4203-b005-330448bd48c4"
              }, {
                "EventHandlerArea" : "UI",
                "EventHandlerId" : "mashupcontainer-5",
                "EventHandlerService" : "Refresh",
                "EventTriggerArea" : "Data",
                "EventTriggerEvent" : "SelectedRowsChanged",
                "EventTriggerId" : "GetMachinesforSmartKPIVisualization",
                "EventTriggerSection" : "Things_KBsmartKPILocalHelper",
                "Id" : "edde2c9d-16b5-41ba-a0f4-4fa6b7bf4bd2"
              }, {
                "EventHandlerArea" : "Data",
                "EventHandlerId" : "Resources_KBThingWorxServerSystem",
                "EventHandlerService" : "GetKPILocalThingWorxDatabaseThing",
                "EventTriggerArea" : "Mashup",
                "EventTriggerEvent" : "Loaded",
                "EventTriggerId" : "mashup-root",
                "EventTriggerSection" : "",
                "Id" : "14e8e540-416e-4857-8066-6253b11e08fa"
              }, {
                "EventHandlerArea" : "UI",
                "EventHandlerId" : "expression-15",
                "EventHandlerService" : "Evaluate",
                "EventTriggerArea" : "Mashup",
                "EventTriggerEvent" : "Loaded",
                "EventTriggerId" : "mashup-root",
                "EventTriggerSection" : "",
                "Id" : "d03ef21a-45f7-4536-9888-35337854749e"
              }, {
                "EventHandlerArea" : "Data",
                "EventHandlerId" : "DynamicThingTemplates_KBKPIThingWorxDatabaseTemplate",
                "EventHandlerService" : "GetFullShiftTime",
                "EventTriggerArea" : "Data",
                "EventTriggerEvent" : "ServiceInvokeCompleted",
                "EventTriggerId" : "GetKPILocalThingWorxDatabaseThing",
                "EventTriggerSection" : "Resources_KBThingWorxServerSystem",
                "Id" : "d7fccd2a-e243-4f8b-879b-1afa61fab791"
              }, {
                "EventHandlerArea" : "Data",
                "EventHandlerId" : "DynamicThingTemplates_KBKPIThingWorxDatabaseTemplate",
                "EventHandlerService" : "GetFullShiftTime",
                "EventTriggerArea" : "UI",
                "EventTriggerEvent" : "Changed",
                "EventTriggerId" : "expression-15",
                "EventTriggerSection" : "",
                "Id" : "de4c376a-5b24-4fc5-ab59-51104460a209"
              }, {
                "EventHandlerArea" : "Data",
                "EventHandlerId" : "DynamicThingTemplates_KBKPIThingWorxDatabaseTemplate",
                "EventHandlerService" : "GetFullShiftTime",
                "EventTriggerArea" : "Data",
                "EventTriggerEvent" : "SelectedRowsChanged",
                "EventTriggerId" : "GetKPILocalThingWorxDatabaseThing",
                "EventTriggerSection" : "Resources_KBThingWorxServerSystem",
                "Id" : "ae64c300-ed45-49c5-9a21-88dd50e60c62"
              } ],
              "RunTimePermissions" : {
                "permissions" : [ {
                  "EventInvoke" : [ ],
                  "EventSubscribe" : [ ],
                  "PropertyRead" : [ {
                    "isPermitted" : true,
                    "name" : "KBUserGroup",
                    "type" : "Group"
                  } ],
                  "PropertyWrite" : [ ],
                  "ServiceInvoke" : [ {
                    "isPermitted" : true,
                    "name" : "KBUserGroup",
                    "type" : "Group"
                  } ],
                  "resourceName" : "*"
                } ]
              },
              "UI" : {
                "Properties" : {
                  "AddToDashboardButton" : "SimplePlus",
                  "AddToDashboardButtonStyle" : "DefaultAddToDashboardButtonStyle",
                  "Area" : "Mashup",
                  "BGImage" : "",
                  "BGImageRepeat" : "no-repeat",
                  "BGImageSize" : "auto",
                  "Columns" : 0,
                  "ConfigureGadgetButton" : "SimpleGear",
                  "ConfigureGadgetButtonStyle" : "DefaultConfigureGadgetButtonStyle",
                  "DisplayName" : "Mashup",
                  "EnableParameterEditing" : false,
                  "Height" : 618,
                  "Id" : "mashup-root",
                  "IgnoreWarningsInViewMashup" : false,
                  "IsPrintLayout" : false,
                  "Left" : 0,
                  "MashupToEditGadget" : "DefaultMashupToEditGadget",
                  "Master" : "KBSmartProductionMaster1Mashup",
                  "MinHeight" : 0,
                  "MinWidth" : 0,
                  "ResponsiveLayout" : true,
                  "Rows" : 0,
                  "ShowDataLoading" : true,
                  "Style" : "DefaultMashupStyle",
                  "StyleTheme" : "Base Theme",
                  "Title" : "",
                  "TitleBar" : false,
                  "TitleBarStyle" : "DefaultTitleBarStyle",
                  "TitleBarText" : "Gadget Title Here",
                  "Top" : 0,
                  "Type" : "mashup",
                  "UseTheme" : false,
                  "UseThemeForHybrids" : false,
                  "Visible" : true,
                  "Width" : 1024,
                  "Z-index" : 10,
                  "__TypeDisplayName" : "Mashup",
                  "_currentParameterDefs" : [ {
                    "Aspects" : {
                      "bindingDirection" : "IN",
                      "isMandatory" : false
                    },
                    "BaseType" : "STRING",
                    "Description" : "",
                    "ParameterName" : "Language"
                  } ],
                  "id_index" : 15,
                  "supportsAutoResize" : true
                },
                "Widgets" : [ {
                  "Properties" : {
                    "Area" : "UI",
                    "Columns" : 1,
                    "DisplayName" : "layout-1",
                    "Footer" : false,
                    "FooterHeight" : 0,
                    "Header" : false,
                    "HeaderHeight" : 0,
                    "Id" : "layout-1",
                    "IncludeSpacingInFixedAreas" : false,
                    "IsPrintLayout" : false,
                    "Left" : 380,
                    "LeftSidebar" : true,
                    "LeftSidebarWidth" : 160,
                    "Orientation" : "horizontal",
                    "PctColumn1" : 100,
                    "PctColumn2" : 0,
                    "PctColumn3" : 1,
                    "PctColumn4" : 1,
                    "PctColumn5" : 1,
                    "PctColumn6" : 1,
                    "PctColumn7" : 1,
                    "PctColumn8" : 1,
                    "PctRow1" : 50,
                    "PctRow2" : 50,
                    "PctRow3" : 0,
                    "PctRow4" : 0,
                    "PctRow5" : 0,
                    "PctRow6" : 0,
                    "PctRow7" : 0,
                    "PctRow8" : 0,
                    "PrintMarginLeftRight" : 0.5,
                    "PrintMarginTopBottom" : 0.5,
                    "PrintWidth" : 650,
                    "ResponsiveLayout" : true,
                    "RightSidebar" : false,
                    "RightSidebarWidth" : 0,
                    "Rows" : 0,
                    "ShowDataLoading" : true,
                    "Spacing" : 2,
                    "Top" : 95,
                    "Type" : "layout",
                    "Visible" : true,
                    "Z-index" : 10,
                    "__TypeDisplayName" : "Layout"
                  },
                  "Widgets" : [ {
                    "Properties" : {
                      "AnimateExpandCollapse" : true,
                      "Area" : "UI",
                      "BGImageRepeat" : "no-repeat",
                      "BGImageSize" : "auto",
                      "DisplayName" : "Left Sidebar",
                      "ExpandCollapseTabLocation" : "outside",
                      "Expanded" : true,
                      "Id" : "container-2",
                      "MinHeight" : 0,
                      "MinWidth" : 0,
                      "Overlay" : false,
                      "OverlayIsTransparent" : false,
                      "ResponsiveLayout" : true,
                      "ShowDataLoading" : true,
                      "ShowExpandCollapseTab" : false,
                      "Style" : "DefaultContainerStyle",
                      "TabCollapseStyle" : "DefaultTabCollapseStyle",
                      "TabExpandStyle" : "DefaultTabExpandStyle",
                      "TabHeight" : 36,
                      "TabLocation" : "center",
                      "TabOffset" : 0,
                      "TabWidth" : 36,
                      "Type" : "container",
                      "Visible" : true,
                      "Z-index" : 10,
                      "__TypeDisplayName" : "Container",
                      "userCannotRemove" : true
                    },
                    "Widgets" : [ {
                      "Properties" : {
                        "Area" : "UI",
                        "Columns" : 0,
                        "DisplayName" : "layout-6",
                        "Footer" : false,
                        "FooterHeight" : 0,
                        "Header" : false,
                        "HeaderHeight" : 0,
                        "Id" : "layout-6",
                        "IncludeSpacingInFixedAreas" : false,
                        "IsPrintLayout" : false,
                        "Left" : 40,
                        "LeftSidebar" : false,
                        "LeftSidebarWidth" : 0,
                        "Orientation" : "vertical",
                        "PctColumn1" : 50,
                        "PctColumn2" : 50,
                        "PctColumn3" : 1,
                        "PctColumn4" : 1,
                        "PctColumn5" : 1,
                        "PctColumn6" : 1,
                        "PctColumn7" : 1,
                        "PctColumn8" : 1,
                        "PctRow1" : 10,
                        "PctRow2" : 90,
                        "PctRow3" : 0,
                        "PctRow4" : 0,
                        "PctRow5" : 0,
                        "PctRow6" : 0,
                        "PctRow7" : 0,
                        "PctRow8" : 0,
                        "PrintMarginLeftRight" : 0.5,
                        "PrintMarginTopBottom" : 0.5,
                        "PrintWidth" : 650,
                        "ResponsiveLayout" : true,
                        "RightSidebar" : false,
                        "RightSidebarWidth" : 0,
                        "Rows" : 2,
                        "ShowDataLoading" : true,
                        "Spacing" : 2,
                        "Top" : 70,
                        "Type" : "layout",
                        "Visible" : true,
                        "Z-index" : 10,
                        "__TypeDisplayName" : "Layout"
                      },
                      "Widgets" : [ {
                        "Properties" : {
                          "AnimateExpandCollapse" : true,
                          "Area" : "UI",
                          "BGImageRepeat" : "no-repeat",
                          "BGImageSize" : "auto",
                          "DisplayName" : "Row 1",
                          "ExpandCollapseTabLocation" : "outside",
                          "Expanded" : true,
                          "Id" : "container-7",
                          "MinHeight" : 0,
                          "MinWidth" : 0,
                          "Overlay" : false,
                          "OverlayIsTransparent" : false,
                          "ResponsiveLayout" : true,
                          "ShowDataLoading" : true,
                          "ShowExpandCollapseTab" : false,
                          "Style" : "DefaultContainerStyle",
                          "TabCollapseStyle" : "DefaultTabCollapseStyle",
                          "TabExpandStyle" : "DefaultTabExpandStyle",
                          "TabHeight" : 36,
                          "TabLocation" : "center",
                          "TabOffset" : 0,
                          "TabWidth" : 36,
                          "Type" : "container",
                          "Visible" : true,
                          "Z-index" : 10,
                          "__TypeDisplayName" : "Container",
                          "userCannotRemove" : true
                        },
                        "Widgets" : [ {
                          "Properties" : {
                            "Area" : "UI",
                            "ContainerClass" : "",
                            "DisplayName" : "panel-10",
                            "Height" : 200,
                            "HideScrollbars" : false,
                            "HorizontalAnchor" : "left",
                            "Id" : "panel-10",
                            "Left" : 15,
                            "ResponsiveLayout" : true,
                            "ShowDataLoading" : true,
                            "Style" : "DefaultPanelStyle",
                            "Top" : 30,
                            "Type" : "panel",
                            "VerticalAnchor" : "top",
                            "Visible" : true,
                            "Width" : 300,
                            "Z-index" : 10,
                            "__TypeDisplayName" : "Panel"
                          },
                          "Widgets" : [ {
                            "Properties" : {
                              "Area" : "UI",
                              "Disabled" : false,
                              "DisplayMinMaxLabels" : false,
                              "DisplayName" : "verticalslider-11",
                              "DisplayValueLabel" : false,
                              "Height" : 55,
                              "Id" : "verticalslider-11",
                              "Left" : 1,
                              "Maximum" : 1,
                              "Minimum" : 0,
                              "ResponsiveLayout" : false,
                              "ShowDataLoading" : true,
                              "Skin" : "Default",
                              "SliderBGDisabledStyle" : "DefaultSliderBGStyle",
                              "SliderBGStyle" : "DefaultSliderBGStyle",
                              "SliderBar" : "Thick",
                              "SliderHandle" : "Square",
                              "SliderHandleDisabledStyle" : "DefaultSliderHandleStyle",
                              "SliderHandleStyle" : "DefaultSliderHandleStyle",
                              "SliderMaxDisabledStyle" : "DefaultSliderMaxStyle",
                              "SliderMaxStyle" : "DefaultSliderMaxStyle",
                              "SliderMinDisabledStyle" : "DefaultSliderMinStyle",
                              "SliderMinStyle" : "DefaultSliderMinStyle",
                              "SliderTrackerDisabledStyle" : "DefaultSliderTrackerStyle",
                              "SliderTrackerProgressDisabledStyle" : "DefaultSliderTrackerStyle",
                              "SliderTrackerProgressStyle" : "DefaultSliderTrackerProgressStyle",
                              "SliderTrackerStyle" : "DefaultSliderTrackerStyle",
                              "SliderValueDisabledStyle" : "DefaultSliderMinStyle",
                              "SliderValueStyle" : "DefaultSliderValueStyle",
                              "Step" : 1,
                              "SteppingMode" : false,
                              "Top" : 1,
                              "TrackingMode" : false,
                              "Type" : "verticalslider",
                              "UseTheme" : false,
                              "Value" : 0,
                              "Vertical" : true,
                              "Visible" : true,
                              "Width" : 32,
                              "Z-index" : 10,
                              "ZeroScale" : true,
                              "__TypeDisplayName" : "Vertical Slider"
                            },
                            "Widgets" : [ ]
                          }, {
                            "Properties" : {
                              "Alignment" : "left",
                              "AllowEllipsis" : false,
                              "Area" : "UI",
                              "DisplayName" : "label-12",
                              "Height" : 22,
                              "Id" : "label-12",
                              "Left" : 35.994298943359354,
                              "ResponsiveLayout" : false,
                              "ShowDataLoading" : true,
                              "Style" : "DefaultLabelStyle",
                              "Text" : "[[KBLocalSmartKPIMachinePartLossesFrameMashup.Station]]",
                              "ToolTipField" : "",
                              "ToolTipStyle" : "DefaultTooltipStyle",
                              "Top" : 1.9791660393066408,
                              "Type" : "label",
                              "Visible" : true,
                              "Width" : 60,
                              "Z-index" : 10,
                              "__TypeDisplayName" : "Label",
                              "__supportsTooltip" : true
                            },
                            "Widgets" : [ ]
                          }, {
                            "Properties" : {
                              "Alignment" : "left",
                              "AllowEllipsis" : false,
                              "Area" : "UI",
                              "DisplayName" : "label-13",
                              "Height" : 22,
                              "Id" : "label-13",
                              "Left" : 36.988616943359375,
                              "ResponsiveLayout" : false,
                              "ShowDataLoading" : true,
                              "Style" : "DefaultLabelStyle",
                              "Text" : "[[KBLocalSmartKPIMachinePartLossesFrameMashup.Machine]]",
                              "ToolTipField" : "",
                              "ToolTipStyle" : "DefaultTooltipStyle",
                              "Top" : 33.98674392700195,
                              "Type" : "label",
                              "Visible" : true,
                              "Width" : 70,
                              "Z-index" : 10,
                              "__TypeDisplayName" : "Label",
                              "__supportsTooltip" : true
                            },
                            "Widgets" : [ ]
                          } ]
                        } ]
                      }, {
                        "Properties" : {
                          "AnimateExpandCollapse" : true,
                          "Area" : "UI",
                          "BGImageRepeat" : "no-repeat",
                          "BGImageSize" : "auto",
                          "DisplayName" : "Row 2",
                          "ExpandCollapseTabLocation" : "outside",
                          "Expanded" : true,
                          "Id" : "container-8",
                          "MinHeight" : 0,
                          "MinWidth" : 0,
                          "Overlay" : false,
                          "OverlayIsTransparent" : false,
                          "ResponsiveLayout" : true,
                          "ShowDataLoading" : true,
                          "ShowExpandCollapseTab" : false,
                          "Style" : "DefaultContainerStyle",
                          "TabCollapseStyle" : "DefaultTabCollapseStyle",
                          "TabExpandStyle" : "DefaultTabExpandStyle",
                          "TabHeight" : 36,
                          "TabLocation" : "center",
                          "TabOffset" : 0,
                          "TabWidth" : 36,
                          "Type" : "container",
                          "Visible" : true,
                          "Z-index" : 10,
                          "__TypeDisplayName" : "Container",
                          "userCannotRemove" : true
                        },
                        "Widgets" : [ {
                          "Properties" : {
                            "Alignment" : "left",
                            "Area" : "UI",
                            "AutoSelectFirstRow" : true,
                            "ClearIfNoSelection" : false,
                            "ComboDropdownButtonStyle" : "DefaultComboDropdownButtonStyle",
                            "ComboEnableCheckbox" : false,
                            "ComboItemHighlightedStyle" : "DefaultComboItemHighlightedStyle",
                            "ComboTextboxStyle" : "DefaultComboTextboxStyle",
                            "DisableSelectedStyle" : false,
                            "DisplayField" : "DisplayName",
                            "DisplayName" : "dhxlist-4",
                            "DropdownButtonStyle" : "DefaultDropdownButtonStyle",
                            "DropdownSelectedStyle" : "DefaultDropdownSelectedStyle",
                            "DropdownStyle" : "DefaultDropdownStyle",
                            "EnableKeyboardSelections" : true,
                            "EnableToolTips" : true,
                            "Height" : 170,
                            "HeightOfDropdownView" : 170,
                            "Id" : "dhxlist-4",
                            "Label" : "",
                            "LabelAlignment" : "left",
                            "Left" : 0,
                            "ListBackgroundStyle" : "DefaultListBackgroundStyle",
                            "ListFocusStyle" : "DefaultFocusStyle",
                            "ListItemAlternateStyle" : "DefaultListItemAlternateStyle",
                            "ListItemHoverStyle" : "DefaultListItemHoverStyle",
                            "ListItemSelectedStyle" : "DefaultListItemSelectedStyle",
                            "ListItemStyle" : "DefaultListItemStyle",
                            "ListLabelStyle" : "DefaultWidgetLabelStyle",
                            "MultiSelect" : false,
                            "NumberOfItemsInDropdownView" : 6,
                            "NumberOfItemsPerPage" : 500,
                            "ResponsiveLayout" : true,
                            "RowHeight" : 28,
                            "ShowDataLoading" : true,
                            "SingleClickSelectOnTablets" : false,
                            "TabSequence" : 0,
                            "TextIfNoSelectionType" : "editable",
                            "TextVerticalAlignment" : 28,
                            "ToolTipStyle" : "DefaultTooltipStyle",
                            "Top" : 0,
                            "Type" : "dhxlist",
                            "ValueField" : "ThingName",
                            "View" : "list",
                            "Visible" : true,
                            "Width" : 110,
                            "WidthOfDropdownView" : 500,
                            "Z-index" : 10,
                            "__TypeDisplayName" : "List",
                            "__supportsLabel" : true,
                            "__supportsTooltip" : true
                          },
                          "Widgets" : [ ]
                        } ]
                      } ]
                    } ]
                  }, {
                    "Properties" : {
                      "AnimateExpandCollapse" : true,
                      "Area" : "UI",
                      "BGImageRepeat" : "no-repeat",
                      "BGImageSize" : "auto",
                      "DisplayName" : "Column 1",
                      "ExpandCollapseTabLocation" : "outside",
                      "Expanded" : true,
                      "Id" : "container-3",
                      "MinHeight" : 0,
                      "MinWidth" : 0,
                      "Overlay" : false,
                      "OverlayIsTransparent" : false,
                      "ResponsiveLayout" : true,
                      "ShowDataLoading" : true,
                      "ShowExpandCollapseTab" : false,
                      "Style" : "DefaultContainerStyle",
                      "TabCollapseStyle" : "DefaultTabCollapseStyle",
                      "TabExpandStyle" : "DefaultTabExpandStyle",
                      "TabHeight" : 36,
                      "TabLocation" : "center",
                      "TabOffset" : 0,
                      "TabWidth" : 36,
                      "Type" : "container",
                      "Visible" : true,
                      "Z-index" : 10,
                      "__TypeDisplayName" : "Container",
                      "userCannotRemove" : true
                    },
                    "Widgets" : [ {
                      "Properties" : {
                        "Area" : "UI",
                        "DisplayName" : "mashupcontainer-5",
                        "Height" : 300,
                        "Id" : "mashupcontainer-5",
                        "Left" : 285,
                        "Machine" : "-nothing-",
                        "MachineName" : "",
                        "MashupParameters" : [ {
                          "BaseType" : "DATETIME",
                          "Description" : "",
                          "ParameterName" : "EndTime",
                          "ParmDef" : {
                            "aspects" : {
                              "bindingDirection" : "IN",
                              "isMandatory" : "false",
                              "ordinal" : "3"
                            },
                            "baseType" : "DATETIME",
                            "description" : "",
                            "name" : "EndTime",
                            "ordinal" : 0
                          }
                        }, {
                          "BaseType" : "STRING",
                          "Description" : "",
                          "ParameterName" : "Language",
                          "ParmDef" : {
                            "aspects" : {
                              "bindingDirection" : "BOTH",
                              "isMandatory" : "false",
                              "ordinal" : "4"
                            },
                            "baseType" : "STRING",
                            "description" : "",
                            "name" : "Language",
                            "ordinal" : 0
                          }
                        }, {
                          "BaseType" : "STRING",
                          "DefaultValue" : "",
                          "Description" : "",
                          "ParameterName" : "MachineName",
                          "ParmDef" : {
                            "aspects" : {
                              "bindingDirection" : "BOTH",
                              "isMandatory" : "false",
                              "ordinal" : "1"
                            },
                            "baseType" : "STRING",
                            "description" : "",
                            "name" : "MachineName",
                            "ordinal" : 0
                          }
                        }, {
                          "BaseType" : "DATETIME",
                          "Description" : "",
                          "ParameterName" : "StartTime",
                          "ParmDef" : {
                            "aspects" : {
                              "bindingDirection" : "IN",
                              "isMandatory" : "false",
                              "ordinal" : "2"
                            },
                            "baseType" : "DATETIME",
                            "description" : "",
                            "name" : "StartTime",
                            "ordinal" : 0
                          }
                        }, {
                          "BaseType" : "STRING",
                          "DefaultValue" : "-nothing-",
                          "Description" : "",
                          "ParameterName" : "Machine",
                          "ParmDef" : {
                            "aspects" : {
                              "bindingDirection" : "BOTH",
                              "isMandatory" : "false",
                              "ordinal" : "0"
                            },
                            "baseType" : "STRING",
                            "description" : "",
                            "name" : "Machine",
                            "ordinal" : 0
                          }
                        } ],
                        "Name" : "KBLocalSmartKPIMachinePartLossesMashup",
                        "ResponsiveLayout" : true,
                        "ShowDataLoading" : true,
                        "TabSequenceGroup" : 0,
                        "Top" : 90,
                        "Type" : "mashupcontainer",
                        "Visible" : true,
                        "Width" : 400,
                        "Z-index" : 10,
                        "__TypeDisplayName" : "Contained Mashup"
                      },
                      "Widgets" : [ ]
                    } ]
                  } ]
                }, {
                  "Properties" : {
                    "Area" : "UI",
                    "AutoEvaluate" : true,
                    "DataChangeType" : "VALUE",
                    "DisplayName" : "MachineStationSelector",
                    "Expression" : "Output=(InputValue===0?'Machine':'Station');",
                    "FireOnFirstValue" : false,
                    "Height" : 28,
                    "Id" : "expression-14",
                    "Left" : 0,
                    "OutputBaseType" : "STRING",
                    "ShowDataLoading" : true,
                    "Top" : 0,
                    "Type" : "expression",
                    "Visible" : true,
                    "Width" : 200,
                    "Z-index" : 10,
                    "__TypeDisplayName" : "Expression",
                    "_currentParameterDefs" : [ {
                      "BaseType" : "NUMBER",
                      "Description" : "",
                      "ParameterName" : "InputValue",
                      "isValid" : true
                    } ],
                    "editMode" : "edit",
                    "helperType" : "expression",
                    "parameters" : [ {
                      "BaseType" : "NUMBER",
                      "Description" : "",
                      "ParameterName" : "InputValue",
                      "isValid" : true
                    } ],
                    "parametersToDelete" : [ ]
                  },
                  "Widgets" : [ ]
                }, {
                  "Properties" : {
                    "Area" : "UI",
                    "AutoEvaluate" : false,
                    "DataChangeType" : "ALWAYS",
                    "DisplayName" : "GetNow",
                    "Expression" : "Output=new Date();",
                    "FireOnFirstValue" : false,
                    "Height" : 28,
                    "Id" : "expression-15",
                    "Left" : 0,
                    "OutputBaseType" : "DATETIME",
                    "ShowDataLoading" : true,
                    "Top" : 0,
                    "Type" : "expression",
                    "Visible" : true,
                    "Width" : 200,
                    "Z-index" : 10,
                    "__TypeDisplayName" : "Expression",
                    "_currentParameterDefs" : [ ],
                    "editMode" : "edit",
                    "helperType" : "expression",
                    "parameters" : [ ],
                    "parametersToDelete" : [ ]
                  },
                  "Widgets" : [ ]
                } ]
              },
              "mashupType" : "mashup"
            }
            ]]>
			</mashupContent>
			<preview/>
		</Mashup>
	</Mashups>
</Entities>
