<?xml version="1.0" encoding="UTF-8" standalone="no"?>
<Entities build="b52" majorVersion="8" minorVersion="0"
	modelPersistenceProviderPackage="MssqlPersistenceProviderPackage"
	revision="3" schemaVersion="1000">
	<Mashups>
		<Mashup aspect.isResponsive="true" aspect.mashupType="mashup"
			columns="0.0" description="" documentationContent="" homeMashup=""
			lastModifiedDate="2018-03-01T13:05:31.572+01:00"
			name="KBMachineMashupTesterMashup" projectName="KBsmartKPI"
			rows="0.0" tags="KBThingWorxInstallationVocabulary:ExtensionSmartKPI">
			<Owner name="adm-flassakm" type="User" />
			<avatar />
			<DesignTimePermissions>
				<Create />
				<Read />
				<Update />
				<Delete />
				<Metadata />
			</DesignTimePermissions>
			<RunTimePermissions>
				<Permissions resourceName="*">
					<PropertyRead>
						<Principal isPermitted="true" name="KBUserGroup"
							type="Group" />
					</PropertyRead>
					<PropertyWrite />
					<ServiceInvoke>
						<Principal isPermitted="true" name="KBUserGroup"
							type="Group" />
					</ServiceInvoke>
					<EventInvoke />
					<EventSubscribe />
				</Permissions>
			</RunTimePermissions>
			<VisibilityPermissions>
				<Visibility>
					<Principal isPermitted="true" name="KBOrganization"
						type="Organization" />
				</Visibility>
			</VisibilityPermissions>
			<ConfigurationTables />
			<ParameterDefinitions />
			<Things />
			<ThingShapes />
			<ThingTemplates />
			<mashupContent><![CDATA[{
  "RunTimePermissions" : { },
  "UI" : {
    "Widgets" : [ {
      "Widgets" : [ {
        "Widgets" : [ {
          "Widgets" : [ {
            "Widgets" : [ ],
            "Properties" : {
              "Left" : 55,
              "TextboxLabelStyle" : "DefaultWidgetLabelStyle",
              "ShowDataLoading" : true,
              "Label" : "MachineThingName",
              "ToolTipStyle" : "DefaultTooltipStyle",
              "PlaceholderText" : "",
              "TabSequence" : 0,
              "__supportsTooltip" : true,
              "ToolTipField" : "",
              "TextAlign" : "left",
              "Visible" : true,
              "DisplayName" : "textbox-8",
              "Style" : "DefaultTextBoxStyle",
              "Height" : 24,
              "Width" : 200,
              "ReadOnly" : false,
              "__supportsLabel" : true,
              "InnerShadow" : true,
              "ResponsiveLayout" : false,
              "LabelAlignment" : "left",
              "Z-index" : 10,
              "Text" : "KBLisLaa8MachineThing",
              "__TypeDisplayName" : "TextBox",
              "Area" : "UI",
              "Type" : "textbox",
              "DefaultTextboxFocusStyle" : "DefaultFocusStyle",
              "MaskInputCharacters" : false,
              "Top" : 30,
              "CursorPosition" : 0,
              "Id" : "textbox-8"
            }
          }, {
            "Widgets" : [ ],
            "Properties" : {
              "Left" : 315,
              "TextboxLabelStyle" : "DefaultWidgetLabelStyle",
              "ShowDataLoading" : true,
              "Label" : "MashupName",
              "ToolTipStyle" : "DefaultTooltipStyle",
              "PlaceholderText" : "",
              "TabSequence" : 0,
              "__supportsTooltip" : true,
              "ToolTipField" : "",
              "TextAlign" : "left",
              "Visible" : true,
              "DisplayName" : "textbox-9",
              "Style" : "DefaultTextBoxStyle",
              "Height" : 24,
              "Width" : 200,
              "ReadOnly" : false,
              "__supportsLabel" : true,
              "InnerShadow" : true,
              "ResponsiveLayout" : false,
              "LabelAlignment" : "left",
              "Z-index" : 10,
              "Text" : "KBRateOfQualityDailyTimeSeriesMashup",
              "__TypeDisplayName" : "TextBox",
              "Area" : "UI",
              "Type" : "textbox",
              "DefaultTextboxFocusStyle" : "DefaultFocusStyle",
              "MaskInputCharacters" : false,
              "Top" : 30,
              "CursorPosition" : 0,
              "Id" : "textbox-9"
            }
          }, {
            "Widgets" : [ ],
            "Properties" : {
              "AutoRefreshTabSequence" : 0,
              "Left" : 620,
              "ShowDataLoading" : true,
              "Label" : "Refresh Now",
              "FocusStyle" : "DefaultButtonFocusStyle",
              "ShowControls" : true,
              "RefreshToggleStyleOff" : "DefaultAutoRefreshToggleOffStyle",
              "IconAlignment" : "left",
              "RefreshInterval" : 30,
              "Visible" : true,
              "DisplayName" : "autorefresh-10",
              "Style" : "DefaultButtonStyle",
              "Height" : 28,
              "Width" : 180,
              "RefreshToggleStyle" : "DefaultAutoRefreshToggleStyle",
              "ResponsiveLayout" : false,
              "RefreshNowTabSequence" : 0,
              "RefreshToggleSliderStyle" : "DefaultAutoRefreshToggleSliderStyle",
              "Z-index" : 10,
              "RefreshToggleLabelOff" : "Off",
              "__TypeDisplayName" : "Auto Refresh",
              "RefreshToggleLabel" : "On",
              "HoverStyle" : "DefaultButtonHoverStyle",
              "Area" : "UI",
              "Type" : "autorefresh",
              "Top" : 40,
              "Id" : "autorefresh-10",
              "ActiveStyle" : "DefaultButtonActiveStyle",
              "AutoRefresh" : true
            }
          } ],
          "Properties" : {
            "Left" : 465,
            "HideScrollbars" : false,
            "ResponsiveLayout" : true,
            "ShowDataLoading" : true,
            "Z-index" : 10,
            "VerticalAnchor" : "top",
            "__TypeDisplayName" : "Panel",
            "HorizontalAnchor" : "left",
            "Area" : "UI",
            "Type" : "panel",
            "Top" : 30,
            "Visible" : true,
            "DisplayName" : "panel-4",
            "Style" : "DefaultPanelStyle",
            "Height" : 200,
            "Id" : "panel-4",
            "Width" : 300
          }
        } ],
        "Properties" : {
          "MinHeight" : 0,
          "TabWidth" : 36,
          "BGImageRepeat" : "no-repeat",
          "ShowDataLoading" : true,
          "ShowExpandCollapseTab" : false,
          "ExpandCollapseTabLocation" : "outside",
          "TabExpandStyle" : "DefaultTabExpandStyle",
          "Visible" : true,
          "DisplayName" : "Header",
          "Style" : "DefaultContainerStyle",
          "BGImageSize" : "auto",
          "Overlay" : false,
          "Expanded" : true,
          "TabCollapseStyle" : "DefaultTabCollapseStyle",
          "OverlayIsTransparent" : false,
          "ResponsiveLayout" : true,
          "Z-index" : 10,
          "TabOffset" : 0,
          "MinWidth" : 0,
          "__TypeDisplayName" : "Container",
          "TabLocation" : "center",
          "Area" : "UI",
          "Type" : "container",
          "AnimateExpandCollapse" : true,
          "TabHeight" : 36,
          "Id" : "container-2"
        }
      }, {
        "Widgets" : [ {
          "Widgets" : [ ],
          "Properties" : {
            "Left" : 410,
            "ShowDataLoading" : true,
            "ResponsiveLayout" : true,
            "Z-index" : 10,
            "MashupParameters" : [ {
              "Description" : "",
              "BaseType" : "STRING",
              "ParmDef" : {
                "name" : "MachineThingName",
                "aspects" : {
                  "ordinal" : "0"
                },
                "description" : "",
                "baseType" : "STRING",
                "ordinal" : 0
              },
              "ParameterName" : "MachineThingName"
            } ],
            "__TypeDisplayName" : "Contained Mashup",
            "Name" : "KBRateOfQualityDailyTimeSeriesMashup",
            "Area" : "UI",
            "Type" : "mashupcontainer",
            "TabSequenceGroup" : 0,
            "Top" : 25,
            "Visible" : true,
            "DisplayName" : "mashupcontainer-6",
            "Height" : 300,
            "Id" : "mashupcontainer-6",
            "Width" : 400
          }
        } ],
        "Properties" : {
          "MinHeight" : 0,
          "TabWidth" : 36,
          "BGImageRepeat" : "no-repeat",
          "ShowDataLoading" : true,
          "ShowExpandCollapseTab" : false,
          "ExpandCollapseTabLocation" : "outside",
          "TabExpandStyle" : "DefaultTabExpandStyle",
          "Visible" : true,
          "DisplayName" : "Row 1",
          "Style" : "DefaultContainerStyle",
          "BGImageSize" : "auto",
          "Overlay" : false,
          "Expanded" : true,
          "TabCollapseStyle" : "DefaultTabCollapseStyle",
          "OverlayIsTransparent" : false,
          "ResponsiveLayout" : true,
          "Z-index" : 10,
          "TabOffset" : 0,
          "MinWidth" : 0,
          "__TypeDisplayName" : "Container",
          "TabLocation" : "center",
          "Area" : "UI",
          "Type" : "container",
          "AnimateExpandCollapse" : true,
          "TabHeight" : 36,
          "Id" : "container-3"
        }
      } ],
      "Properties" : {
        "Left" : 430,
        "IncludeSpacingInFixedAreas" : false,
        "ShowDataLoading" : true,
        "HeaderHeight" : 100,
        "PctRow4" : 0,
        "PctRow3" : 0,
        "PctRow2" : 0,
        "FooterHeight" : 0,
        "PctRow1" : 100,
        "PctRow8" : 0,
        "PctRow7" : 0,
        "PctRow6" : 0,
        "PctRow5" : 0,
        "LeftSidebar" : false,
        "RightSidebar" : false,
        "PctColumn5" : 1,
        "Visible" : true,
        "DisplayName" : "layout-1",
        "PctColumn6" : 1,
        "PctColumn3" : 1,
        "PrintWidth" : 650,
        "PctColumn4" : 1,
        "PctColumn1" : 50,
        "PctColumn2" : 50,
        "PrintMarginTopBottom" : 0.5,
        "Rows" : 1,
        "RightSidebarWidth" : 0,
        "PrintMarginLeftRight" : 0.5,
        "PctColumn7" : 1,
        "PctColumn8" : 1,
        "ResponsiveLayout" : true,
        "Columns" : 0,
        "Z-index" : 10,
        "Spacing" : 2,
        "Orientation" : "vertical",
        "__TypeDisplayName" : "Layout",
        "Area" : "UI",
        "Type" : "layout",
        "LeftSidebarWidth" : 0,
        "Header" : true,
        "Top" : 160,
        "IsPrintLayout" : false,
        "Footer" : false,
        "Id" : "layout-1"
      }
    } ],
    "Properties" : {
      "MinHeight" : 0,
      "Left" : 0,
      "BGImageRepeat" : "no-repeat",
      "ShowDataLoading" : true,
      "AddToDashboardButtonStyle" : "DefaultAddToDashboardButtonStyle",
      "id_index" : 10,
      "supportsAutoResize" : true,
      "Visible" : true,
      "DisplayName" : "Mashup",
      "Style" : "DefaultMashupStyle",
      "BGImageSize" : "auto",
      "Height" : 618,
      "Width" : 1024,
      "TitleBar" : false,
      "Rows" : 0,
      "ConfigureGadgetButtonStyle" : "DefaultConfigureGadgetButtonStyle",
      "TitleBarStyle" : "DefaultTitleBarStyle",
      "ResponsiveLayout" : true,
      "Title" : "",
      "Columns" : 0,
      "Z-index" : 10,
      "TitleBarText" : "Gadget Title Here",
      "MinWidth" : 0,
      "__TypeDisplayName" : "Mashup",
      "EnableParameterEditing" : false,
      "Area" : "Mashup",
      "Type" : "mashup",
      "Top" : 0,
      "IsPrintLayout" : false,
      "MashupToEditGadget" : "DefaultMashupToEditGadget",
      "Id" : "mashup-root",
      "IgnoreWarningsInViewMashup" : false
    }
  },
  "Events" : [ {
    "EventTriggerArea" : "UI",
    "EventHandlerService" : "Refresh",
    "EventTriggerSection" : "",
    "EventHandlerId" : "mashupcontainer-6",
    "EventTriggerEvent" : "Changed",
    "Id" : "940a0aa6-39f8-410c-84a5-6340d29cc881",
    "EventTriggerId" : "textbox-8",
    "EventHandlerArea" : "UI"
  }, {
    "EventTriggerArea" : "UI",
    "EventHandlerService" : "Refresh",
    "EventTriggerSection" : "",
    "EventHandlerId" : "mashupcontainer-6",
    "EventTriggerEvent" : "Changed",
    "Id" : "4f3aac48-fbb7-4d2a-b2a7-f48d90a6bcfe",
    "EventTriggerId" : "textbox-9",
    "EventHandlerArea" : "UI"
  }, {
    "EventTriggerArea" : "UI",
    "EventHandlerService" : "Refresh",
    "EventTriggerSection" : "",
    "EventHandlerId" : "mashupcontainer-6",
    "EventTriggerEvent" : "Refresh",
    "Id" : "973c84a6-1b84-4556-83bb-86c8188bfaa4",
    "EventTriggerId" : "autorefresh-10",
    "EventHandlerArea" : "UI"
  } ],
  "mashupType" : "mashup",
  "DataBindings" : [ {
    "SourceArea" : "UI",
    "TargetArea" : "UI",
    "TargetSection" : "",
    "SourceId" : "textbox-8",
    "Id" : "936b2cc4-df9f-4030-b0cd-c9268bbce712",
    "SourceSection" : "",
    "PropertyMaps" : [ {
      "SourcePropertyType" : "Property",
      "TargetProperty" : "MachineThingName",
      "TargetPropertyType" : "property",
      "SourcePropertyBaseType" : "STRING",
      "TargetPropertyBaseType" : "STRING",
      "SourceProperty" : "Text"
    } ],
    "TargetId" : "mashupcontainer-6"
  }, {
    "SourceArea" : "UI",
    "TargetArea" : "UI",
    "TargetSection" : "",
    "SourceId" : "textbox-9",
    "Id" : "ed0330eb-3fcc-44b1-a174-9c745fcecc73",
    "SourceSection" : "",
    "PropertyMaps" : [ {
      "SourcePropertyType" : "Property",
      "TargetProperty" : "Name",
      "TargetPropertyType" : "property",
      "SourcePropertyBaseType" : "STRING",
      "TargetPropertyBaseType" : "MASHUPNAME",
      "SourceProperty" : "Text"
    } ],
    "TargetId" : "mashupcontainer-6"
  } ],
  "Data" : {
    "UserExtensions" : {
      "EntityType" : "UserExtensions",
      "Services" : [ {
        "Target" : "GetCurrentUserExtensionProperties",
        "Parameters" : { },
        "APIMethod" : "post",
        "Characteristic" : "Services",
        "RefreshInterval" : 0,
        "Id" : "UserExtensionInterface",
        "Name" : "GetCurrentUserExtensionProperties"
      } ],
      "EntityName" : "",
      "Id" : "UserExtensions",
      "DataName" : "UserExtensions"
    },
    "Session" : {
      "EntityType" : "Session",
      "Services" : [ {
        "Target" : "GetGlobalSessionValues",
        "Parameters" : { },
        "APIMethod" : "post",
        "Characteristic" : "Services",
        "RefreshInterval" : 0,
        "Id" : "SessionInterface",
        "Name" : "GetGlobalSessionValues"
      } ],
      "EntityName" : "",
      "Id" : "session",
      "DataName" : "Session"
    }
  },
  "DesignTimePermissions" : { }
}]]></mashupContent>
			<ConfigurationChanges>
				<ConfigurationChange changeAction="CREATE"
					changeReason="header : name : updated, projectName : updated, tags : updated&#10;documentation : updated&#10;visibility permissions : updated&#10;run time permissions : updated&#10;"
					timestamp="2018-03-01T12:50:22.587+01:00" user="adm-flassakm" />
				<ConfigurationChange changeAction="MODIFY"
					changeReason="" timestamp="2018-03-01T13:04:28.712+01:00"
					user="adm-flassakm" />
				<ConfigurationChange changeAction="MODIFY"
					changeReason="" timestamp="2018-03-01T13:05:26.117+01:00"
					user="adm-flassakm" />
				<ConfigurationChange changeAction="MODIFY"
					changeReason="" timestamp="2018-03-01T13:05:31.572+01:00"
					user="adm-flassakm" />
			</ConfigurationChanges>
		</Mashup>
	</Mashups>
</Entities>