<?xml version="1.0" encoding="UTF-8" standalone="no"?>
<Entities build="b167" majorVersion="8" minorVersion="2"
	modelPersistenceProviderPackage="MssqlPersistenceProviderPackage"
	revision="2" schemaVersion="1020" universal="">
	<StateDefinitions>
		<StateDefinition description=""
			documentationContent="" homeMashup=""
			lastModifiedDate="2019-01-28T15:25:03.694+01:00"
			name="KBGlobalSmartKPIRailOEEState" projectName="" tags="">
			<Owner name="adm-flassakm" type="User" />
			<avatar />
			<DesignTimePermissions>
				<Create />
				<Read />
				<Update />
				<Delete />
				<Metadata />
			</DesignTimePermissions>
			<RunTimePermissions />
			<VisibilityPermissions>
				<Visibility />
			</VisibilityPermissions>
			<ConfigurationTables />
			<content><![CDATA[{
  "stateDefinitions" : [ {
    "defaultStyleDefinition" : "DefaultChartStyle2",
    "defaultValue" : "Productive Time",
    "description" : "",
    "displayString" : "",
    "name" : ""
  }, {
    "defaultStyleDefinition" : "DefaultChartStyle6",
    "defaultValue" : "Planning Loss",
    "description" : "",
    "displayString" : "",
    "name" : ""
  }, {
    "defaultStyleDefinition" : "DefaultChartStyle4",
    "defaultValue" : "Downtime",
    "description" : "",
    "displayString" : "",
    "name" : ""
  }, {
    "defaultStyleDefinition" : "DefaultChartStyle15",
    "defaultValue" : "Speed Loss",
    "description" : "",
    "displayString" : "",
    "name" : ""
  }, {
    "defaultStyleDefinition" : "DefaultChartStyle22",
    "defaultValue" : "Quality Loss",
    "description" : "",
    "displayString" : "",
    "name" : ""
  }, {
    "defaultStyleDefinition" : "",
    "description" : "",
    "displayString" : "",
    "name" : ""
  } ],
  "stateType" : "string"
}]]></content>
			<ConfigurationChanges>
				<ConfigurationChange changeAction="CREATE"
					changeReason="header : name : updated&#10;"
					timestamp="2019-01-28T15:19:37.943+01:00" user="adm-flassakm" />
				<ConfigurationChange changeAction="MODIFY"
					changeReason="" timestamp="2019-01-28T15:25:03.694+01:00"
					user="adm-flassakm" />
			</ConfigurationChanges>
		</StateDefinition>
	</StateDefinitions>
</Entities>