<?xml version="1.0" encoding="UTF-8"?>
<Entities
 build="b97"
 majorVersion="8"
 minorVersion="4"
 modelPersistenceProviderPackage="MssqlPersistenceProviderPackage"
 revision="11"
 schemaVersion="1044"
 universal="password">
    <StateDefinitions>
        <StateDefinition
         description=""
         documentationContent=""
         homeMashup=""
         lastModifiedDate="2021-07-23T09:58:06.482+02:00"
         name="KBCVSVisualizationDeviationstateDefinition"
         projectName=""
         tags="">
            <avatar></avatar>
            <DesignTimePermissions>
                <Create></Create>
                <Read></Read>
                <Update></Update>
                <Delete></Delete>
                <Metadata></Metadata>
            </DesignTimePermissions>
            <RunTimePermissions>
                <Permissions
                 resourceName="*">
                    <PropertyRead>
                        <Principal
                         isPermitted="true"
                         name="KBUserGroup"
                         type="Group"></Principal>
                    </PropertyRead>
                    <PropertyWrite>
                        <Principal
                         isPermitted="true"
                         name="KBUserGroup"
                         type="Group"></Principal>
                    </PropertyWrite>
                    <ServiceInvoke>
                        <Principal
                         isPermitted="true"
                         name="KBUserGroup"
                         type="Group"></Principal>
                    </ServiceInvoke>
                    <EventInvoke></EventInvoke>
                    <EventSubscribe></EventSubscribe>
                </Permissions>
            </RunTimePermissions>
            <VisibilityPermissions>
                <Visibility>
                    <Principal
                     isPermitted="true"
                     name="KBOrganization"
                     type="Organization"></Principal>
                </Visibility>
            </VisibilityPermissions>
            <ConfigurationTableDefinitions></ConfigurationTableDefinitions>
            <ConfigurationTables></ConfigurationTables>
            <content>
            <![CDATA[
            {
              "stateDefinitions" : [ {
                "comparator" : "<=",
                "defaultStyleDefinition" : {
                  "backgroundColor" : "rgba(102,204,51,1)",
                  "displayString" : "",
                  "fontEmphasisBold" : false,
                  "fontEmphasisItalic" : false,
                  "fontEmphasisUnderline" : false,
                  "foregroundColor" : "",
                  "image" : "",
                  "lineColor" : "",
                  "lineStyle" : "solid",
                  "lineThickness" : 1,
                  "secondaryBackgroundColor" : "",
                  "textSize" : "normal"
                },
                "defaultValue" : "10",
                "description" : "",
                "displayString" : "Green",
                "name" : ""
              }, {
                "comparator" : "<=",
                "defaultStyleDefinition" : {
                  "backgroundColor" : "rgba(251,251,45,1)",
                  "displayString" : "",
                  "fontEmphasisBold" : false,
                  "fontEmphasisItalic" : false,
                  "fontEmphasisUnderline" : false,
                  "foregroundColor" : "",
                  "image" : "",
                  "lineColor" : "",
                  "lineStyle" : "solid",
                  "lineThickness" : 1,
                  "secondaryBackgroundColor" : "",
                  "textSize" : "normal"
                },
                "defaultValue" : "20",
                "description" : "",
                "displayString" : "Yellow",
                "name" : ""
              }, {
                "comparator" : "<=",
                "defaultStyleDefinition" : {
                  "backgroundColor" : "rgba(234,48,42,1)",
                  "displayString" : "",
                  "fontEmphasisBold" : false,
                  "fontEmphasisItalic" : false,
                  "fontEmphasisUnderline" : false,
                  "foregroundColor" : "",
                  "image" : "",
                  "lineColor" : "",
                  "lineStyle" : "solid",
                  "lineThickness" : 1,
                  "secondaryBackgroundColor" : "",
                  "textSize" : "normal"
                },
                "defaultValue" : "10000000",
                "description" : "",
                "displayString" : "Red",
                "name" : ""
              }, {
                "defaultStyleDefinition" : {
                  "backgroundColor" : "",
                  "displayString" : "",
                  "fontEmphasisBold" : false,
                  "fontEmphasisItalic" : false,
                  "fontEmphasisUnderline" : false,
                  "foregroundColor" : "",
                  "image" : "",
                  "lineColor" : "",
                  "lineStyle" : "solid",
                  "lineThickness" : 1,
                  "secondaryBackgroundColor" : "",
                  "textSize" : "normal"
                },
                "defaultValue" : "",
                "description" : "",
                "displayString" : "",
                "name" : ""
              } ],
              "stateType" : "numeric"
            }
            ]]>
            </content>
        </StateDefinition>
    </StateDefinitions>
</Entities>
