<?xml version="1.0" encoding="UTF-8"?>
<Entities
 build="b97"
 majorVersion="8"
 minorVersion="4"
 modelPersistenceProviderPackage="MssqlPersistenceProviderPackage"
 revision="11"
 schemaVersion="1044"
 universal="password">
    <StateDefinitions>
        <StateDefinition
         aspect.isExtension="true"
         description=""
         documentationContent=""
         homeMashup=""
         lastModifiedDate="2021-02-26T14:06:38.553+01:00"
         name="KBLocalStatusL1TypeState"
         projectName="KBLocalShiftInfo"
         tags="">
            <avatar></avatar>
            <DesignTimePermissions>
                <Create></Create>
                <Read></Read>
                <Update></Update>
                <Delete></Delete>
                <Metadata></Metadata>
            </DesignTimePermissions>
            <RunTimePermissions>
                <Permissions
                 resourceName="*">
                    <PropertyRead>
                        <Principal
                         isPermitted="true"
                         name="KBUserGroup"
                         type="Group"></Principal>
                    </PropertyRead>
                    <PropertyWrite>
                        <Principal
                         isPermitted="true"
                         name="KBUserGroup"
                         type="Group"></Principal>
                    </PropertyWrite>
                    <ServiceInvoke>
                        <Principal
                         isPermitted="true"
                         name="KBUserGroup"
                         type="Group"></Principal>
                    </ServiceInvoke>
                    <EventInvoke>
                        <Principal
                         isPermitted="true"
                         name="KBUserGroup"
                         type="Group"></Principal>
                    </EventInvoke>
                    <EventSubscribe>
                        <Principal
                         isPermitted="true"
                         name="KBUserGroup"
                         type="Group"></Principal>
                    </EventSubscribe>
                </Permissions>
            </RunTimePermissions>
            <VisibilityPermissions>
                <Visibility></Visibility>
            </VisibilityPermissions>
            <ConfigurationTableDefinitions></ConfigurationTableDefinitions>
            <ConfigurationTables></ConfigurationTables>
            <content>
            <![CDATA[
            {
              "stateDefinitions" : [ {
                "defaultStyleDefinition" : "DefaultChartStyle8",
                "defaultValue" : "NA",
                "description" : "",
                "displayString" : "",
                "name" : ""
              }, {
                "defaultStyleDefinition" : "DefaultChartStyle15",
                "defaultValue" : "OI",
                "description" : "",
                "displayString" : "Process Efficiency",
                "name" : ""
              }, {
                "defaultStyleDefinition" : "DefaultChartStyle21",
                "defaultValue" : "PI",
                "description" : "",
                "displayString" : "Planned Downtime",
                "name" : ""
              }, {
                "defaultStyleDefinition" : "DefaultChartStyle3",
                "defaultValue" : "TI",
                "description" : "",
                "displayString" : "Equipment Availabilty",
                "name" : ""
              }, {
                "defaultStyleDefinition" : "DefaultChartStyle2",
                "defaultValue" : "Pr",
                "description" : "",
                "displayString" : "Production",
                "name" : ""
              }, {
                "defaultStyleDefinition" : "DefaultChartStyle9",
                "defaultValue" : "RQ",
                "description" : "",
                "displayString" : "Rate of Quality",
                "name" : ""
              }, {
                "defaultStyleDefinition" : "DefaultChartStyle4",
                "defaultValue" : "ND",
                "description" : "",
                "displayString" : "Not Defined",
                "name" : ""
              }, {
                "defaultStyleDefinition" : "DefaultChartStyle8",
                "description" : "",
                "displayString" : "",
                "name" : ""
              } ],
              "stateType" : "string"
            }
            ]]>
            </content>
        </StateDefinition>
    </StateDefinitions>
</Entities>
