<?xml version="1.0" encoding="UTF-8"?>
<Entities
 build="b706"
 majorVersion="9"
 minorVersion="0"
 modelPersistenceProviderPackage="MssqlPersistenceProviderPackage"
 revision="12"
 schemaVersion="1109"
 universal="password">
    <StyleDefinitions>
        <StyleDefinition
         description=""
         documentationContent=""
         homeMashup=""
         lastModifiedDate="2022-05-02T08:47:06.676Z"
         name="KBAssetAdvisorStationStyle"
         projectName="KBAssetAdvisor"
         tags="">
            <avatar></avatar>
            <DesignTimePermissions>
                <Create></Create>
                <Read></Read>
                <Update></Update>
                <Delete></Delete>
                <Metadata></Metadata>
            </DesignTimePermissions>
            <RunTimePermissions>
                <Permissions
                 resourceName="*">
                    <PropertyRead>
                        <Principal
                         isPermitted="true"
                         name="KBMesKitHelperUser"
                         type="User"></Principal>
                        <Principal
                         isPermitted="true"
                         name="KBOGSHelperUser"
                         type="User"></Principal>
                        <Principal
                         isPermitted="true"
                         name="KBUserGroup"
                         type="Group"></Principal>
                    </PropertyRead>
                    <PropertyWrite></PropertyWrite>
                    <ServiceInvoke>
                        <Principal
                         isPermitted="true"
                         name="KBMesKitHelperUser"
                         type="User"></Principal>
                        <Principal
                         isPermitted="true"
                         name="KBOGSHelperUser"
                         type="User"></Principal>
                        <Principal
                         isPermitted="true"
                         name="KBUserGroup"
                         type="Group"></Principal>
                    </ServiceInvoke>
                    <EventInvoke></EventInvoke>
                    <EventSubscribe></EventSubscribe>
                </Permissions>
            </RunTimePermissions>
            <VisibilityPermissions>
                <Visibility>
                    <Principal
                     isPermitted="true"
                     name="KBBackGroundWorker"
                     type="Organization"></Principal>
                    <Principal
                     isPermitted="true"
                     name="KBOrganization"
                     type="Organization"></Principal>
                </Visibility>
            </VisibilityPermissions>
            <ConfigurationTableDefinitions></ConfigurationTableDefinitions>
            <ConfigurationTables></ConfigurationTables>
            <content>
            <![CDATA[
            {
              "backgroundColor" : "rgba(192,192,192,1)",
              "displayString" : "sample",
              "fontEmphasisBold" : true,
              "fontEmphasisItalic" : false,
              "fontEmphasisUnderline" : false,
              "foregroundColor" : "#ffffff",
              "image" : "",
              "lineColor" : "#66cc33",
              "lineStyle" : "solid",
              "lineThickness" : 15,
              "secondaryBackgroundColor" : "rgba(192,192,192,1)",
              "textSize" : "36px"
            }
            ]]>
            </content>
        </StyleDefinition>
    </StyleDefinitions>
</Entities>
