<?xml version="1.0" encoding="UTF-8" standalone="no"?>
<Entities build="b167" majorVersion="8" minorVersion="2"
	modelPersistenceProviderPackage="MssqlPersistenceProviderPackage"
	revision="2" schemaVersion="1020" universal="">
	<StyleDefinitions>
		<StyleDefinition description=""
			documentationContent="" homeMashup=""
			lastModifiedDate="2019-07-04T11:24:44.086+02:00"
			name="KBSmallBlackValueDisplayStyle" projectName="" tags="">
			<Owner name="adm-flassakm" type="User" />
			<avatar />
			<DesignTimePermissions>
				<Create />
				<Read />
				<Update />
				<Delete />
				<Metadata />
			</DesignTimePermissions>
			<RunTimePermissions />
			<VisibilityPermissions>
				<Visibility />
			</VisibilityPermissions>
			<ConfigurationTables />
			<content><![CDATA[{
  "backgroundColor" : "",
  "displayString" : "",
  "fontEmphasisBold" : false,
  "fontEmphasisItalic" : false,
  "fontEmphasisUnderline" : false,
  "foregroundColor" : "#333333",
  "image" : "",
  "lineColor" : "",
  "lineStyle" : "solid",
  "lineThickness" : 0,
  "secondaryBackgroundColor" : "",
  "textSize" : "xsmall"
}]]></content>
			<ConfigurationChanges>
				<ConfigurationChange changeAction="CREATE"
					changeReason="header : name : updated&#10;"
					timestamp="2019-07-04T11:24:31.695+02:00" user="adm-flassakm" />
				<ConfigurationChange changeAction="MODIFY"
					changeReason="header : textSize : updated&#10;"
					timestamp="2019-07-04T11:24:44.086+02:00" user="adm-flassakm" />
			</ConfigurationChanges>
		</StyleDefinition>
	</StyleDefinitions>
</Entities>