<?xml version="1.0" encoding="UTF-8" standalone="no"?>
<Entities build="b46" majorVersion="7" minorVersion="2"
	modelPersistenceProviderPackage="MssqlPersistenceProviderPackage"
	revision="4" schemaVersion="920">
	<ThingTemplates>
		<ThingTemplate
			baseThingTemplate="KBGenericThingTemplate" description=""
			documentationContent="&lt;p&gt;&amp;nbsp;&lt;/p&gt;"
			effectiveThingPackage="ConfiguredThing" homeMashup=""
			lastModifiedDate="2017-08-01T12:38:21.133+02:00"
			name="KBGlobalMachineThingTemplate" projectName="KBsmartKPI"
			tags="KBThingWorxInstallationVocabulary:ExtensionSmartKPI"
			thingPackage="" valueStream="">
			<Owner name="flassakm" type="User" />
			<avatar />
			<DesignTimePermissions>
				<Create />
				<Read />
				<Update />
				<Delete />
				<Metadata />
			</DesignTimePermissions>
			<RunTimePermissions>
				<Permissions resourceName="*">
					<PropertyRead>
						<Principal isPermitted="true" name="KBUserGroup"
							type="Group" />
					</PropertyRead>
					<PropertyWrite />
					<ServiceInvoke>
						<Principal isPermitted="true" name="KBUserGroup"
							type="Group" />
					</ServiceInvoke>
					<EventInvoke />
					<EventSubscribe />
				</Permissions>
			</RunTimePermissions>
			<VisibilityPermissions>
				<Visibility>
					<Principal isPermitted="true" name="KBOrganization"
						type="Organization" />
				</Visibility>
			</VisibilityPermissions>
			<ConfigurationTables />
			<PropertyBindings />
			<RemotePropertyBindings />
			<RemoteServiceBindings />
			<RemoteEventBindings />
			<AlertConfigurations>
				<AlertDefinitions name="KBPlantThing" />
				<AlertDefinitions name="SAPWorkcenterNumber" />
			</AlertConfigurations>
			<ThingShape>
				<PropertyDefinitions>
					<PropertyDefinition aspect.cacheTime="0.0"
						aspect.dataChangeType="VALUE" aspect.isLogged="false"
						aspect.isPersistent="true" aspect.isReadOnly="false"
						baseType="STRING" category="" description="" isLocalOnly="false"
						name="SAPWorkcenterNumber" ordinal="1" />
					<PropertyDefinition aspect.cacheTime="0.0"
						aspect.dataChangeType="VALUE" aspect.isLogged="false"
						aspect.isPersistent="true" aspect.isReadOnly="false"
						aspect.thingTemplate="KBGlobalPlantThingTemplate"
						baseType="THINGNAME" category="" description=""
						isLocalOnly="false" name="KBPlantThing" ordinal="2" />
					<PropertyDefinition aspect.cacheTime="0.0"
						aspect.dataChangeType="VALUE" aspect.defaultValue="false"
						aspect.isLogged="false" aspect.isPersistent="false"
						aspect.isReadOnly="false" baseType="BOOLEAN" category=""
						description="" isLocalOnly="false" name="isApoWorkingTime"
						ordinal="3" />
				</PropertyDefinitions>
				<ServiceDefinitions />
				<EventDefinitions />
				<ServiceMappings />
				<ServiceImplementations />
				<Subscriptions />
			</ThingShape>
			<ImplementedShapes>
				<ImplementedShape
					name="KBSmartKPIGenericThingShape" type="ThingShape" />
				<ImplementedShape name="KBRateOfQualityShape"
					type="ThingShape" />
				<ImplementedShape name="KBOEE2Shape"
					type="ThingShape" />
				<ImplementedShape name="KBUtilizationShape"
					type="ThingShape" />
			</ImplementedShapes>
			<SharedConfigurationTables />
			<InstanceDesignTimePermissions>
				<Create />
				<Read />
				<Update />
				<Delete />
				<Metadata />
			</InstanceDesignTimePermissions>
			<InstanceRunTimePermissions />
			<InstanceVisibilityPermissions>
				<Visibility />
			</InstanceVisibilityPermissions>
			<ConfigurationChanges>
				<ConfigurationChange changeAction="CREATE"
					changeReason="header : name : updated, baseThingTemplate : updated&#10;documentation : updated&#10;properties : DisplayName : Added, FullName : Added, KBAreaThing : Added, SAPWorkcenterNumber : Added&#10;"
					timestamp="2017-08-01T12:38:21.133+02:00" user="flassakm" />
			</ConfigurationChanges>
		</ThingTemplate>
	</ThingTemplates>
</Entities>