<?xml version="1.0" encoding="UTF-8" standalone="no"?>
<Entities build="b52" majorVersion="8" minorVersion="0"
	modelPersistenceProviderPackage="MssqlPersistenceProviderPackage"
	revision="3" schemaVersion="1000">
	<ThingShapes>
		<ThingShape className="" description=""
			documentationContent="" homeMashup=""
			lastModifiedDate="2017-12-01T09:48:15.480+01:00"
			name="KBLocalAreaSmartKPIShape" projectName="KBsmartKPI"
			tags="KBThingWorxInstallationVocabulary:ExtensionSmartKPI">
			<PropertyDefinitions>
				<PropertyDefinition aspect.cacheTime="0.0"
					aspect.dataChangeType="VALUE" aspect.isLogged="false"
					aspect.isPersistent="true" aspect.isReadOnly="false"
					baseType="STRING" category="" description="Name for Visualizations"
					isLocalOnly="false" name="DisplayName" ordinal="79" />
				<PropertyDefinition aspect.cacheTime="0.0"
					aspect.dataChangeType="VALUE" aspect.isLogged="false"
					aspect.isPersistent="true" aspect.isReadOnly="false"
					baseType="STRING" category="" description="Full Division Name"
					isLocalOnly="false" name="FullName" ordinal="78" />
				<PropertyDefinition aspect.cacheTime="0.0"
					aspect.dataChangeType="VALUE" aspect.defaultValue="true"
					aspect.isLogged="false" aspect.isPersistent="true"
					aspect.isReadOnly="false" baseType="BOOLEAN" category=""
					description="" isLocalOnly="false" name="isActive" ordinal="77" />
				<PropertyDefinition aspect.cacheTime="0.0"
					aspect.dataChangeType="VALUE"
					aspect.dataShape="KBAreaMachineDataShape" aspect.isLogged="false"
					aspect.isPersistent="true" aspect.isReadOnly="false"
					baseType="INFOTABLE" category="" description="" isLocalOnly="false"
					name="KBMachineThings" ordinal="75" />
				<PropertyDefinition aspect.cacheTime="0.0"
					aspect.dataChangeType="VALUE" aspect.isLogged="false"
					aspect.isPersistent="true" aspect.isReadOnly="false"
					aspect.thingTemplate="KBLocalPlantThingTemplate"
					baseType="THINGNAME" category="" description="" isLocalOnly="false"
					name="KBPlantThing" ordinal="74" />
			</PropertyDefinitions>
			<ServiceDefinitions>
			</ServiceDefinitions>
			<EventDefinitions />
			<ServiceMappings />
			<ServiceImplementations>
			</ServiceImplementations>
			<Subscriptions />
			<Owner name="adm-flassakm" type="User" />
			<avatar />
			<DesignTimePermissions>
				<Create />
				<Read />
				<Update />
				<Delete />
				<Metadata />
			</DesignTimePermissions>
			<RunTimePermissions>
				<Permissions resourceName="*">
					<PropertyRead>
						<Principal isPermitted="true" name="KBUserGroup"
							type="Group" />
					</PropertyRead>
					<PropertyWrite />
					<ServiceInvoke>
						<Principal isPermitted="true" name="KBUserGroup"
							type="Group" />
					</ServiceInvoke>
					<EventInvoke />
					<EventSubscribe />
				</Permissions>
			</RunTimePermissions>
			<VisibilityPermissions>
				<Visibility>
					<Principal isPermitted="true" name="KBOrganization"
						type="Organization" />
				</Visibility>
			</VisibilityPermissions>
			<ConfigurationTables />
			<ConfigurationChanges>
				<ConfigurationChange changeAction="CREATE"
					changeReason="header : name : updated&#10;"
					timestamp="2017-12-01T09:45:50.979+01:00" user="adm-flassakm" />
			</ConfigurationChanges>
			<PropertyBindings />
			<RemotePropertyBindings />
			<RemoteServiceBindings />
			<RemoteEventBindings />
			<AlertConfigurations>
			</AlertConfigurations>
			<InstanceRunTimePermissions />
		</ThingShape>
	</ThingShapes>
</Entities>