<?xml version="1.0" encoding="UTF-8" standalone="no"?>
<Entities build="b167" majorVersion="8" minorVersion="2"
	modelPersistenceProviderPackage="MssqlPersistenceProviderPackage"
	revision="2" schemaVersion="1020" universal="">
	<Things>
		<Thing description="***DEPRECATED***" documentationContent=""
			effectiveThingPackage="SchedulerThing" enabled="true" homeMashup=""
			identifier="" lastModifiedDate="2018-12-10T10:50:47.964+01:00"
			name="DEPRECATED-KBKpiDeviceUpdateScheduler" projectName="KBsmartKPI"
			published="false" tags="" thingTemplate="Scheduler" valueStream="">
			<Owner name="adm-flassakm" type="User" />
			<avatar />
			<DesignTimePermissions>
				<Create />
				<Read />
				<Update />
				<Delete />
				<Metadata />
			</DesignTimePermissions>
			<RunTimePermissions />
			<VisibilityPermissions>
				<Visibility />
			</VisibilityPermissions>
			<ConfigurationTables>
				<ConfigurationTable
					description="General Settings" isMultiRow="false" name="Settings"
					ordinal="0">
					<DataShape>
						<FieldDefinitions>
							<FieldDefinition aspect.defaultValue="true"
								baseType="BOOLEAN"
								description="Automatically enable scheduler on startup"
								name="enabled" ordinal="0" />
							<FieldDefinition baseType="USERNAME"
								description="User context in which to run event handlers"
								name="runAsUser" ordinal="0" />
							<FieldDefinition
								aspect.defaultValue="0 0/1 * * * ?" baseType="SCHEDULE"
								description="Execution Schedule (Cron String)" name="schedule"
								ordinal="0" />
						</FieldDefinitions>
					</DataShape>
					<Rows>
						<Row>
							<enabled>false</enabled>
							<runAsUser>
								<![CDATA[Administrator]]>
							</runAsUser>
							<schedule><![CDATA[0 0 1/12 * * ? *]]></schedule>
						</Row>
					</Rows>
				</ConfigurationTable>
			</ConfigurationTables>
			<ThingShape>
				<PropertyDefinitions />
				<ServiceDefinitions>
				</ServiceDefinitions>
				<EventDefinitions />
				<ServiceMappings />
				<ServiceImplementations>
				</ServiceImplementations>
				<Subscriptions>
				</Subscriptions>
			</ThingShape>
			<PropertyBindings />
			<RemotePropertyBindings />
			<RemoteServiceBindings />
			<RemoteEventBindings />
			<AlertConfigurations />
			<ImplementedShapes />
			<ThingProperties />
			<ConfigurationChanges>
			</ConfigurationChanges>
		</Thing>
	</Things>
</Entities>