<?xml version="1.0" encoding="UTF-8" standalone="no"?>
<Entities build="b2319" majorVersion="8" minorVersion="4"
	modelPersistenceProviderPackage="MssqlPersistenceProviderPackage"
	revision="4" schemaVersion="1041" universal="">
	<Things>
		<Thing description="TEMPORARY Excel export  REPOSITORY"
			documentationContent="" effectiveThingPackage="FileRepositoryThing"
			enabled="true" homeMashup="" identifier=""
			lastModifiedDate="2020-07-30T11:11:44.569+02:00"
			name="ReportRepository" projectName="" published="false" tags=""
			thingTemplate="FileRepository" valueStream="">
			<Owner name="adm-konasm" type="User" />
			<avatar />
			<DesignTimePermissions>
				<Create />
				<Read />
				<Update />
				<Delete />
				<Metadata />
			</DesignTimePermissions>
			<RunTimePermissions />
			<VisibilityPermissions>
				<Visibility />
			</VisibilityPermissions>
			<ConfigurationTableDefinitions />
			<ConfigurationTables />
			<ThingShape>
				<PropertyDefinitions />
				<ServiceDefinitions />
				<EventDefinitions />
				<ServiceMappings />
				<ServiceImplementations />
				<Subscriptions />
			</ThingShape>
			<PropertyBindings />
			<RemotePropertyBindings />
			<RemoteServiceBindings />
			<RemoteEventBindings />
			<AlertConfigurations />
			<ImplementedShapes />
			<ThingProperties />
			<ConfigurationChanges>
				<ConfigurationChange changeAction="CREATE"
					changeReason="header : name : updated&#10;"
					timestamp="2020-07-30T11:10:31.382+02:00" user="adm-konasm" />
				<ConfigurationChange changeAction="MODIFY"
					changeReason="header : description : updated&#10;"
					timestamp="2020-07-30T11:11:44.569+02:00" user="adm-konasm" />
			</ConfigurationChanges>
		</Thing>
	</Things>
</Entities>