<?xml version="1.0" encoding="UTF-8" standalone="no"?>
<Entities build="b46" majorVersion="7" minorVersion="2"
	modelPersistenceProviderPackage="MssqlPersistenceProviderPackage"
	revision="4" schemaVersion="920">
	<ThingTemplates>
		<ThingTemplate
			baseThingTemplate="KBGenericThingTemplate" description=""
			documentationContent="&lt;p&gt;&amp;nbsp;&lt;/p&gt;"
			effectiveThingPackage="ConfiguredThing" homeMashup=""
			lastModifiedDate="2017-07-31T17:03:16.756+02:00"
			name="KBGlobalCompanyThingTemplate" projectName="KBsmartKPI"
			tags="KBThingWorxInstallationVocabulary:ExtensionSmartKPI"
			thingPackage="" valueStream="">
			<Owner name="flassakm" type="User" />
			<avatar />
			<DesignTimePermissions>
				<Create />
				<Read />
				<Update />
				<Delete />
				<Metadata />
			</DesignTimePermissions>
			<RunTimePermissions>
				<Permissions resourceName="*">
					<PropertyRead>
						<Principal isPermitted="true" name="KBUserGroup"
							type="Group" />
					</PropertyRead>
					<PropertyWrite />
					<ServiceInvoke>
						<Principal isPermitted="true" name="KBUserGroup"
							type="Group" />
					</ServiceInvoke>
					<EventInvoke />
					<EventSubscribe />
				</Permissions>
			</RunTimePermissions>
			<VisibilityPermissions>
				<Visibility>
					<Principal isPermitted="true" name="KBOrganization"
						type="Organization" />
				</Visibility>
			</VisibilityPermissions>
			<ConfigurationTables />
			<PropertyBindings />
			<RemotePropertyBindings />
			<RemoteServiceBindings />
			<RemoteEventBindings />
			<AlertConfigurations>
			</AlertConfigurations>
			<ThingShape>
				<PropertyDefinitions>
				</PropertyDefinitions>
				<ServiceDefinitions />
				<EventDefinitions />
				<ServiceMappings />
				<ServiceImplementations />
				<Subscriptions />
			</ThingShape>
			<ImplementedShapes>
				<ImplementedShape
					name="KBSmartKPIGenericThingShape" type="ThingShape" />
			</ImplementedShapes>
			<SharedConfigurationTables />
			<InstanceDesignTimePermissions>
				<Create />
				<Read />
				<Update />
				<Delete />
				<Metadata />
			</InstanceDesignTimePermissions>
			<InstanceRunTimePermissions />
			<InstanceVisibilityPermissions>
				<Visibility />
			</InstanceVisibilityPermissions>
			<ConfigurationChanges>
				<ConfigurationChange changeAction="CREATE"
					changeReason="header : name : updated, baseThingTemplate : updated&#10;documentation : updated&#10;"
					timestamp="2017-07-31T16:49:21.357+02:00" user="flassakm" />
				<ConfigurationChange changeAction="MODIFY"
					changeReason="properties : DisplayName : Added, FullName : Added&#10;"
					timestamp="2017-07-31T16:53:03.577+02:00" user="flassakm" />
				<ConfigurationChange changeAction="MODIFY"
					changeReason="properties : KBDivisionThing : Added&#10;"
					timestamp="2017-07-31T17:03:16.756+02:00" user="flassakm" />
			</ConfigurationChanges>
		</ThingTemplate>
	</ThingTemplates>
</Entities>