<?xml version="1.0" encoding="UTF-8" standalone="no"?>
<Entities build="b167" majorVersion="8" minorVersion="2"
	modelPersistenceProviderPackage="MssqlPersistenceProviderPackage"
	revision="2" schemaVersion="1020" universal="">
	<Things>
		<Thing description="***DEPRECATED***" documentationContent=""
			effectiveThingPackage="TimerThing" enabled="false" homeMashup=""
			identifier="" lastModifiedDate="2018-11-09T13:02:42.373+01:00"
			name="DEPRECATED-KBKpiPerformanceRailTimerThing" projectName="KBsmartKPI"
			published="false"
			tags="KBThingWorxInstallationVocabulary:ExtensionSmartKPI"
			thingTemplate="Timer" valueStream="">
			<Owner name="adm-flassakm" type="User" />
			<avatar />
			<DesignTimePermissions>
				<Create />
				<Read />
				<Update />
				<Delete />
				<Metadata />
			</DesignTimePermissions>
			<RunTimePermissions />
			<VisibilityPermissions>
				<Visibility />
			</VisibilityPermissions>
			<ConfigurationTables>
				<ConfigurationTable
					description="General Settings" isMultiRow="false" name="Settings"
					ordinal="0">
					<DataShape>
						<FieldDefinitions>
							<FieldDefinition aspect.defaultValue="true"
								baseType="BOOLEAN"
								description="Automatically enable timer on startup"
								name="enabled" ordinal="0" />
							<FieldDefinition baseType="USERNAME"
								description="User context in which to run event handlers"
								name="runAsUser" ordinal="0" />
							<FieldDefinition aspect.defaultValue="60000.0"
								baseType="NUMBER" description="Update rate" name="updateRate"
								ordinal="0" />
						</FieldDefinitions>
					</DataShape>
					<Rows>
						<Row>
							<enabled>false</enabled>
							<runAsUser>
								<![CDATA[Administrator]]>
							</runAsUser>
							<updateRate>300000.0</updateRate>
						</Row>
					</Rows>
				</ConfigurationTable>
			</ConfigurationTables>
			<ThingShape>
				<PropertyDefinitions />
				<ServiceDefinitions>
					<ServiceDefinition aspect.isAsync="false"
						category="" description="" isAllowOverride="false"
						isLocalOnly="false" isOpen="false" isPrivate="false"
						name="SetTimerUpdateRate">
						<ResultType baseType="NOTHING" description=""
							name="result" ordinal="0" />
						<ParameterDefinitions>
							<FieldDefinition aspect.isRequired="true"
								baseType="NUMBER" description="Time in MilliSeconds"
								name="UpdateRate" ordinal="1" />
						</ParameterDefinitions>
					</ServiceDefinition>
					<ServiceDefinition aspect.isAsync="false"
						category="" description="" isAllowOverride="false"
						isLocalOnly="false" isOpen="false" isPrivate="false"
						name="PerformanceRail">
						<ResultType baseType="NOTHING" description=""
							name="result" ordinal="0" />
						<ParameterDefinitions />
					</ServiceDefinition>
					<ServiceDefinition aspect.isAsync="false"
						category="" description="" isAllowOverride="false"
						isLocalOnly="false" isOpen="false" isPrivate="false"
						name="PerformanceRailPerDay">
						<ResultType baseType="NOTHING" description=""
							name="result" ordinal="0" />
						<ParameterDefinitions />
					</ServiceDefinition>
					<ServiceDefinition aspect.isAsync="false"
						category="" description="" isAllowOverride="false"
						isLocalOnly="false" isOpen="false" isPrivate="false"
						name="PerformanceRailPerDayWithNumerOfCycles">
						<ResultType baseType="NOTHING" description=""
							name="result" ordinal="0" />
						<ParameterDefinitions>
							<FieldDefinition aspect.defaultValue="1"
								aspect.isRequired="true" baseType="INTEGER" description=""
								name="NumerOfCycles" ordinal="1" />
						</ParameterDefinitions>
					</ServiceDefinition>
					<ServiceDefinition aspect.isAsync="false"
						category="" description="" isAllowOverride="false"
						isLocalOnly="false" isOpen="false" isPrivate="false"
						name="PerformanceRailPerHour">
						<ResultType baseType="NOTHING" description=""
							name="result" ordinal="0" />
						<ParameterDefinitions />
					</ServiceDefinition>
					<ServiceDefinition aspect.isAsync="false"
						category="" description="" isAllowOverride="false"
						isLocalOnly="false" isOpen="false" isPrivate="false"
						name="PerformanceRailPerHourWithNumerOfCycles">
						<ResultType baseType="NOTHING" description=""
							name="result" ordinal="0" />
						<ParameterDefinitions>
							<FieldDefinition aspect.defaultValue="1"
								aspect.isRequired="true" baseType="INTEGER" description=""
								name="NumerOfCycles" ordinal="1" />
						</ParameterDefinitions>
					</ServiceDefinition>
					<ServiceDefinition aspect.isAsync="false"
						category="" description="" isAllowOverride="false"
						isLocalOnly="false" isOpen="false" isPrivate="false"
						name="PerformanceRailPerMonth">
						<ResultType baseType="NOTHING" description=""
							name="result" ordinal="0" />
						<ParameterDefinitions />
					</ServiceDefinition>
					<ServiceDefinition aspect.isAsync="false"
						category="" description="" isAllowOverride="false"
						isLocalOnly="false" isOpen="false" isPrivate="false"
						name="PerformanceRailPerMonthWithNumerOfCycles">
						<ResultType baseType="NOTHING" description=""
							name="result" ordinal="0" />
						<ParameterDefinitions>
							<FieldDefinition aspect.defaultValue="1"
								aspect.isRequired="true" baseType="INTEGER" description=""
								name="NumerOfCycles" ordinal="1" />
						</ParameterDefinitions>
					</ServiceDefinition>
					<ServiceDefinition aspect.isAsync="false"
						category="" description="" isAllowOverride="false"
						isLocalOnly="false" isOpen="false" isPrivate="false"
						name="PerformanceRailPerQuarter">
						<ResultType baseType="NOTHING" description=""
							name="result" ordinal="0" />
						<ParameterDefinitions />
					</ServiceDefinition>
					<ServiceDefinition aspect.isAsync="false"
						category="" description="" isAllowOverride="false"
						isLocalOnly="false" isOpen="false" isPrivate="false"
						name="PerformanceRailPerQuarterWithNumerOfCycles">
						<ResultType baseType="NOTHING" description=""
							name="result" ordinal="0" />
						<ParameterDefinitions>
							<FieldDefinition aspect.defaultValue="1"
								aspect.isRequired="true" baseType="INTEGER" description=""
								name="NumerOfCycles" ordinal="1" />
						</ParameterDefinitions>
					</ServiceDefinition>
					<ServiceDefinition aspect.isAsync="false"
						category="" description="" isAllowOverride="false"
						isLocalOnly="false" isOpen="false" isPrivate="false"
						name="PerformanceRailPerWeek">
						<ResultType baseType="NOTHING" description=""
							name="result" ordinal="0" />
						<ParameterDefinitions />
					</ServiceDefinition>
					<ServiceDefinition aspect.isAsync="false"
						category="" description="" isAllowOverride="false"
						isLocalOnly="false" isOpen="false" isPrivate="false"
						name="PerformanceRailPerWeekWithNumerOfCycles">
						<ResultType baseType="NOTHING" description=""
							name="result" ordinal="0" />
						<ParameterDefinitions>
							<FieldDefinition aspect.defaultValue="1"
								aspect.isRequired="true" baseType="INTEGER" description=""
								name="NumerOfCycles" ordinal="1" />
						</ParameterDefinitions>
					</ServiceDefinition>
					<ServiceDefinition aspect.isAsync="false"
						category="" description="" isAllowOverride="false"
						isLocalOnly="false" isOpen="false" isPrivate="false"
						name="PerformanceRailPerYear">
						<ResultType baseType="NOTHING" description=""
							name="result" ordinal="0" />
						<ParameterDefinitions />
					</ServiceDefinition>
					<ServiceDefinition aspect.isAsync="false"
						category="" description="" isAllowOverride="false"
						isLocalOnly="false" isOpen="false" isPrivate="false"
						name="PerformanceRailPerYearWithNumerOfCycles">
						<ResultType baseType="NOTHING" description=""
							name="result" ordinal="0" />
						<ParameterDefinitions>
							<FieldDefinition aspect.defaultValue="1"
								aspect.isRequired="true" baseType="INTEGER" description=""
								name="NumerOfCycles" ordinal="1" />
						</ParameterDefinitions>
					</ServiceDefinition>
				</ServiceDefinitions>
				<EventDefinitions />
				<ServiceMappings />
				<ServiceImplementations>
					<ServiceImplementation description=""
						handlerName="Script" name="SetTimerUpdateRate">
						<ConfigurationTables>
							<ConfigurationTable description="Script"
								isMultiRow="false" name="Script" ordinal="0">
								<DataShape>
									<FieldDefinitions>
										<FieldDefinition baseType="STRING"
											description="code" name="code" ordinal="0" />
									</FieldDefinitions>
								</DataShape>
								<Rows>
									<Row>
										<code>
											<![CDATA[
var params = {
	tableName: "Settings" /* STRING */
};

// result: INFOTABLE
var table = me.GetConfigurationTable(params);

table[0].updateRate = UpdateRate;



var params = {
	configurationTable: table /* INFOTABLE */,
	persistent: true /* BOOLEAN */,
	tableName: "Settings" /* STRING */
};

// no return
me.SetConfigurationTable(params);


]]>
										</code>
									</Row>
								</Rows>
							</ConfigurationTable>
						</ConfigurationTables>
					</ServiceImplementation>
					<ServiceImplementation description=""
						handlerName="Script" name="PerformanceRail">
						<ConfigurationTables>
							<ConfigurationTable description="Script"
								isMultiRow="false" name="Script" ordinal="0">
								<DataShape>
									<FieldDefinitions>
										<FieldDefinition baseType="STRING"
											description="code" name="code" ordinal="0" />
									</FieldDefinitions>
								</DataShape>
								<Rows>
									<Row>
										<code><![CDATA[

var location = Resources["KBThingWorxServerSystem"].GetLocationIdentifier();

logger.debug("PerformanceRail, location = " + location);



if (location == "MUC") {
    // result: STRING
    var DB = Resources["KBThingWorxServerSystem"].GetKPIThingWorxDatabaseThing();

    
     // result: NUMBER
     var result = Things[DB].CalculateKpiPerformanceRail();
}


]]></code>
									</Row>
								</Rows>
							</ConfigurationTable>
						</ConfigurationTables>
					</ServiceImplementation>
					<ServiceImplementation description=""
						handlerName="Script" name="PerformanceRailPerDay">
						<ConfigurationTables>
							<ConfigurationTable description="Script"
								isMultiRow="false" name="Script" ordinal="0">
								<DataShape>
									<FieldDefinitions>
										<FieldDefinition baseType="STRING"
											description="code" name="code" ordinal="0" />
									</FieldDefinitions>
								</DataShape>
								<Rows>
									<Row>
										<code><![CDATA[var location = Resources["KBThingWorxServerSystem"].GetLocationIdentifier();

logger.debug("PerformanceRailPerDay, location = " + location);

if (location == "MUC") {

    var params = {
        NumerOfCycles: 3 /* INTEGER */
    };

    me.PerformanceRailPerDayWithNumerOfCycles(params);

}
]]></code>
									</Row>
								</Rows>
							</ConfigurationTable>
						</ConfigurationTables>
					</ServiceImplementation>
					<ServiceImplementation description=""
						handlerName="Script" name="PerformanceRailPerDayWithNumerOfCycles">
						<ConfigurationTables>
							<ConfigurationTable description="Script"
								isMultiRow="false" name="Script" ordinal="0">
								<DataShape>
									<FieldDefinitions>
										<FieldDefinition baseType="STRING"
											description="code" name="code" ordinal="0" />
									</FieldDefinitions>
								</DataShape>
								<Rows>
									<Row>
										<code><![CDATA[var location = Resources["KBThingWorxServerSystem"].GetLocationIdentifier();

logger.debug("PerformanceRailPerDayWithNumerOfCycles, location = " + location);

if (location == "MUC") {
    // result: STRING
    var DB = Resources["KBThingWorxServerSystem"].GetKPIThingWorxDatabaseThing();

    //Day
    // result: DATETIME
    var startTime = Things["KBTimeHelperThing"].GetCurrentDayStart();
    var params = {
        CalculationPeriodInMinutes: 1440 /* INTEGER */,
        StartDateTime: startTime /* DATETIME */,
        CalculateNumerOfCycles: NumerOfCycles /* INTEGER */,
        CalculationBase: "Day"
    };

    // result: NUMBER
    var result = Things[DB].CalculatePerformanceRail(params);
}
]]></code>
									</Row>
								</Rows>
							</ConfigurationTable>
						</ConfigurationTables>
					</ServiceImplementation>
					<ServiceImplementation description=""
						handlerName="Script" name="PerformanceRailPerHour">
						<ConfigurationTables>
							<ConfigurationTable description="Script"
								isMultiRow="false" name="Script" ordinal="0">
								<DataShape>
									<FieldDefinitions>
										<FieldDefinition baseType="STRING"
											description="code" name="code" ordinal="0" />
									</FieldDefinitions>
								</DataShape>
								<Rows>
									<Row>
										<code><![CDATA[var location = Resources["KBThingWorxServerSystem"].GetLocationIdentifier();

logger.debug("PerformanceRailPerHour, location = " + location);

if (location == "MUC") {

    var params = {
        NumerOfCycles: 12 /* INTEGER */
    };

    me.PerformanceRailPerHourWithNumerOfCycles(params);


}
]]></code>
									</Row>
								</Rows>
							</ConfigurationTable>
						</ConfigurationTables>
					</ServiceImplementation>
					<ServiceImplementation description=""
						handlerName="Script"
						name="PerformanceRailPerHourWithNumerOfCycles">
						<ConfigurationTables>
							<ConfigurationTable description="Script"
								isMultiRow="false" name="Script" ordinal="0">
								<DataShape>
									<FieldDefinitions>
										<FieldDefinition baseType="STRING"
											description="code" name="code" ordinal="0" />
									</FieldDefinitions>
								</DataShape>
								<Rows>
									<Row>
										<code><![CDATA[var location = Resources["KBThingWorxServerSystem"].GetLocationIdentifier();

logger.debug("PerformanceRailPerHourWithNumerOfCycles, location = " + location);

if (location == "MUC") {
    // result: STRING
    var DB = Resources["KBThingWorxServerSystem"].GetKPIThingWorxDatabaseThing();

    //Hour
    // result: DATETIME
	var startTime = Things["KBTimeHelperThing"].GetCurrentHourStart();
    var params = {
        CalculationPeriodInMinutes: 60 /* INTEGER */,
        StartDateTime: startTime /* DATETIME */,
        CalculateNumerOfCycles: NumerOfCycles /* INTEGER */,
        CalculationBase: "Hour"
    };

    // result: NUMBER
    var result = Things[DB].CalculatePerformanceRail(params);


}
]]></code>
									</Row>
								</Rows>
							</ConfigurationTable>
						</ConfigurationTables>
					</ServiceImplementation>
					<ServiceImplementation description=""
						handlerName="Script" name="PerformanceRailPerMonth">
						<ConfigurationTables>
							<ConfigurationTable description="Script"
								isMultiRow="false" name="Script" ordinal="0">
								<DataShape>
									<FieldDefinitions>
										<FieldDefinition baseType="STRING"
											description="code" name="code" ordinal="0" />
									</FieldDefinitions>
								</DataShape>
								<Rows>
									<Row>
										<code><![CDATA[var location = Resources["KBThingWorxServerSystem"].GetLocationIdentifier();

logger.debug("PerformanceRailPerMonth, location = " + location);

if (location == "MUC") {

    var params = {
        NumerOfCycles: 3 /* INTEGER */
    };

    me.PerformanceRailPerMonthWithNumerOfCycles(params);

}
]]></code>
									</Row>
								</Rows>
							</ConfigurationTable>
						</ConfigurationTables>
					</ServiceImplementation>
					<ServiceImplementation description=""
						handlerName="Script"
						name="PerformanceRailPerMonthWithNumerOfCycles">
						<ConfigurationTables>
							<ConfigurationTable description="Script"
								isMultiRow="false" name="Script" ordinal="0">
								<DataShape>
									<FieldDefinitions>
										<FieldDefinition baseType="STRING"
											description="code" name="code" ordinal="0" />
									</FieldDefinitions>
								</DataShape>
								<Rows>
									<Row>
										<code><![CDATA[var location = Resources["KBThingWorxServerSystem"].GetLocationIdentifier();

logger.debug("PerformanceRailPerMonthWithNumerOfCycles, location = " + location);



if (location == "MUC") {
    // result: STRING
    var DB = Resources["KBThingWorxServerSystem"].GetKPIThingWorxDatabaseThing();

    //Month
    // result: DATETIME
    var startMonthStart = Things["KBTimeHelperThing"].GetCurrentMonthStart();
    var startMonthEnd = dateAddMilliseconds(Things["KBTimeHelperThing"].GetCurrentMonthEnd(), 1);

    
    for (var i = 0; i<NumerOfCycles; i++) {
        
        var currentMonthStart = dateAddMonths(startMonthStart, -1*i);
        var currentMonthEnd = dateAddMonths(startMonthEnd, -1*i);
        

    
        // dateDifference(date1:DATETIME,date2:DATETIME):NUMBER
        var minutes = dateDifference(currentMonthEnd, currentMonthStart)/1000/60;
        logger.debug("PerformanceRailPerMonthWithNumerOfCycles: currentMonthStart = " + currentMonthStart);
        logger.debug("PerformanceRailPerMonthWithNumerOfCycles: currentMonthEnd = " + currentMonthEnd);
        logger.debug("PerformanceRailPerMonthWithNumerOfCycles: minutes = " + minutes);

        var params = {
            CalculationPeriodInMinutes: minutes /* INTEGER */,
            StartDateTime: currentMonthStart /* DATETIME */,
            CalculateNumerOfCycles: 1 /* INTEGER */,
            CalculationBase: "Month"
        };

        // result: NUMBER
        var result = Things[DB].CalculatePerformanceRail(params);
    }
}
]]></code>
									</Row>
								</Rows>
							</ConfigurationTable>
						</ConfigurationTables>
					</ServiceImplementation>
					<ServiceImplementation description=""
						handlerName="Script" name="PerformanceRailPerQuarter">
						<ConfigurationTables>
							<ConfigurationTable description="Script"
								isMultiRow="false" name="Script" ordinal="0">
								<DataShape>
									<FieldDefinitions>
										<FieldDefinition baseType="STRING"
											description="code" name="code" ordinal="0" />
									</FieldDefinitions>
								</DataShape>
								<Rows>
									<Row>
										<code><![CDATA[var location = Resources["KBThingWorxServerSystem"].GetLocationIdentifier();

logger.debug("PerformanceRailPerQuarter, location = " + location);

if (location == "MUC") {

    var params = {
        NumerOfCycles: 50 /* INTEGER */
    };

    me.PerformanceRailPerQuarterWithNumerOfCycles(params);

}
]]></code>
									</Row>
								</Rows>
							</ConfigurationTable>
						</ConfigurationTables>
					</ServiceImplementation>
					<ServiceImplementation description=""
						handlerName="Script"
						name="PerformanceRailPerQuarterWithNumerOfCycles">
						<ConfigurationTables>
							<ConfigurationTable description="Script"
								isMultiRow="false" name="Script" ordinal="0">
								<DataShape>
									<FieldDefinitions>
										<FieldDefinition baseType="STRING"
											description="code" name="code" ordinal="0" />
									</FieldDefinitions>
								</DataShape>
								<Rows>
									<Row>
										<code><![CDATA[var location = Resources["KBThingWorxServerSystem"].GetLocationIdentifier();

logger.debug("PerformanceRailPerQuarterWithNumerOfCycles, location = " + location);

if (location == "MUC") {
    // result: STRING
    var DB = Resources["KBThingWorxServerSystem"].GetKPIThingWorxDatabaseThing();

    //Quarter
    // result: DATETIME
    var startTime = Things["KBTimeHelperThing"].GetCurrentQuarterStart();
    var params = {
        CalculationPeriodInMinutes: 15 /* INTEGER */,
        StartDateTime: startTime /* DATETIME */,
        CalculateNumerOfCycles: NumerOfCycles /* INTEGER */,
        CalculationBase: "Quarter"
    };

    // result: NUMBER
    var result = Things[DB].CalculatePerformanceRail(params);
}
]]></code>
									</Row>
								</Rows>
							</ConfigurationTable>
						</ConfigurationTables>
					</ServiceImplementation>
					<ServiceImplementation description=""
						handlerName="Script" name="PerformanceRailPerWeek">
						<ConfigurationTables>
							<ConfigurationTable description="Script"
								isMultiRow="false" name="Script" ordinal="0">
								<DataShape>
									<FieldDefinitions>
										<FieldDefinition baseType="STRING"
											description="code" name="code" ordinal="0" />
									</FieldDefinitions>
								</DataShape>
								<Rows>
									<Row>
										<code><![CDATA[var location = Resources["KBThingWorxServerSystem"].GetLocationIdentifier();

logger.debug("PerformanceRailPerWeek, location = " + location);

if (location == "MUC") {

    var params = {
        NumerOfCycles: 3 /* INTEGER */
    };

    me.PerformanceRailPerWeekWithNumerOfCycles(params);

}
]]></code>
									</Row>
								</Rows>
							</ConfigurationTable>
						</ConfigurationTables>
					</ServiceImplementation>
					<ServiceImplementation description=""
						handlerName="Script"
						name="PerformanceRailPerWeekWithNumerOfCycles">
						<ConfigurationTables>
							<ConfigurationTable description="Script"
								isMultiRow="false" name="Script" ordinal="0">
								<DataShape>
									<FieldDefinitions>
										<FieldDefinition baseType="STRING"
											description="code" name="code" ordinal="0" />
									</FieldDefinitions>
								</DataShape>
								<Rows>
									<Row>
										<code><![CDATA[var location = Resources["KBThingWorxServerSystem"].GetLocationIdentifier();

logger.debug("PerformanceRailPerWeekWithNumerOfCycles, location = " + location);



if (location == "MUC") {
    // result: STRING
    var DB = Resources["KBThingWorxServerSystem"].GetKPIThingWorxDatabaseThing();

    //Week
    // result: DATETIME
    var startWeekStart = Things["KBTimeHelperThing"].GetCurrentWeekStart();
    var startWeekEnd = dateAddMilliseconds(Things["KBTimeHelperThing"].GetCurrentWeekEnd(), 1);

    
    for (var i = 0; i<NumerOfCycles; i++) {
        
        var currentWeekStart = dateAddDays(startWeekStart, -7*i);
        var currentWeekEnd = dateAddDays(startWeekEnd, -7*i);


    
        // dateDifference(date1:DATETIME,date2:DATETIME):NUMBER
        var minutes = dateDifference(currentWeekEnd, currentWeekStart)/1000/60;
        logger.debug("PerformanceRailPerWeekWithNumerOfCycles: currentWeekStart = " + currentWeekStart);
        logger.debug("PerformanceRailPerWeekWithNumerOfCycles: currentWeekEnd = " + currentWeekEnd);
        logger.debug("PerformanceRailPerWeekWithNumerOfCycles: minutes = " + minutes);

        var params = {
            CalculationPeriodInMinutes: minutes /* INTEGER */,
            StartDateTime: currentWeekStart /* DATETIME */,
            CalculateNumerOfCycles: 1 /* INTEGER */,
            CalculationBase: "Week"
        };

        // result: NUMBER
        var result = Things[DB].CalculatePerformanceRail(params);
    }
}
]]></code>
									</Row>
								</Rows>
							</ConfigurationTable>
						</ConfigurationTables>
					</ServiceImplementation>
					<ServiceImplementation description=""
						handlerName="Script" name="PerformanceRailPerYear">
						<ConfigurationTables>
							<ConfigurationTable description="Script"
								isMultiRow="false" name="Script" ordinal="0">
								<DataShape>
									<FieldDefinitions>
										<FieldDefinition baseType="STRING"
											description="code" name="code" ordinal="0" />
									</FieldDefinitions>
								</DataShape>
								<Rows>
									<Row>
										<code><![CDATA[var location = Resources["KBThingWorxServerSystem"].GetLocationIdentifier();

logger.debug("PerformanceRailPerYear, location = " + location);

if (location == "MUC") {

    var params = {
        NumerOfCycles: 3 /* INTEGER */
    };

    me.PerformanceRailPerYearWithNumerOfCycles(params);

}
]]></code>
									</Row>
								</Rows>
							</ConfigurationTable>
						</ConfigurationTables>
					</ServiceImplementation>
					<ServiceImplementation description=""
						handlerName="Script"
						name="PerformanceRailPerYearWithNumerOfCycles">
						<ConfigurationTables>
							<ConfigurationTable description="Script"
								isMultiRow="false" name="Script" ordinal="0">
								<DataShape>
									<FieldDefinitions>
										<FieldDefinition baseType="STRING"
											description="code" name="code" ordinal="0" />
									</FieldDefinitions>
								</DataShape>
								<Rows>
									<Row>
										<code><![CDATA[var location = Resources["KBThingWorxServerSystem"].GetLocationIdentifier();

logger.debug("PerformanceRailPerYearWithNumerOfCycles, location = " + location);



if (location == "MUC") {
    // result: STRING
    var DB = Resources["KBThingWorxServerSystem"].GetKPIThingWorxDatabaseThing();

    //Year
    // result: DATETIME
    var startYearStart = Things["KBTimeHelperThing"].GetCurrentYearStart();
    var startYearEnd = dateAddMilliseconds(Things["KBTimeHelperThing"].GetCurrentYearEnd(), 1);

    
    for (var i = 0; i<NumerOfCycles; i++) {
        
        var currentYearStart = dateAddYears(startYearStart, -1*i);
        var currentYearEnd = dateAddYears(startYearEnd, -1*i);
        

    
        // dateDifference(date1:DATETIME,date2:DATETIME):NUMBER
        var minutes = dateDifference(currentYearEnd, currentYearStart)/1000/60;
        logger.debug("PerformanceRailPerYearWithNumerOfCycles: currentYearStart = " + currentYearStart);
        logger.debug("PerformanceRailPerYearWithNumerOfCycles: currentYearEnd = " + currentYearEnd);
        logger.debug("PerformanceRailPerYearWithNumerOfCycles: minutes = " + minutes);

        var params = {
            CalculationPeriodInMinutes: minutes /* INTEGER */,
            StartDateTime: currentYearStart /* DATETIME */,
            CalculateNumerOfCycles: 1 /* INTEGER */,
            CalculationBase: "Year"
        };

        // result: NUMBER
        var result = Things[DB].CalculatePerformanceRail(params);
    }
}
]]></code>
									</Row>
								</Rows>
							</ConfigurationTable>
						</ConfigurationTables>
					</ServiceImplementation>
				</ServiceImplementations>
				<Subscriptions>
					<Subscription enabled="false" eventName="Timer"
						source="" sourceProperty="">
						<ServiceImplementation description=""
							handlerName="Script" name="Event.Timer">
							<ConfigurationTables>
								<ConfigurationTable description=""
									isMultiRow="false" name="Script" ordinal="0">
									<DataShape>
										<FieldDefinitions>
											<FieldDefinition baseType="STRING"
												description="code" name="code" ordinal="0" />
										</FieldDefinitions>
									</DataShape>
									<Rows>
										<Row>
											<code><![CDATA[var location = Resources["KBThingWorxServerSystem"].GetLocationIdentifier();

logger.debug("Event.Timer, location = " + location);

if (location == "MUC") {
	me.PerformanceRail();
}]]></code>
										</Row>
									</Rows>
								</ConfigurationTable>
							</ConfigurationTables>
						</ServiceImplementation>
					</Subscription>
				</Subscriptions>
			</ThingShape>
			<PropertyBindings />
			<RemotePropertyBindings />
			<RemoteServiceBindings />
			<RemoteEventBindings />
			<AlertConfigurations />
			<ImplementedShapes />
			<ThingProperties />
			<ConfigurationChanges>
			</ConfigurationChanges>
		</Thing>
	</Things>
</Entities>